block_index,task_id,kernel_version,model,repetition,condition_order,status,analysis_eligible_complete_block,missing_conditions,summary_path,summary_sha256,scores_path,scores_sha256
1,12971,2.6.29,Qwen3-14B,1,"B1,B2,C1,C2,D1,A,D2",complete,True,,runs\main\saner-main-v1\local-qwen3-14b\task-12971\rep-1\summary.json,71af8936714a44fef129b388d9a58a77eb4096eeba6ac0381ba5ec6b7ea4b955,runs\main\saner-main-v1\local-qwen3-14b\task-12971\rep-1\scores.json,5e4f25809f185d3d7d1c1c1e35f0946add90693fbba44097bd6d65e74d0aada7
2,12971,2.6.29,Qwen3-14B,2,"D1,A,D2,B2,C1,B1,C2",complete,True,,runs\main\saner-main-v1\local-qwen3-14b\task-12971\rep-2\summary.json,b07f1fac7224f4ef4cdd63a11c7e2c3b061b07dc3a9ee7044fc71b17febf686b,runs\main\saner-main-v1\local-qwen3-14b\task-12971\rep-2\scores.json,53942429001966d81fe1a31c53f565f7a955564ebcac973081f48008601bc9ef
3,12971,2.6.29,Qwen3-14B,3,"A,D1,C1,D2,B1,C2,B2",complete,True,,runs\main\saner-main-v1\local-qwen3-14b\task-12971\rep-3\summary.json,0ab8a809fd3c6f455bff9513067f3337c93637bfb7d12e4b259640b7a991da02,runs\main\saner-main-v1\local-qwen3-14b\task-12971\rep-3\scores.json,0751f64fe40ecff5886ab789a06bdbb3d568f8e3a6389e031aabf6bd676d9961
4,12971,2.6.29,qwen-plus-2025-12-01,1,"B1,C1,B2,D2,A,C2,D1",complete,True,,runs\main\saner-main-v1\service-qwen-plus\task-12971\rep-1\summary.json,f2aa6a8b6b7a4c253d8d0379ec34a8949929079e4ae5bdec08222afaaa9be7c7,runs\main\saner-main-v1\service-qwen-plus\task-12971\rep-1\scores.json,5ea87ebfb4cf3107c33ccb9fcbf10b6901f26b64f3ab2a37988479f8a96d9ca6
5,12971,2.6.29,qwen-plus-2025-12-01,2,"D2,A,C1,D1,B1,C2,B2",complete,True,,runs\main\saner-main-v1\service-qwen-plus\task-12971\rep-2\summary.json,7400da67b8c0ffe3205e68523291bdb7d238fcbcea9d3cc91354dd670d07b476,runs\main\saner-main-v1\service-qwen-plus\task-12971\rep-2\scores.json,968109043481727772b767adf88f65516f6f6a882736f55ab2cbeced0bc40530
6,12971,2.6.29,qwen-plus-2025-12-01,3,"B2,A,C1,D2,D1,C2,B1",complete_with_missing_evidence,False,C1,runs\main\saner-main-v1\service-qwen-plus\task-12971\rep-3\summary.json,69630c52de9be4dcf92e062780d41b0300422f8457757430b32398c794b9dde4,runs\main\saner-main-v1\service-qwen-plus\task-12971\rep-3\scores.json,daec976dd161dc25fd8210a3a31ded6201b32ca545392df9cf00b598a5c60b16
7,51141,3.6.8,Qwen3-14B,1,"A,C2,C1,B1,D2,D1,B2",complete,True,,runs\main\saner-main-v1\local-qwen3-14b\task-51141\rep-1\summary.json,a146f4d5bb45c60a6fb4bbd5c6dbb3bade32690fbe6392444a9fc202fb342056,runs\main\saner-main-v1\local-qwen3-14b\task-51141\rep-1\scores.json,9cffd23fce81caab113fe6016b0f0abb19bca067d360facdbb36ec05a28299fa
8,51141,3.6.8,Qwen3-14B,2,"C1,B1,D2,C2,D1,B2,A",complete,True,,runs\main\saner-main-v1\local-qwen3-14b\task-51141\rep-2\summary.json,3521c60f10da82c0fca7953e2b857fc7d23c1e68c45f1e20de6bdef51fd7f6a6,runs\main\saner-main-v1\local-qwen3-14b\task-51141\rep-2\scores.json,3e2d64c11982dbc64caa9d118a24ab8f10315887a67ed14681e694288659287f
9,51141,3.6.8,Qwen3-14B,3,"C1,D1,A,C2,D2,B1,B2",complete,True,,runs\main\saner-main-v1\local-qwen3-14b\task-51141\rep-3\summary.json,a3cc48c2d6c67e1cb7b323cc77dec0aed7afb1bf45aff66f79ca9e2317ead2a9,runs\main\saner-main-v1\local-qwen3-14b\task-51141\rep-3\scores.json,89a994bf81d6008552abcdb8510ba10137bfa1780e24f4cf16e54a3855024ff8
10,51141,3.6.8,qwen-plus-2025-12-01,1,"D1,B1,B2,C1,C2,A,D2",complete_with_missing_evidence,False,D1,runs\main\saner-main-v1\service-qwen-plus\task-51141\rep-1\summary.json,20fe6307b2e64215f4f2f09f48068bfb11a3b20898f652c5c714b7db503be3af,runs\main\saner-main-v1\service-qwen-plus\task-51141\rep-1\scores.json,bb2f83b876d6e7a908194df3bbdef59795383bfd5b57aca0d6ac9c607ef8f753
11,51141,3.6.8,qwen-plus-2025-12-01,2,"D2,A,C1,D1,B1,B2,C2",complete,True,,runs\main\saner-main-v1\service-qwen-plus\task-51141\rep-2\summary.json,6fccd9b1861dd9b8a8c6f83ec37cdd51f25668f70693041585984afc0e4c142f,runs\main\saner-main-v1\service-qwen-plus\task-51141\rep-2\scores.json,ae051e900ffcd8e3b02a29231fba7c2ebe06d513a926a49f1bbc71a6f80ffc25
12,51141,3.6.8,qwen-plus-2025-12-01,3,"C2,B2,B1,C1,D2,D1,A",complete,True,,runs\main\saner-main-v1\service-qwen-plus\task-51141\rep-3\summary.json,2219be43bc84b4ef334773e57268a5a4dffbb98e2cdb140691c19ddbc6ddf9da,runs\main\saner-main-v1\service-qwen-plus\task-51141\rep-3\scores.json,a132ba05e1a764d129e9cd01927f038cf60ff210cb6e5497669b0579b1dbd0a5
13,196743,4.12.8,Qwen3-14B,1,"A,B1,D1,D2,C1,C2,B2",complete,True,,runs\main\saner-main-v1\local-qwen3-14b\task-196743\rep-1\summary.json,38d699afc4b3d435a3593a6e2b548f619b3fe2bef4f718cbd11f33ebbe033d11,runs\main\saner-main-v1\local-qwen3-14b\task-196743\rep-1\scores.json,87c4d1f82d8ff5252c14759e00b12748dc14dbb9dde84a9e432d2ddf6e9ce48c
14,196743,4.12.8,Qwen3-14B,2,"C1,D2,C2,A,B2,D1,B1",complete,True,,runs\main\saner-main-v1\local-qwen3-14b\task-196743\rep-2\summary.json,3de1d7fe06007c779b3d929de0fa3f120efb75c203f9f50f791b53efff31dd6e,runs\main\saner-main-v1\local-qwen3-14b\task-196743\rep-2\scores.json,a55b154ce15b0c7bdb5c2a2a2f916c5a1c14031c478b530625a6d7f4899add5c
15,196743,4.12.8,Qwen3-14B,3,"B2,D2,C2,D1,B1,A,C1",complete,True,,runs\main\saner-main-v1\local-qwen3-14b\task-196743\rep-3\summary.json,70f3a22ddcfd73b3d4212630bd608122e7a8577c7a58628bcad218e77dfc2303,runs\main\saner-main-v1\local-qwen3-14b\task-196743\rep-3\scores.json,58aaf39f3b8762cdfd2af5272da4eb2ec6f43a1b0c7a0f2979c25b571b884eb1
16,196743,4.12.8,qwen-plus-2025-12-01,1,"C1,B1,A,D2,C2,D1,B2",complete,True,,runs\main\saner-main-v1\service-qwen-plus\task-196743\rep-1\summary.json,8cc9dcc5c2a4c582e211af876a41a71f457502d3ab9ccdf94b07e98bca8d86ca,runs\main\saner-main-v1\service-qwen-plus\task-196743\rep-1\scores.json,13a54a4f2f235e6509569a8b604e831ba9c943e49bfe2b3bdf17ac397fe77cca
17,196743,4.12.8,qwen-plus-2025-12-01,2,"C1,C2,B1,D1,A,D2,B2",complete,True,,runs\main\saner-main-v1\service-qwen-plus\task-196743\rep-2\summary.json,09eaebb98c3aa45f6d5ca44c50844acc468bd36b3da873d58537dcf8a21275f5,runs\main\saner-main-v1\service-qwen-plus\task-196743\rep-2\scores.json,029bc4da695dcacf1f308cf383390155d6b793827abf9f4cc008bab4a890ea52
18,196743,4.12.8,qwen-plus-2025-12-01,3,"D2,C1,B2,D1,B1,A,C2",complete,True,,runs\main\saner-main-v1\service-qwen-plus\task-196743\rep-3\summary.json,ef74e491880d163253ccb48baca081e32db41858737f0f45c331525f322cac29,runs\main\saner-main-v1\service-qwen-plus\task-196743\rep-3\scores.json,64c8facd68688f29bff16103669de1d48800989b4eb9565c616d7e2b92086696
19,7201,2.6.18,Qwen3-14B,1,"A,B2,D2,D1,B1,C2,C1",complete,True,,runs\main\saner-main-v1\local-qwen3-14b\task-7201\rep-1\summary.json,4d77d0b2bec7ce43e1da0fcf7bcf5127f4977fbfca378473b2035ed2c897ea29,runs\main\saner-main-v1\local-qwen3-14b\task-7201\rep-1\scores.json,ce4b6829e4bd26a8a720d8a2eac0398d9b0200dcfb342d7a7ef37a39f077876f
20,7201,2.6.18,Qwen3-14B,2,"C2,A,C1,B2,D1,D2,B1",complete,True,,runs\main\saner-main-v1\local-qwen3-14b\task-7201\rep-2\summary.json,922fd0df0242675b2f8912a4f91bbc8eb6c6d456149d489beb9182febe5616e5,runs\main\saner-main-v1\local-qwen3-14b\task-7201\rep-2\scores.json,9ee724f3ada9d1e0b70afa0b542ad9ec13b0aff06665ce93971e5b0fe1f4aac2
21,7201,2.6.18,Qwen3-14B,3,"D2,A,C1,C2,D1,B1,B2",complete,True,,runs\main\saner-main-v1\local-qwen3-14b\task-7201\rep-3\summary.json,a3703dc61d38e0a916c2b994280fd9fd44abb0508d35e3c4a006c596a43c1b8d,runs\main\saner-main-v1\local-qwen3-14b\task-7201\rep-3\scores.json,6340b6ce6a0233e2b6d28dc2916beeaf6bc9eea399071945b6902119cf230245
22,7201,2.6.18,qwen-plus-2025-12-01,1,"C2,D1,B2,A,D2,B1,C1",complete,True,,runs\main\saner-main-v1\service-qwen-plus\task-7201\rep-1\summary.json,a2d254cfed34697f77375116d22714dbc3566394ed0f152b0ced515d7ec0ae7c,runs\main\saner-main-v1\service-qwen-plus\task-7201\rep-1\scores.json,7ee416e268dc7f47fc4220440bf2f1e5f48078d60bf602a45aed44c1e6043d50
23,7201,2.6.18,qwen-plus-2025-12-01,2,"C2,D2,A,C1,B2,D1,B1",complete,True,,runs\main\saner-main-v1\service-qwen-plus\task-7201\rep-2\summary.json,c0ac056c4930427399230983eebc7b93c00fba79a80e4a44254423945b48a674,runs\main\saner-main-v1\service-qwen-plus\task-7201\rep-2\scores.json,106dbff4df48891ec14723d60430a43594c0f85ec88bc6df444459fb1b637dff
24,7201,2.6.18,qwen-plus-2025-12-01,3,"B2,C1,D1,B1,A,D2,C2",complete,True,,runs\main\saner-main-v1\service-qwen-plus\task-7201\rep-3\summary.json,9033c7290117188e5b033ad72d1d11d0c9b7e33778bd6266e34296cffd041344,runs\main\saner-main-v1\service-qwen-plus\task-7201\rep-3\scores.json,61c4f9ac129ff8f9e1a3221868ee8cfe483dcb2af11f471885f33286c7df959f
25,84561,3.16.2,Qwen3-14B,1,"B2,C2,A,D1,D2,C1,B1",complete,True,,runs\main\saner-main-v1\local-qwen3-14b\task-84561\rep-1\summary.json,26f3692086e38248e0ac104986cc4b28a43cf06b67f159c74c565f0ccdaf3d9a,runs\main\saner-main-v1\local-qwen3-14b\task-84561\rep-1\scores.json,fa2c8c59912a1ac780980d19b9824fddf19b2b081762c0a4889326a16a50d463
26,84561,3.16.2,Qwen3-14B,2,"D2,C2,A,B1,D1,C1,B2",complete,True,,runs\main\saner-main-v1\local-qwen3-14b\task-84561\rep-2\summary.json,07ec71a64d522d3b5c3505512a5a276e12b923b2b5efa528baabc5cc2faafb28,runs\main\saner-main-v1\local-qwen3-14b\task-84561\rep-2\scores.json,a3753e613b6fc630698c417dfb6e10030fdaf51aba399c11761d818300727468
27,84561,3.16.2,Qwen3-14B,3,"C2,A,B2,D2,C1,B1,D1",complete,True,,runs\main\saner-main-v1\local-qwen3-14b\task-84561\rep-3\summary.json,515ac02fd3df3834cb854ea11629debbe26a7a1477b60329e1bb5fd42ce9cf20,runs\main\saner-main-v1\local-qwen3-14b\task-84561\rep-3\scores.json,e7aadc7b7095d1e7c5a695f0cd554afc44bbb994d1ffaf0e08f1dc7f7f0e1a86
28,84561,3.16.2,qwen-plus-2025-12-01,1,"D2,C2,B2,B1,A,C1,D1",complete,True,,runs\main\saner-main-v1\service-qwen-plus\task-84561\rep-1\summary.json,727e46233d876b149e937d02bce50415c6f70f0bb473b40e6a132b80ca2e3ded,runs\main\saner-main-v1\service-qwen-plus\task-84561\rep-1\scores.json,530a837d6e664342737202baf7145fbb2bbf541353977f6a2831f593f4e9e75a
29,84561,3.16.2,qwen-plus-2025-12-01,2,"B1,D1,D2,B2,C1,A,C2",complete,True,,runs\main\saner-main-v1\service-qwen-plus\task-84561\rep-2\summary.json,f27f15a016f5b0dd229bd805a9d6d54a6b1723b6304c3dfe966aef903bd7736a,runs\main\saner-main-v1\service-qwen-plus\task-84561\rep-2\scores.json,c5d534f938e2931aff724444a7f71ffbbc8dfc15b44d495089dbf957884e2cbc
30,84561,3.16.2,qwen-plus-2025-12-01,3,"D1,C1,D2,A,C2,B1,B2",complete,True,,runs\main\saner-main-v1\service-qwen-plus\task-84561\rep-3\summary.json,d8306a871a8b0333d7ffea63f43ce891026a65c697b81c3e860536e5cc0ca91a,runs\main\saner-main-v1\service-qwen-plus\task-84561\rep-3\scores.json,be7ea93fbd50bde36bc128324f5d8c0e835b53e3b91f7fe996b34f765fd0a839
31,7462,2.6.19,Qwen3-14B,1,"C1,B2,A,B1,D1,C2,D2",complete,True,,runs\main\saner-main-v1\local-qwen3-14b\task-7462\rep-1\summary.json,4d98ef83c3b4b0c57fed59301dec521b8c40628ef4b4cfbb78f8400f50d124a9,runs\main\saner-main-v1\local-qwen3-14b\task-7462\rep-1\scores.json,ab1aa3cf1f4de14697bd66b9a918cfa1fa1ed4422c5b0c2a0041de7c8f91cc06
32,7462,2.6.19,Qwen3-14B,2,"D1,D2,C1,B2,B1,C2,A",complete,True,,runs\main\saner-main-v1\local-qwen3-14b\task-7462\rep-2\summary.json,7cf23a07499ce64298c059df8cc22178c2eafe4b086707f317da4069a2aefd5c,runs\main\saner-main-v1\local-qwen3-14b\task-7462\rep-2\scores.json,cee42e231b29379d9862f66df0909836c821c9d367ae0a11594eb6f462e1a54e
33,7462,2.6.19,Qwen3-14B,3,"C1,A,C2,D2,B1,B2,D1",complete,True,,runs\main\saner-main-v1\local-qwen3-14b\task-7462\rep-3\summary.json,fe6dc9478bae9b62cebe88ac62d073cd1342822ab5e042b723bb7cb7b2899d0c,runs\main\saner-main-v1\local-qwen3-14b\task-7462\rep-3\scores.json,33628b98b15595c32e4bd206da05eb310b4935f630074d522dab22861e6cc334
34,7462,2.6.19,qwen-plus-2025-12-01,1,"C2,B2,A,B1,D1,C1,D2",complete,True,,runs\main\saner-main-v1\service-qwen-plus\task-7462\rep-1\summary.json,978ba56b1c39c3c836378339c5719d413f5e14bf25157c6e19df395de8935f7f,runs\main\saner-main-v1\service-qwen-plus\task-7462\rep-1\scores.json,75cc802b29599bffb839bc52b8c0a1ae8987d97ffb67ede83e5288d0df5b79b5
35,7462,2.6.19,qwen-plus-2025-12-01,2,"B1,C2,D1,A,B2,D2,C1",complete,True,,runs\main\saner-main-v1\service-qwen-plus\task-7462\rep-2\summary.json,e5d9292cff521b5f02825f883f401018fa17ed630d515b09009fe37decf32df8,runs\main\saner-main-v1\service-qwen-plus\task-7462\rep-2\scores.json,b46ae03245ecfb265bd45e98f5b96d0f126914ad3e6148c7cb09db6cb090a949
36,7462,2.6.19,qwen-plus-2025-12-01,3,"D1,A,B1,D2,B2,C1,C2",complete_with_missing_evidence,False,B2,runs\main\saner-main-v1\service-qwen-plus\task-7462\rep-3\summary.json,36f833404dbbbbf4f57a88c32a782098c23bcd368b015caddd927a49418fcbdf,runs\main\saner-main-v1\service-qwen-plus\task-7462\rep-3\scores.json,ec9052fb94a6027dc8dcd13e1461145b1ad1735711124bb255eb6b365737ff2b
37,933,2.5.75,Qwen3-14B,1,"D2,C1,D1,A,C2,B2,B1",complete,True,,runs\main\saner-main-v1\local-qwen3-14b\task-933\rep-1\summary.json,ffaee3dc8279eec5d682575d8035b49f380b6cf29e9b2fd905ca757176abc1db,runs\main\saner-main-v1\local-qwen3-14b\task-933\rep-1\scores.json,8f612e2103604d3697c2770415fb454f25d0e82d95a75394aefa663e84076769
38,933,2.5.75,Qwen3-14B,2,"C1,B1,D1,B2,D2,A,C2",complete,True,,runs\main\saner-main-v1\local-qwen3-14b\task-933\rep-2\summary.json,96760130eb3e3a292b9c06b2b3376b025a8b3c858c88945a6ce997bec1cab8a7,runs\main\saner-main-v1\local-qwen3-14b\task-933\rep-2\scores.json,b1c05e974c786f2c9b3e0ab95ce1fd65440859a11b03a97a81cb23caf6448655
39,933,2.5.75,Qwen3-14B,3,"C1,B2,D1,D2,B1,A,C2",complete,True,,runs\main\saner-main-v1\local-qwen3-14b\task-933\rep-3\summary.json,9a4ad3021079c0139ff9a45fecb545b80e7fac154c6bb0288c8fb06de2990987,runs\main\saner-main-v1\local-qwen3-14b\task-933\rep-3\scores.json,fcf145b0694d3f4261f6965dc05301c70e1450ecf372d8954cb1b5702079c27b
40,933,2.5.75,qwen-plus-2025-12-01,1,"B2,A,D2,D1,B1,C1,C2",complete,True,,runs\main\saner-main-v1\service-qwen-plus\task-933\rep-1\summary.json,cf25ced2f7a6d7ac57515c6b80b9cdbd53b1f2e2dfb821d1a9471705b89c2b49,runs\main\saner-main-v1\service-qwen-plus\task-933\rep-1\scores.json,c0f42991a871e4f6dcbcdd90a4cc14f58173e8072ebfaa7945cbd0c8cb2a702a
41,933,2.5.75,qwen-plus-2025-12-01,2,"C1,C2,D2,A,B1,B2,D1",complete,True,,runs\main\saner-main-v1\service-qwen-plus\task-933\rep-2\summary.json,cdc2d85f816f787a6bf7dd128283da70cce80bb7a6be5bed44b2450e67bba9aa,runs\main\saner-main-v1\service-qwen-plus\task-933\rep-2\scores.json,be46d9c919c8dee9871a7d301b58b78dd2a8827fc7f6480a577dab842a936345
42,933,2.5.75,qwen-plus-2025-12-01,3,"B2,D1,D2,B1,C2,A,C1",complete,True,,runs\main\saner-main-v1\service-qwen-plus\task-933\rep-3\summary.json,021990beaa7f0f23686b5568deef47cff01db29157dbcaddc3d9fb426e4e77e4,runs\main\saner-main-v1\service-qwen-plus\task-933\rep-3\scores.json,8dc63e158f0a25eb9f7d8c79bafbff53aef69f3c6c9d06e2efe699b439e8e664
43,117651,4.1.15,Qwen3-14B,1,"C1,B1,D1,C2,A,D2,B2",complete,True,,runs\main\saner-main-v1\local-qwen3-14b\task-117651\rep-1\summary.json,1f77cdbe7117a27674c65386dfbc798dea3e477804e26de8d520d9af2027a9ff,runs\main\saner-main-v1\local-qwen3-14b\task-117651\rep-1\scores.json,6ae6834a8c2ff672c220b970d24d8b23341b473a4abd125413be1bf9cd337f5f
44,117651,4.1.15,Qwen3-14B,2,"D1,C2,B2,D2,B1,C1,A",complete,True,,runs\main\saner-main-v1\local-qwen3-14b\task-117651\rep-2\summary.json,a7e1a9d2fe9377c3ba0e98874c1e22bbf6761748797c13e6808c56a6ae869ef3,runs\main\saner-main-v1\local-qwen3-14b\task-117651\rep-2\scores.json,d41d8d9b9d9e77d09dbbd7df1953ec1cb19b2d5b2faeb9d061381da6319ab3c6
45,117651,4.1.15,Qwen3-14B,3,"D2,B1,C2,A,D1,B2,C1",complete,True,,runs\main\saner-main-v1\local-qwen3-14b\task-117651\rep-3\summary.json,a88f0e5382b21e4f912c3a7ba2bbbc266e2bf2643c6db42ebad4a10d1713b532,runs\main\saner-main-v1\local-qwen3-14b\task-117651\rep-3\scores.json,c972bf2b8d0c33138695628ed35944630171be7a940e4dc757932d4e46dd9d6c
46,117651,4.1.15,qwen-plus-2025-12-01,1,"D1,C1,A,B1,B2,C2,D2",complete,True,,runs\main\saner-main-v1\service-qwen-plus\task-117651\rep-1\summary.json,6516e7e6d7d7f26a1e20cd0c3c996c49e815cf8cee01eaeb69640f35ed8836a5,runs\main\saner-main-v1\service-qwen-plus\task-117651\rep-1\scores.json,fa83459d8bdcea73e493d45e00f5a1c16a002c9f936e54abffc6067727c20f1f
47,117651,4.1.15,qwen-plus-2025-12-01,2,"B1,C2,D2,A,D1,C1,B2",complete,True,,runs\main\saner-main-v1\service-qwen-plus\task-117651\rep-2\summary.json,a04d3588e15f80a379d19e9583dee5c811dc9926b79c6a67043e5630689be0aa,runs\main\saner-main-v1\service-qwen-plus\task-117651\rep-2\scores.json,a2d32fa6392740891c6a47873b546acf290335096587dca938b7b38da8dfbcca
48,117651,4.1.15,qwen-plus-2025-12-01,3,"A,C2,C1,D1,B1,B2,D2",complete,True,,runs\main\saner-main-v1\service-qwen-plus\task-117651\rep-3\summary.json,a8926ac73afe20925f558ae6a5e9506f2518db1db4b3e65255193a3c59061c53,runs\main\saner-main-v1\service-qwen-plus\task-117651\rep-3\scores.json,e2ebc5130833d6336bdada199f51e941a2b926b83b9ea238e4578415889a4f73
49,23222,2.6.36,Qwen3-14B,1,"B1,D2,B2,D1,A,C1,C2",complete,True,,runs\main\saner-main-v1\local-qwen3-14b\task-23222\rep-1\summary.json,095b5cb75ff1daf1c0ad70fbec5b4d66ee83d94d3975d32580732a3c1c8ecc75,runs\main\saner-main-v1\local-qwen3-14b\task-23222\rep-1\scores.json,3cbaabf5b93104db4ab198087defb41de105e8600b073f583b1cffbeae4aa49c
50,23222,2.6.36,Qwen3-14B,2,"C2,B1,A,D1,B2,D2,C1",complete,True,,runs\main\saner-main-v1\local-qwen3-14b\task-23222\rep-2\summary.json,935ae93b97ae52535a60758b5c7d71caa132c702cdadc361c2eb180295093dcb,runs\main\saner-main-v1\local-qwen3-14b\task-23222\rep-2\scores.json,9e253e982f65b238b5962557d5011002165bdcb372387c266b83d008537b065e
51,23222,2.6.36,Qwen3-14B,3,"D2,C1,B1,C2,D1,B2,A",complete,True,,runs\main\saner-main-v1\local-qwen3-14b\task-23222\rep-3\summary.json,659f4d825b67c5834b664cfba0a1ba0a3b0180bdc217366a64baf7a1239c4446,runs\main\saner-main-v1\local-qwen3-14b\task-23222\rep-3\scores.json,f06a588f840a13d6679999f526a040eee9787cc5981cd9b6775c5a8e5cbb3f3d
52,23222,2.6.36,qwen-plus-2025-12-01,1,"D1,C2,A,D2,B1,C1,B2",complete,True,,runs\main\saner-main-v1\service-qwen-plus\task-23222\rep-1\summary.json,7e0fe197eff318f02f91fa5c4a4dc035bf16e5fa1e130c1961f61c2bf0f13e2d,runs\main\saner-main-v1\service-qwen-plus\task-23222\rep-1\scores.json,b8b88b5faa4d16dc3c7c2d42c538fe260e17b5aaff108bf56799fe72a8c8a3a3
53,23222,2.6.36,qwen-plus-2025-12-01,2,"B1,D1,B2,A,C2,D2,C1",complete,True,,runs\main\saner-main-v1\service-qwen-plus\task-23222\rep-2\summary.json,dd2e91d8fbcaba9e65c3c9672878812c5ccc91c574622a606baf575738b02ed2,runs\main\saner-main-v1\service-qwen-plus\task-23222\rep-2\scores.json,661ed6e0b1b83a6af0c85dcedbeb4899e7891293ca54534714fe95ad4a737d5f
54,23222,2.6.36,qwen-plus-2025-12-01,3,"B1,B2,C1,C2,D2,A,D1",complete,True,,runs\main\saner-main-v1\service-qwen-plus\task-23222\rep-3\summary.json,c719d1b92e774a315dc4dd0a49591139ccae9fa30fbd05c679e276f7d0087de4,runs\main\saner-main-v1\service-qwen-plus\task-23222\rep-3\scores.json,b94f48e8e5309f753db8a81aee7e1a9c885db32a3930e300e40d9c186f53aee0
55,9751,2.6.18,Qwen3-14B,1,"B2,D1,C1,C2,D2,B1,A",complete,True,,runs\main\saner-main-v1\local-qwen3-14b\task-9751\rep-1\summary.json,42512cb94dc179cbc98277dce518f7aa72125f8e434522a77c1bfdad4634bb60,runs\main\saner-main-v1\local-qwen3-14b\task-9751\rep-1\scores.json,802d6a41fdc07de9251c86f14b1e3713e513b58b8a857020706201cd4b03e26a
56,9751,2.6.18,Qwen3-14B,2,"B2,C1,D2,A,B1,D1,C2",complete,True,,runs\main\saner-main-v1\local-qwen3-14b\task-9751\rep-2\summary.json,ca965b9c601a045beb9116be90f2819fc0d93f50f70c0cc7e96e15558439ed3c,runs\main\saner-main-v1\local-qwen3-14b\task-9751\rep-2\scores.json,8835fba92cb7a6c9844668fa57e5af1eadc99e3247ac0cedc54cdb9335c3868c
57,9751,2.6.18,Qwen3-14B,3,"D1,C2,A,D2,B2,C1,B1",complete,True,,runs\main\saner-main-v1\local-qwen3-14b\task-9751\rep-3\summary.json,a427c635879eb7b24db1b0ca0358a368653f5832a6da90f18c44bba8355bccfc,runs\main\saner-main-v1\local-qwen3-14b\task-9751\rep-3\scores.json,d433e7306a5d0eb1a881d6ec9e47422afe94d2780bacd26ba2720ce3f2c53d79
58,9751,2.6.18,qwen-plus-2025-12-01,1,"B2,C2,B1,D2,D1,C1,A",complete,True,,runs\main\saner-main-v1\service-qwen-plus\task-9751\rep-1\summary.json,b5f95424c68ab1a81fd358fa5838d55283e43f4d34f6681fe2567fab60119c5f,runs\main\saner-main-v1\service-qwen-plus\task-9751\rep-1\scores.json,ca1b6b4275381e21f267857721b26ef45ddcf7c5c711016e252cad60008f20a2
59,9751,2.6.18,qwen-plus-2025-12-01,2,"B1,C1,B2,D1,D2,C2,A",complete,True,,runs\main\saner-main-v1\service-qwen-plus\task-9751\rep-2\summary.json,09f614a85b12d2fc43c3bb036f78f4ff3b2b918b24f2e730e9ea6a59b73fdecd,runs\main\saner-main-v1\service-qwen-plus\task-9751\rep-2\scores.json,47ec2e9f271abe854b8d28ff46584fca5ea4407f6677a8afcee0bed72a304cbb
60,9751,2.6.18,qwen-plus-2025-12-01,3,"D2,D1,A,C1,B2,B1,C2",complete,True,,runs\main\saner-main-v1\service-qwen-plus\task-9751\rep-3\summary.json,c9247609b7e69655b06d6028a52571d3f69f07135a4bdcccf3afef06f52d7ab2,runs\main\saner-main-v1\service-qwen-plus\task-9751\rep-3\scores.json,6ae34e821a2fc17c1e5bedcbb9ba94c982187bf2150e7a1d0ba90748e644966c
61,3024,2.6.7,Qwen3-14B,1,"D1,B1,A,D2,C1,B2,C2",complete,True,,runs\main\saner-main-v1\local-qwen3-14b\task-3024\rep-1\summary.json,6d2fa9b950861ab909f380ce48832c5bc1fd5f835eee01cf647c88129a7c21ba,runs\main\saner-main-v1\local-qwen3-14b\task-3024\rep-1\scores.json,465963d0a66416d68ff6b33c7590d7c6fdc0ea5a66c701ed9b89a35997540e66
62,3024,2.6.7,Qwen3-14B,2,"D1,D2,C1,C2,B1,A,B2",complete,True,,runs\main\saner-main-v1\local-qwen3-14b\task-3024\rep-2\summary.json,937d38435d3788c8c2c0ade8bccbe5620e04a8a073b4dba39084f8eff2f57da6,runs\main\saner-main-v1\local-qwen3-14b\task-3024\rep-2\scores.json,5a2af355b121516813880c6f4de702298a99e3f1bf2629826a6370775c02f1ae
63,3024,2.6.7,Qwen3-14B,3,"C2,D2,A,B1,C1,B2,D1",complete,True,,runs\main\saner-main-v1\local-qwen3-14b\task-3024\rep-3\summary.json,9e7b4c42a9a027d6306c00c1c5c1b684ab2884d889511c938c9f447c3a8982c7,runs\main\saner-main-v1\local-qwen3-14b\task-3024\rep-3\scores.json,3841596562d8834d0e4ac693e654a2de0cceb95a98b1619576097e7f979bdbb8
64,3024,2.6.7,qwen-plus-2025-12-01,1,"D2,A,D1,B2,C2,B1,C1",complete,True,,runs\main\saner-main-v1\service-qwen-plus\task-3024\rep-1\summary.json,8b59a1e18cbb442d73f487d1b110f003f510eb3b3d0e597801d323f91e97d8a7,runs\main\saner-main-v1\service-qwen-plus\task-3024\rep-1\scores.json,08d5922152fa40c83918c42daa88373efb0af118715609313b89099ad933340f
65,3024,2.6.7,qwen-plus-2025-12-01,2,"A,D1,B1,B2,D2,C1,C2",complete,True,,runs\main\saner-main-v1\service-qwen-plus\task-3024\rep-2\summary.json,0cd3c3c94071c19eb098a69f068051f1743770f5bb1488642b2253fdbfd60bea,runs\main\saner-main-v1\service-qwen-plus\task-3024\rep-2\scores.json,2481bec8b62dace38e9702f216360ed00ca2cc6a4ab19acdc528a1befeb9a3e5
66,3024,2.6.7,qwen-plus-2025-12-01,3,"D1,D2,B1,B2,C1,A,C2",complete,True,,runs\main\saner-main-v1\service-qwen-plus\task-3024\rep-3\summary.json,7fc121fa0493fb86587d39f95f19c605353e03b8d6135187ecd19d018b955486,runs\main\saner-main-v1\service-qwen-plus\task-3024\rep-3\scores.json,cf9f72e6ef5efab2aec2bd1e27bd8552e51ab18a4fb9297c8bf11e54f1286cc9
67,32052,2.6.37,Qwen3-14B,1,"B2,C1,A,C2,D1,B1,D2",complete,True,,runs\main\saner-main-v1\local-qwen3-14b\task-32052\rep-1\summary.json,3d3084eaeab03a9c994d251a984e428573fbc703b2b689a6f1b012bc8ede55f6,runs\main\saner-main-v1\local-qwen3-14b\task-32052\rep-1\scores.json,092bf700415fcaaaac4246a4d4803ba8effd6be2db7ea0eff7c970e832d4101d
68,32052,2.6.37,Qwen3-14B,2,"B1,D2,C2,D1,C1,A,B2",complete,True,,runs\main\saner-main-v1\local-qwen3-14b\task-32052\rep-2\summary.json,3927d13a4a3d881cd5c4d792317627d2cc78f87ffb8cb06e65209b33233ce74f,runs\main\saner-main-v1\local-qwen3-14b\task-32052\rep-2\scores.json,bd853cdf7b07d5761405e9b4a4211ccf37b90df16b72b3305a97b704f20d7a25
69,32052,2.6.37,Qwen3-14B,3,"C1,D1,B1,B2,D2,C2,A",complete,True,,runs\main\saner-main-v1\local-qwen3-14b\task-32052\rep-3\summary.json,423103c8113ec2e26a6676385bc9d0b55df042eba76a21ff30792e156aa9cfce,runs\main\saner-main-v1\local-qwen3-14b\task-32052\rep-3\scores.json,f351b88bbb43dc74ec1f1a3e2556546dfad9c8803375ab7b991047a8198c16ad
70,32052,2.6.37,qwen-plus-2025-12-01,1,"C2,C1,D2,A,B1,B2,D1",complete,True,,runs\main\saner-main-v1\service-qwen-plus\task-32052\rep-1\summary.json,5edadfc8e5760470008fe43925d18bffbb63015028bac13700aa86a71a11baf6,runs\main\saner-main-v1\service-qwen-plus\task-32052\rep-1\scores.json,ee1c2eb08427bdf825e604f9ee47077eba779d1a942289dc38c3b2a3b114dc8d
71,32052,2.6.37,qwen-plus-2025-12-01,2,"A,B2,D1,D2,C2,C1,B1",complete,True,,runs\main\saner-main-v1\service-qwen-plus\task-32052\rep-2\summary.json,568652a3e03530a889b157c01067302759bb3390b32d90f940816b5406d67619,runs\main\saner-main-v1\service-qwen-plus\task-32052\rep-2\scores.json,34961bae60b6135f9285505f6d01e50e37a37ad652a3a96c0c7b60443ec5009b
72,32052,2.6.37,qwen-plus-2025-12-01,3,"B1,D2,A,D1,C1,B2,C2",complete,True,,runs\main\saner-main-v1\service-qwen-plus\task-32052\rep-3\summary.json,d198d2f3f27024a61e33bcc16ee3b6078de01779239d529df330b984e8f78bac,runs\main\saner-main-v1\service-qwen-plus\task-32052\rep-3\scores.json,b12f05490ae5b5655f25cde971dfadeff49336df3221900ee25d8e2fe230209f
73,12969,2.6.29,Qwen3-14B,1,"C2,B1,A,D1,D2,B2,C1",complete,True,,runs\main\saner-main-v1\local-qwen3-14b\task-12969\rep-1\summary.json,0ff967c232f2df54232a08386619d0ad78444ef9c6070602b44970de5ba1a8b9,runs\main\saner-main-v1\local-qwen3-14b\task-12969\rep-1\scores.json,604ff104240d2d2a318f928c4a1e491fc916fc426570fa78f61e5791a72c127d
74,12969,2.6.29,Qwen3-14B,2,"B1,C1,D1,D2,A,B2,C2",complete,True,,runs\main\saner-main-v1\local-qwen3-14b\task-12969\rep-2\summary.json,7518e96ae03ce8ee2aa43424c0ff3d0ac578b5e765b9a2bd0deec310374f03c1,runs\main\saner-main-v1\local-qwen3-14b\task-12969\rep-2\scores.json,060616536fae6fde6b919c6fddf64e71aacccf96ba6fbc337280a4e0289c95dd
75,12969,2.6.29,Qwen3-14B,3,"A,B1,D1,C1,D2,C2,B2",complete,True,,runs\main\saner-main-v1\local-qwen3-14b\task-12969\rep-3\summary.json,d32bde6754f8e3ff61433c5bcd5a15498f46c3a6f583e6e05f70a043bfb395c3,runs\main\saner-main-v1\local-qwen3-14b\task-12969\rep-3\scores.json,8777259f5045930e535be6d176878f1531189e65376d8cf33177efc85f736f9e
76,12969,2.6.29,qwen-plus-2025-12-01,1,"C1,B1,A,D2,B2,D1,C2",complete,True,,runs\main\saner-main-v1\service-qwen-plus\task-12969\rep-1\summary.json,0e2a6d0b7e00a95e6b20c4308a3a69560bb003c1d48fca78fd7413737a0178e5,runs\main\saner-main-v1\service-qwen-plus\task-12969\rep-1\scores.json,9c54895a675721e56614a29fa8195bd86faba0815e131bbb71f9958cf233e6e1
77,12969,2.6.29,qwen-plus-2025-12-01,2,"A,D1,C1,C2,B2,B1,D2",complete,True,,runs\main\saner-main-v1\service-qwen-plus\task-12969\rep-2\summary.json,fc8fb7f7cfbf39944ae0d94856b8105bf924536632bed06b0b9fd99df9201c79,runs\main\saner-main-v1\service-qwen-plus\task-12969\rep-2\scores.json,6d2e47a6ace3e66853c2b03a5682c818e44fc58d7b2600a3841798ff4ba3c3a3
78,12969,2.6.29,qwen-plus-2025-12-01,3,"D2,A,B2,D1,C2,B1,C1",complete,True,,runs\main\saner-main-v1\service-qwen-plus\task-12969\rep-3\summary.json,8254e17eb2625a2361126ad4b42b13746aca8db43b4c1aa32bb7ab7c28d584be,runs\main\saner-main-v1\service-qwen-plus\task-12969\rep-3\scores.json,f91400432e827fa5ca4cd7887953735e6ffa4936b28b75a827300ea247201607
79,19462,2.6.32,Qwen3-14B,1,"C1,B1,D2,B2,A,D1,C2",complete,True,,runs\main\saner-main-v1\local-qwen3-14b\task-19462\rep-1\summary.json,53b804619de73f23d9a35d4e8c15d1b57c133cc7e00d669a0633a70c61d174a3,runs\main\saner-main-v1\local-qwen3-14b\task-19462\rep-1\scores.json,7e8d45d8ab63b1f804f6089b866f107387e9a9230889b329f2830605825ebc74
80,19462,2.6.32,Qwen3-14B,2,"D2,B1,D1,A,C2,B2,C1",complete,True,,runs\main\saner-main-v1\local-qwen3-14b\task-19462\rep-2\summary.json,7b7fe2ba84b3ee2130833acf8a5639bc1cb934009f84b3999903a715b284e80f,runs\main\saner-main-v1\local-qwen3-14b\task-19462\rep-2\scores.json,44d53511a3f0c9c1e9d395ce77f53a624bda48ed47642990e982644952c8a879
81,19462,2.6.32,Qwen3-14B,3,"C2,A,D1,D2,C1,B1,B2",complete,True,,runs\main\saner-main-v1\local-qwen3-14b\task-19462\rep-3\summary.json,ae27839798372883d8c272b090a97bee0efdde7673e2658377ad7e75283b3dae,runs\main\saner-main-v1\local-qwen3-14b\task-19462\rep-3\scores.json,b5c16f990e79165d79f7e9d933863c6b6dfaa0931623f6ce09e4b01b4d17a96e
82,19462,2.6.32,qwen-plus-2025-12-01,1,"B2,D1,C2,A,B1,D2,C1",complete,True,,runs\main\saner-main-v1\service-qwen-plus\task-19462\rep-1\summary.json,c9979561f79d577ca4ea0c747fdbcff4c23b3ad3b5b29c8c8cd17a9a0378367c,runs\main\saner-main-v1\service-qwen-plus\task-19462\rep-1\scores.json,a93ed51b67dcb61ae67b56ae408addd77922b56e6a26fc3723b819315e7710b4
83,19462,2.6.32,qwen-plus-2025-12-01,2,"D1,A,C2,B1,B2,D2,C1",complete,True,,runs\main\saner-main-v1\service-qwen-plus\task-19462\rep-2\summary.json,df86aa058c155e475b9d27577437f1f9b0d712b8900ffe0d333494977d3e6927,runs\main\saner-main-v1\service-qwen-plus\task-19462\rep-2\scores.json,8f7bfb3736e5100a27314fbc678be5591d152c8ed2b95b927936618cc518dd6d
84,19462,2.6.32,qwen-plus-2025-12-01,3,"A,B2,C2,C1,D2,D1,B1",complete,True,,runs\main\saner-main-v1\service-qwen-plus\task-19462\rep-3\summary.json,3ce2d465374e1d9f196cabcdc75435ab53ee28917ab499fffed69498dc06418f,runs\main\saner-main-v1\service-qwen-plus\task-19462\rep-3\scores.json,3e5b9086f28b78aacf2a12d3243d487375bfbe4d25594f07def3650314cbcff9
85,13250,2.6.30-rc3,Qwen3-14B,1,"D2,C2,C1,A,B2,D1,B1",complete,True,,runs\main\saner-main-v1\local-qwen3-14b\task-13250\rep-1\summary.json,b0e4815ca9d4bfee24ee6440a982e15c48314c4f540ff74c804911d0bf14c608,runs\main\saner-main-v1\local-qwen3-14b\task-13250\rep-1\scores.json,db59a963b13600f22e463f6597b08e9a2cd9f8aab163756b7c3e7cb1e6b76b1a
86,13250,2.6.30-rc3,Qwen3-14B,2,"D1,C2,B1,C1,A,D2,B2",complete,True,,runs\main\saner-main-v1\local-qwen3-14b\task-13250\rep-2\summary.json,7fd7d56b44550afe1f2cc52230c7dbd3c63d127ff9e3d01d8af473f7019472bd,runs\main\saner-main-v1\local-qwen3-14b\task-13250\rep-2\scores.json,a54c48599ebd1f8239c67cf51ef8b01932b95f41c363827422457d06edae416b
87,13250,2.6.30-rc3,Qwen3-14B,3,"A,B1,D2,D1,C2,B2,C1",complete,True,,runs\main\saner-main-v1\local-qwen3-14b\task-13250\rep-3\summary.json,98114fe63e9b89b3c03fae730c59892438b9670236973f63a8eab3b62cfc0899,runs\main\saner-main-v1\local-qwen3-14b\task-13250\rep-3\scores.json,6c82a006d7b1847a64be1377275870be00e66a2a2266d3b7c9086005ed4b8a32
88,13250,2.6.30-rc3,qwen-plus-2025-12-01,1,"C1,A,D2,C2,B2,D1,B1",complete,True,,runs\main\saner-main-v1\service-qwen-plus\task-13250\rep-1\summary.json,7b5c35eba86fd28224631433efef5d1d495b2eb5dbc68c0389d47eb674ef3bb8,runs\main\saner-main-v1\service-qwen-plus\task-13250\rep-1\scores.json,096b93f081749921282043e5508fbcf77dd360f4f49c7291a424c9472ea5b530
89,13250,2.6.30-rc3,qwen-plus-2025-12-01,2,"C2,D1,B2,B1,C1,D2,A",complete,True,,runs\main\saner-main-v1\service-qwen-plus\task-13250\rep-2\summary.json,5da06c2b6d334321889803a8fcc3329a5faeddcc5e084231134a243fa452929d,runs\main\saner-main-v1\service-qwen-plus\task-13250\rep-2\scores.json,5014e6ef653cbec7cd6049743f6e96fce5c24aeb066d4fd63195802ffefb24f2
90,13250,2.6.30-rc3,qwen-plus-2025-12-01,3,"D2,B2,A,C1,B1,D1,C2",complete,True,,runs\main\saner-main-v1\service-qwen-plus\task-13250\rep-3\summary.json,294696390042a2627e8ee69d19c5802e33e13e0219d22484cad6eeb98f2fd172,runs\main\saner-main-v1\service-qwen-plus\task-13250\rep-3\scores.json,075aa0470ef4a66a4df0d27b3cc87c8c5b4bffb436fe90310a067eb94bf68ea1
91,120591,4.7-rc3,Qwen3-14B,1,"D2,B1,A,B2,C2,D1,C1",complete,True,,runs\main\saner-main-v1\local-qwen3-14b\task-120591\rep-1\summary.json,4d193de392dab137d71f94a5cbb7fdac33e9a3373c214d9dd058b4fca93b0f70,runs\main\saner-main-v1\local-qwen3-14b\task-120591\rep-1\scores.json,c7febbe85bac648828fe35a03d5c36f81be1d6cc00f94fe743f468ab4c06bba1
92,120591,4.7-rc3,Qwen3-14B,2,"D1,D2,C1,C2,B1,B2,A",complete,True,,runs\main\saner-main-v1\local-qwen3-14b\task-120591\rep-2\summary.json,baa37a015018f05ccfcb047cfbc0e99f969b61aed67290bb4aa5540110baa401,runs\main\saner-main-v1\local-qwen3-14b\task-120591\rep-2\scores.json,dad6ec83dc2f4f1be3f4a665ceae46a335dfc481adb86603c7902a7b23fc2b24
93,120591,4.7-rc3,Qwen3-14B,3,"D2,A,C1,B1,C2,D1,B2",complete,True,,runs\main\saner-main-v1\local-qwen3-14b\task-120591\rep-3\summary.json,1cb17ed0b511c36256286ba6431b66d037ece5a28738b805c5f2de4525ea83f8,runs\main\saner-main-v1\local-qwen3-14b\task-120591\rep-3\scores.json,5a960e870242b7fdbd117e39cd03a521dc9921a544b8e8764a54e1b27ed1fbc9
94,120591,4.7-rc3,qwen-plus-2025-12-01,1,"C1,B1,C2,B2,D1,A,D2",complete,True,,runs\main\saner-main-v1\service-qwen-plus\task-120591\rep-1\summary.json,9732fffee6edb4fa35fe097cdd1dde497055025bf21d10858243213f412485e4,runs\main\saner-main-v1\service-qwen-plus\task-120591\rep-1\scores.json,8b175ecc7d03c4a34bc8d314c36b7d78950e06e4844c2ace8fc02ea1a778a0e8
95,120591,4.7-rc3,qwen-plus-2025-12-01,2,"C1,C2,A,D2,B2,D1,B1",complete,True,,runs\main\saner-main-v1\service-qwen-plus\task-120591\rep-2\summary.json,867dd7dcbb7af80f4768483a6579990d1c4090899c10936aa6d0860095955df4,runs\main\saner-main-v1\service-qwen-plus\task-120591\rep-2\scores.json,3b37cfaf4c94b1a6ece69a90afcb8ebb05d0010ce01e197ad148fb22d872c347
96,120591,4.7-rc3,qwen-plus-2025-12-01,3,"D1,B2,D2,C1,B1,C2,A",complete,True,,runs\main\saner-main-v1\service-qwen-plus\task-120591\rep-3\summary.json,78c713a8cb54f9b712f6a7a9934bb0bb89f77c0958c974deeed3bb8a9141a425,runs\main\saner-main-v1\service-qwen-plus\task-120591\rep-3\scores.json,b59486d2f2f6635fd600952f55216b9651fcea9dc840d02da395f308abd20a4f
97,177311,4.8.1,Qwen3-14B,1,"C1,D1,A,B1,C2,D2,B2",complete,True,,runs\main\saner-main-v1\local-qwen3-14b\task-177311\rep-1\summary.json,9b0c6b09c78c32e3dec9cd2b8493a4ba80358a62e989bf615a19c0be29e4df04,runs\main\saner-main-v1\local-qwen3-14b\task-177311\rep-1\scores.json,63e2bc1ef71c283046283e8a3259d0fc76e445f75408ec84673b7e65ece62144
98,177311,4.8.1,Qwen3-14B,2,"D2,D1,B2,B1,A,C1,C2",complete,True,,runs\main\saner-main-v1\local-qwen3-14b\task-177311\rep-2\summary.json,609b27b19eaca4b5b22c6407cdb11484731d2468ca358ab24698b530aff57b28,runs\main\saner-main-v1\local-qwen3-14b\task-177311\rep-2\scores.json,470e9d3060bc55cddbbd39978b3a37152f49acc1736a73fa9ca4fbea4af6dd1f
99,177311,4.8.1,Qwen3-14B,3,"C2,D1,A,C1,D2,B1,B2",complete,True,,runs\main\saner-main-v1\local-qwen3-14b\task-177311\rep-3\summary.json,b657e279d9f5dac64c406cb727b5c8f5084060d929403dba668b8e314f5f35a6,runs\main\saner-main-v1\local-qwen3-14b\task-177311\rep-3\scores.json,80dd5f639b24c540aa8e00ce35214fc882aa2eaf5e57ba4077a3cd476d24efff
100,177311,4.8.1,qwen-plus-2025-12-01,1,"D1,B2,A,C2,D2,B1,C1",complete,True,,runs\main\saner-main-v1\service-qwen-plus\task-177311\rep-1\summary.json,8baa69560a474215e23eb7a7fd5e2fdbfaf980000434c526c827217a91ed079d,runs\main\saner-main-v1\service-qwen-plus\task-177311\rep-1\scores.json,f1a37baab7f2cb67c8c5aa32a537e972a913ba3831100938f710aa1541d59d9f
101,177311,4.8.1,qwen-plus-2025-12-01,2,"D1,C1,B1,D2,A,B2,C2",complete,True,,runs\main\saner-main-v1\service-qwen-plus\task-177311\rep-2\summary.json,4dbf6abac017c03c03ece39e600b007104ec4596ae961b0d2d1120e38ed41b38,runs\main\saner-main-v1\service-qwen-plus\task-177311\rep-2\scores.json,c3de5f29d4b1c25674bf271d1db871fc1afe2f9762a1984ecd4663dd955a6310
102,177311,4.8.1,qwen-plus-2025-12-01,3,"D1,A,C2,D2,B2,C1,B1",complete,True,,runs\main\saner-main-v1\service-qwen-plus\task-177311\rep-3\summary.json,69c1fa60aa803b99c13cc680253d70476b1c126c1d9cd3186c1bf22a24ea55ab,runs\main\saner-main-v1\service-qwen-plus\task-177311\rep-3\scores.json,38a3f4cb7face71bb00413111ebe985ba6597fc475bb739771e07aadb40f39e6
103,84111,3.13,Qwen3-14B,1,"B1,D2,D1,C2,A,B2,C1",complete,True,,runs\main\saner-main-v1\local-qwen3-14b\task-84111\rep-1\summary.json,4c3f42c2fd196721163b2b6e41cb90f78b57cf90d892ae10f25f5ac8a8123ac6,runs\main\saner-main-v1\local-qwen3-14b\task-84111\rep-1\scores.json,cdde630ee9a22ba3f1da50d293574d4442c0a536e86ecd96a58f707b9a2c0608
104,84111,3.13,Qwen3-14B,2,"D2,B1,A,C1,C2,D1,B2",complete,True,,runs\main\saner-main-v1\local-qwen3-14b\task-84111\rep-2\summary.json,59ffa435a0912369dbeb3eba12edd4b17c694a6a65601528ecc0a10cf7419c52,runs\main\saner-main-v1\local-qwen3-14b\task-84111\rep-2\scores.json,9459f2182c43e63af170bfa606a24bc2fa1a3ab42ea3ee8c86cb2a7b1f7ba5d3
105,84111,3.13,Qwen3-14B,3,"C2,C1,B2,D1,D2,A,B1",complete,True,,runs\main\saner-main-v1\local-qwen3-14b\task-84111\rep-3\summary.json,d9ebdeee61bb6356c37b582d3205f79614e6223a1f6d09dd2784324040684a5f,runs\main\saner-main-v1\local-qwen3-14b\task-84111\rep-3\scores.json,89327bb1c1c4d66763d9f3fa3b079c5f2f426e7001051242f5b6684e52ceeab4
106,84111,3.13,qwen-plus-2025-12-01,1,"B2,D1,C2,D2,B1,A,C1",complete,True,,runs\main\saner-main-v1\service-qwen-plus\task-84111\rep-1\summary.json,c68cae682995d071a71b74b2f05b3cab5e1bd4982fa78225f8f91dc0c589b274,runs\main\saner-main-v1\service-qwen-plus\task-84111\rep-1\scores.json,1254c69f35cc77eb3016b4dd0efe8681e63da2c71f9702e279b831778e02326a
107,84111,3.13,qwen-plus-2025-12-01,2,"B1,D1,B2,D2,C2,C1,A",complete,True,,runs\main\saner-main-v1\service-qwen-plus\task-84111\rep-2\summary.json,6974120f515f953ae7db237eb2feee3ebc17277c43e6bd8c3c1db463e6da1f9f,runs\main\saner-main-v1\service-qwen-plus\task-84111\rep-2\scores.json,26e0676e026baa82f047340cc3bfd8d3dcad2e318427870fd129f295212e4000
108,84111,3.13,qwen-plus-2025-12-01,3,"B1,C1,D1,A,C2,D2,B2",complete,True,,runs\main\saner-main-v1\service-qwen-plus\task-84111\rep-3\summary.json,ed1f478f41855c1c5f089a48096d36f7c7d043fd0566014dd20074e7f0886d27,runs\main\saner-main-v1\service-qwen-plus\task-84111\rep-3\scores.json,bf1a298bbce7aa32f9c6838fd7db3332e7660d83bbc9c8b230f859a4d4d6b0b5
109,9385,2.6.23,Qwen3-14B,1,"A,B2,C1,C2,D1,B1,D2",complete,True,,runs\main\saner-main-v1\local-qwen3-14b\task-9385\rep-1\summary.json,247f23554e2e77f1b3c09bd0dc21ce2b7d4ee807d84a037f51ddc80736415c05,runs\main\saner-main-v1\local-qwen3-14b\task-9385\rep-1\scores.json,72294078f7ef6793b1f9114af31271b030140bea9709e7d720e9786ea81ca6db
110,9385,2.6.23,Qwen3-14B,2,"C2,D1,B2,A,C1,B1,D2",complete,True,,runs\main\saner-main-v1\local-qwen3-14b\task-9385\rep-2\summary.json,cbbbf9cd74806aa0d6e08a5cdf48fc23264263684a7566290611b76482385909,runs\main\saner-main-v1\local-qwen3-14b\task-9385\rep-2\scores.json,b31f38a9418d5bad847ff46a8d707e135e0eccc8c66807ba91e13927b7d15f00
111,9385,2.6.23,Qwen3-14B,3,"D1,C2,B2,C1,A,B1,D2",complete,True,,runs\main\saner-main-v1\local-qwen3-14b\task-9385\rep-3\summary.json,9923b08a7d83a4e7ce131a9d59197f116cb08332ae8a037a7ca263538fa28413,runs\main\saner-main-v1\local-qwen3-14b\task-9385\rep-3\scores.json,df308934eff38a8fcb2324ce231e67cdbdbcd7174c6fcc7b734d648cd6b36708
112,9385,2.6.23,qwen-plus-2025-12-01,1,"C2,D1,B1,B2,D2,A,C1",complete,True,,runs\main\saner-main-v1\service-qwen-plus\task-9385\rep-1\summary.json,577bb546c8fb28043b394d0161b05fca08b1f75c9b625b3bfdd497cd9421e689,runs\main\saner-main-v1\service-qwen-plus\task-9385\rep-1\scores.json,b45c076a6581c739b5482c713389bfede81622edb21ea95367ba4448a964775f
113,9385,2.6.23,qwen-plus-2025-12-01,2,"A,B2,C2,D1,C1,D2,B1",complete,True,,runs\main\saner-main-v1\service-qwen-plus\task-9385\rep-2\summary.json,dfe7a869436614575b1d1ce19696cb5ac75268b05e0b076bf51e9580b154ca9f,runs\main\saner-main-v1\service-qwen-plus\task-9385\rep-2\scores.json,a153c6641c0bdb4da37c7dc1fadf6400b7976e0eb75f1767fa0dd4ec140ec9fa
114,9385,2.6.23,qwen-plus-2025-12-01,3,"C2,B1,D2,D1,B2,A,C1",complete,True,,runs\main\saner-main-v1\service-qwen-plus\task-9385\rep-3\summary.json,bf18fd88597b7e89c763ee7cb01fd4e2b83fa9ec025574ad8fc768aae1b3923a,runs\main\saner-main-v1\service-qwen-plus\task-9385\rep-3\scores.json,71e32c39ec694ff49371fa0c5078cb45ec5c4f7a9aac2a2c8d0b33ea5f01b1d3
115,15789,2.6.32,Qwen3-14B,1,"A,C1,C2,D1,D2,B1,B2",complete,True,,runs\main\saner-main-v1\local-qwen3-14b\task-15789\rep-1\summary.json,7955a6c2ae97d5fbf25b472d66f97966f3ca95f08f0b2b48eac5470bd2ce0519,runs\main\saner-main-v1\local-qwen3-14b\task-15789\rep-1\scores.json,5ba67b9c933bf5f8c9de858b626d4ab91d97a01f9594d1c756bdcd7a25882de4
116,15789,2.6.32,Qwen3-14B,2,"C1,B1,C2,B2,D1,D2,A",complete,True,,runs\main\saner-main-v1\local-qwen3-14b\task-15789\rep-2\summary.json,67c48dd9816a08c0e8db976b2c215533d86dc8e54e241f9d996bb64f935ce9b1,runs\main\saner-main-v1\local-qwen3-14b\task-15789\rep-2\scores.json,67ffb25d4d63721be22560e0ec2a2bb6dc89135c8dfcd273fbd45e3574df52df
117,15789,2.6.32,Qwen3-14B,3,"D1,A,B1,D2,C2,B2,C1",complete,True,,runs\main\saner-main-v1\local-qwen3-14b\task-15789\rep-3\summary.json,d4893cdcb21a5b43861aaf53b807eedc3c44765c062494f872a8af27494072e0,runs\main\saner-main-v1\local-qwen3-14b\task-15789\rep-3\scores.json,d7285dd734ceff553d54bf3191440ae2a07cd45461c313966f28d55545c0cbd0
118,15789,2.6.32,qwen-plus-2025-12-01,1,"D1,C2,D2,C1,B2,B1,A",complete,True,,runs\main\saner-main-v1\service-qwen-plus\task-15789\rep-1\summary.json,7fbc4dc22dfd590a1ad5b0dc74766581a7530918d5eaa7e0e22454167402e05d,runs\main\saner-main-v1\service-qwen-plus\task-15789\rep-1\scores.json,cb3883be283e6b27ee0ef8461a893afaf676957dea9877c61a2f6c2683d80b00
119,15789,2.6.32,qwen-plus-2025-12-01,2,"C1,D2,B1,B2,D1,A,C2",complete,True,,runs\main\saner-main-v1\service-qwen-plus\task-15789\rep-2\summary.json,6aad631905d0189fc2fca739a5ad73ec458499ecc997eb7fbaef3572bb44c05e,runs\main\saner-main-v1\service-qwen-plus\task-15789\rep-2\scores.json,d5c4dc3680b592ec55418e2a688c4a7ec496ed3ec89c27fd87ed49e5e7c1e529
120,15789,2.6.32,qwen-plus-2025-12-01,3,"B2,B1,C2,D2,C1,A,D1",complete,True,,runs\main\saner-main-v1\service-qwen-plus\task-15789\rep-3\summary.json,c83959178f3a8274d8625f049352a6905d706d6b7cc5e75f0dc57f12d89457ea,runs\main\saner-main-v1\service-qwen-plus\task-15789\rep-3\scores.json,8d0748b94f93c6860d7cb6fb860443b4d9b0b882cf77f066e2c82c6146671f8f
121,583,2.5.67,Qwen3-14B,1,"B2,D2,C2,B1,C1,A,D1",complete,True,,runs\main\saner-main-v1\local-qwen3-14b\task-583\rep-1\summary.json,ef58597b8a3a1771490723b78135f5f3a67b7de1627fec05b1dd05bf750cce3f,runs\main\saner-main-v1\local-qwen3-14b\task-583\rep-1\scores.json,2429720ef31389b56a8e619d3fbe5ee55fc341719b6b3e01553510567eefea48
122,583,2.5.67,Qwen3-14B,2,"C1,D2,D1,A,C2,B2,B1",complete,True,,runs\main\saner-main-v1\local-qwen3-14b\task-583\rep-2\summary.json,5f366d1d359428434e967acc9fe14e5ef944c721c5e6da9d7e8bcf9ebc7493ce,runs\main\saner-main-v1\local-qwen3-14b\task-583\rep-2\scores.json,3bb315a0c8a80c50d4b0400b168141539014f1571f818948fc5d6b1f0a642a85
123,583,2.5.67,Qwen3-14B,3,"A,B1,C1,D1,C2,B2,D2",complete,True,,runs\main\saner-main-v1\local-qwen3-14b\task-583\rep-3\summary.json,37e24ceea6aa18c003c938cdf5747e1d08fbd2317c0a3bade148bd69e5e61dfd,runs\main\saner-main-v1\local-qwen3-14b\task-583\rep-3\scores.json,ddd1a357922d5dba821030c7221c55fc6ddfcfdad638f7ecafc958d38d34eaad
124,583,2.5.67,qwen-plus-2025-12-01,1,"C1,D1,C2,B1,B2,A,D2",complete,True,,runs\main\saner-main-v1\service-qwen-plus\task-583\rep-1\summary.json,4e902b5ca8c8b1568da8871ef73ce617d3c2134fc511714827dcfb61d9373756,runs\main\saner-main-v1\service-qwen-plus\task-583\rep-1\scores.json,8358ea5375592c60c539d30392ab341ccfb03f2350d1c2c971aaff6cb65f1641
125,583,2.5.67,qwen-plus-2025-12-01,2,"C2,A,B2,D2,D1,C1,B1",complete,True,,runs\main\saner-main-v1\service-qwen-plus\task-583\rep-2\summary.json,f0099b0555c8d24d639af542859754e094c1b514aae79e2f001eeffb4b8b3845,runs\main\saner-main-v1\service-qwen-plus\task-583\rep-2\scores.json,27c53369cf43d2bf3e11dd8ec93a0f77da399951db6f66882a117df8092904ef
126,583,2.5.67,qwen-plus-2025-12-01,3,"D2,D1,A,B1,C2,C1,B2",complete,True,,runs\main\saner-main-v1\service-qwen-plus\task-583\rep-3\summary.json,40a956360d003e7e4d87c30132c5f7d83362aed9757c543e542e30cf012d6230,runs\main\saner-main-v1\service-qwen-plus\task-583\rep-3\scores.json,7243fb8ac79ce45e1a48a23cebf814d512820074e15fab9c59e56e2d8df1c2e1
127,9272,2.6.24-rc1,Qwen3-14B,1,"D1,B1,C2,C1,A,B2,D2",complete,True,,runs\main\saner-main-v1\local-qwen3-14b\task-9272\rep-1\summary.json,69084c648fc8788dca56cb95abe68ca2406ba1f09c41585266758c00682a0de4,runs\main\saner-main-v1\local-qwen3-14b\task-9272\rep-1\scores.json,3311b640f9cc94a3fc34de68254c74e653d2989bb4bf342fddac2ee7b04fc2fe
128,9272,2.6.24-rc1,Qwen3-14B,2,"C2,D1,D2,C1,B2,A,B1",complete,True,,runs\main\saner-main-v1\local-qwen3-14b\task-9272\rep-2\summary.json,87b62ee851ea38e91aceff30498381886d5521c52b0e07f429bfe48d28483004,runs\main\saner-main-v1\local-qwen3-14b\task-9272\rep-2\scores.json,6e2b54dcc257fde2c2e387cdc6592931b35d68a1014080f797cab28f4e5c2650
129,9272,2.6.24-rc1,Qwen3-14B,3,"A,B1,D1,D2,C2,B2,C1",complete,True,,runs\main\saner-main-v1\local-qwen3-14b\task-9272\rep-3\summary.json,dc35c7f881e148f36ffaa91ec0c68c87a2eed38bfb3a0025995c09854ce7943c,runs\main\saner-main-v1\local-qwen3-14b\task-9272\rep-3\scores.json,0dcac7666877c921dc8d76e386af7ca25572f88dc9df115d05b46ef144270dcc
130,9272,2.6.24-rc1,qwen-plus-2025-12-01,1,"D2,A,B1,B2,D1,C2,C1",complete,True,,runs\main\saner-main-v1\service-qwen-plus\task-9272\rep-1\summary.json,52f275a0204329099ff9cb1e91bd91fc912d9e52db714cd8cf57fbc72a5d6faf,runs\main\saner-main-v1\service-qwen-plus\task-9272\rep-1\scores.json,ba9057e7fa21511834f32d326fc23b08d42a553a391c4313bd8c9576c1007e95
131,9272,2.6.24-rc1,qwen-plus-2025-12-01,2,"C1,A,C2,B2,B1,D1,D2",complete,True,,runs\main\saner-main-v1\service-qwen-plus\task-9272\rep-2\summary.json,a1bc0918a6add525907c2637c584391231e87e222fad4c47c6162ae15304d328,runs\main\saner-main-v1\service-qwen-plus\task-9272\rep-2\scores.json,f92f03f504a3cd66ae90252c8695d0957fb046766203a82b9f144886595dece3
132,9272,2.6.24-rc1,qwen-plus-2025-12-01,3,"B2,B1,A,D1,C2,D2,C1",complete,True,,runs\main\saner-main-v1\service-qwen-plus\task-9272\rep-3\summary.json,6077a65b58b3906f10e2283c08ff37c2489632dc5a01df31b9405632bc0b3e0d,runs\main\saner-main-v1\service-qwen-plus\task-9272\rep-3\scores.json,4397b37fc2d6abb15ffed1911328747690115db22cdf2280cf2cb470b5e16b64
133,11154,2.6.25,Qwen3-14B,1,"D2,B1,A,B2,D1,C2,C1",complete,True,,runs\main\saner-main-v1\local-qwen3-14b\task-11154\rep-1\summary.json,6fac3197543a1a57fa99b459b58f334bea607226a683f5ddbd16a6032104c10e,runs\main\saner-main-v1\local-qwen3-14b\task-11154\rep-1\scores.json,297d5895c6c487f6e0ec80342a89e341bd59e5195d6e2c42288c92f3de35db59
134,11154,2.6.25,Qwen3-14B,2,"D1,C2,B2,A,C1,B1,D2",complete,True,,runs\main\saner-main-v1\local-qwen3-14b\task-11154\rep-2\summary.json,f9afcbbfca1ec60e118029c74628d2c939e681e3b4bfd7c7de95714fcc3d0fd1,runs\main\saner-main-v1\local-qwen3-14b\task-11154\rep-2\scores.json,c7e6929dee36c58642c2645c0ba225a3e8fbe62c8afb8bbd5573cfe652b69aea
135,11154,2.6.25,Qwen3-14B,3,"C1,D2,A,B2,B1,D1,C2",complete,True,,runs\main\saner-main-v1\local-qwen3-14b\task-11154\rep-3\summary.json,a9d633e7968cd8972d83b065694a2a8e6c732dbc81d9ea063d8689c31a8e22a5,runs\main\saner-main-v1\local-qwen3-14b\task-11154\rep-3\scores.json,675781c97e460b142f3beae78e6dccd722890e2a5baf011a9ca17da1e8be721b
136,11154,2.6.25,qwen-plus-2025-12-01,1,"D1,C2,C1,A,D2,B1,B2",complete,True,,runs\main\saner-main-v1\service-qwen-plus\task-11154\rep-1\summary.json,408a3d86e8a3f9943e88a2dd7ab1d5414fc530ef87ca0139ffc9dba98a6d6a2a,runs\main\saner-main-v1\service-qwen-plus\task-11154\rep-1\scores.json,7a6b0270588138bfe55af548478a40873434b13e0e913417bf38ce4859213fa3
137,11154,2.6.25,qwen-plus-2025-12-01,2,"B1,D2,B2,D1,C1,A,C2",complete,True,,runs\main\saner-main-v1\service-qwen-plus\task-11154\rep-2\summary.json,03beaefee98a0290f64fadbee67ba2b1a1895f2568f2f12d87a9a81e6f25dbd6,runs\main\saner-main-v1\service-qwen-plus\task-11154\rep-2\scores.json,ef13e8138fd89fd031d4e32b6a429469c4967af18f1aadc047c912c624ebe702
138,11154,2.6.25,qwen-plus-2025-12-01,3,"D1,C1,B1,C2,A,D2,B2",complete,True,,runs\main\saner-main-v1\service-qwen-plus\task-11154\rep-3\summary.json,f14456fdaafb7b079868e464d974aae86c375e1e84c4c5061de1ec90fa424c80,runs\main\saner-main-v1\service-qwen-plus\task-11154\rep-3\scores.json,794f9935233ad69a8f75a4a02a2422a28cd01fed94c9e8bf5aa815e3e85b8ede
139,2200,2.6.2,Qwen3-14B,1,"B1,B2,C1,D2,C2,D1,A",complete,True,,runs\main\saner-main-v1\local-qwen3-14b\task-2200\rep-1\summary.json,bce1b33d73d54825dd00cbdb012d9c9e9434d4adb5d7adeeb5a77dbea2cdb5a8,runs\main\saner-main-v1\local-qwen3-14b\task-2200\rep-1\scores.json,5a7d88315de161a4aaabeeda41fc49b3bb06f952948e4f08381b00c176667e30
140,2200,2.6.2,Qwen3-14B,2,"B1,A,C2,D2,B2,C1,D1",complete,True,,runs\main\saner-main-v1\local-qwen3-14b\task-2200\rep-2\summary.json,cdcfd686a8bf8654269dba5ab1ebba50d355888f601fae1e1491ca8555cc7e07,runs\main\saner-main-v1\local-qwen3-14b\task-2200\rep-2\scores.json,026b3e6c3e98177a7808e06d7093a8edc79c3b23f03343682f8fcc8f78bfa081
141,2200,2.6.2,Qwen3-14B,3,"A,D1,B1,B2,D2,C1,C2",complete,True,,runs\main\saner-main-v1\local-qwen3-14b\task-2200\rep-3\summary.json,5095144bd71e788b6ca7c9bea517b15b75622ca5c2a615d4ce5e858d9ef56d9b,runs\main\saner-main-v1\local-qwen3-14b\task-2200\rep-3\scores.json,9a83ba1f45f177fa06060d22a6eb24fd6390c858236eeda69cd0c0c747bd6774
142,2200,2.6.2,qwen-plus-2025-12-01,1,"B1,D1,B2,C1,D2,A,C2",complete,True,,runs\main\saner-main-v1\service-qwen-plus\task-2200\rep-1\summary.json,c733496dfed47092f18fe7be75e133b27f7e7bb7c2ad3bc9729a6239d1f02dd0,runs\main\saner-main-v1\service-qwen-plus\task-2200\rep-1\scores.json,2466c8cfb1c4675fed5a847347f1a18fb5f5bd5b4a32d319a4adf2de7c9299c5
143,2200,2.6.2,qwen-plus-2025-12-01,2,"C1,B2,C2,D2,D1,A,B1",complete,True,,runs\main\saner-main-v1\service-qwen-plus\task-2200\rep-2\summary.json,e66215c341e1c12f04338b625b7ee02b6a54260d4a87ab1171f825146f659c26,runs\main\saner-main-v1\service-qwen-plus\task-2200\rep-2\scores.json,11e03e102c35cb9d6043f1ef3b7f1b17d012abcc585d4d12f0bc38c3eadb5351
144,2200,2.6.2,qwen-plus-2025-12-01,3,"C2,A,C1,B1,D2,D1,B2",complete,True,,runs\main\saner-main-v1\service-qwen-plus\task-2200\rep-3\summary.json,f38b421c2b88b292d1008909bd76a041c51b79e683eccae31f0ee83c1f4d89cf,runs\main\saner-main-v1\service-qwen-plus\task-2200\rep-3\scores.json,6933ba73e3b92981d45092704667d8e123a58424b95210ec7dba46031558cbad
145,7950,2.6.20,Qwen3-14B,1,"C1,C2,B2,D2,D1,B1,A",complete,True,,runs\main\saner-main-v1\local-qwen3-14b\task-7950\rep-1\summary.json,a4b630ef88090609185037e0694bd04f59b8f5d89fd7fc6dcc2d88ac23f37a2a,runs\main\saner-main-v1\local-qwen3-14b\task-7950\rep-1\scores.json,e93c23bf1b284375d3f76f4e480debc92e70ad2eee9c83efcc0a2136737f7262
146,7950,2.6.20,Qwen3-14B,2,"D2,C1,B2,D1,A,C2,B1",complete,True,,runs\main\saner-main-v1\local-qwen3-14b\task-7950\rep-2\summary.json,6ac30a45112bb12d1dd014d54a35f00038f2dec2c2dde2a7fc6d88fa8653070f,runs\main\saner-main-v1\local-qwen3-14b\task-7950\rep-2\scores.json,a7afa7320814074444125b5f0752c6e9b3e117f6e7ed2dc0da734a70654ef67d
147,7950,2.6.20,Qwen3-14B,3,"A,B2,D1,D2,B1,C2,C1",complete,True,,runs\main\saner-main-v1\local-qwen3-14b\task-7950\rep-3\summary.json,a6e4d1d45d73cd3c27a31a9d1bc6b8684ef4e3d5ac3a51d42de4e424c41a6467,runs\main\saner-main-v1\local-qwen3-14b\task-7950\rep-3\scores.json,948514f29bf865b4441bd6f563d7a016e0643dc7e0cda4094f7c26aab5f7bc01
148,7950,2.6.20,qwen-plus-2025-12-01,1,"C2,A,D1,C1,D2,B2,B1",complete,True,,runs\main\saner-main-v1\service-qwen-plus\task-7950\rep-1\summary.json,633436c5a2c4239492c55f982bc2c04d7706c70a74462a43f6856a4dcf89d94c,runs\main\saner-main-v1\service-qwen-plus\task-7950\rep-1\scores.json,38499a9cb8ac364dd6c796e045712fa78e18e3854c406f96e3b5f991f67e527d
149,7950,2.6.20,qwen-plus-2025-12-01,2,"D2,B1,B2,D1,C2,C1,A",complete,True,,runs\main\saner-main-v1\service-qwen-plus\task-7950\rep-2\summary.json,92fe763d6c3c29154047c3b0135bc65860062e6300e16de87d07b183b2f27944,runs\main\saner-main-v1\service-qwen-plus\task-7950\rep-2\scores.json,88961574c6f1799430f1e04b0f37f53cfaa76c44162ff5a9e7afa24a3cdcbafc
150,7950,2.6.20,qwen-plus-2025-12-01,3,"A,D1,B1,B2,D2,C1,C2",complete,True,,runs\main\saner-main-v1\service-qwen-plus\task-7950\rep-3\summary.json,8ef8533c4276a4263f81c4ee1fc0667514f6b5a1185b7e74231ba1ba410688df,runs\main\saner-main-v1\service-qwen-plus\task-7950\rep-3\scores.json,3e256337a779fd3c76b164697ba1e52642c216e5be328d067de0c70c4dc1dea4
151,12592,2.6.29-rc3,Qwen3-14B,1,"D2,C1,B2,B1,D1,A,C2",complete,True,,runs\main\saner-main-v1\local-qwen3-14b\task-12592\rep-1\summary.json,2735052a4c78683cbde0bc1bcb650047b331eda19874bbfb6be736da4f2b0649,runs\main\saner-main-v1\local-qwen3-14b\task-12592\rep-1\scores.json,365a6428511cb3fd43f36ec05d6ca5232d093911e790534858959b4d2fe29fd3
152,12592,2.6.29-rc3,Qwen3-14B,2,"A,C2,B2,D1,B1,C1,D2",complete,True,,runs\main\saner-main-v1\local-qwen3-14b\task-12592\rep-2\summary.json,571a186f65cbb91804cbcf4dd7095c4473627a0849dd5e6a89e3e38b386699dd,runs\main\saner-main-v1\local-qwen3-14b\task-12592\rep-2\scores.json,d84b8fc4a2dbdfc2c49a38bfd38c2052ecb3fe7885d8743640c1424f54a3f596
153,12592,2.6.29-rc3,Qwen3-14B,3,"A,C1,D1,B2,D2,C2,B1",complete,True,,runs\main\saner-main-v1\local-qwen3-14b\task-12592\rep-3\summary.json,653e2873de5ca3f7c171261b9bb5f8d16a7eb6761906011ebff9e4b69092c7a1,runs\main\saner-main-v1\local-qwen3-14b\task-12592\rep-3\scores.json,05193bff649123793eb2ad0c7d2bd4a47d4c111da8ee758fbfb5e8b6be739535
154,12592,2.6.29-rc3,qwen-plus-2025-12-01,1,"D1,D2,A,C2,B2,B1,C1",complete,True,,runs\main\saner-main-v1\service-qwen-plus\task-12592\rep-1\summary.json,0186400049741218dab3617b1f5f365dd90cce55dffdc34011e169b057660b0d,runs\main\saner-main-v1\service-qwen-plus\task-12592\rep-1\scores.json,34ab2978a42c2170630eb72ec74f1754666da9f45fb2e467dde690c83cb6d9b0
155,12592,2.6.29-rc3,qwen-plus-2025-12-01,2,"C1,D2,B2,B1,D1,C2,A",complete,True,,runs\main\saner-main-v1\service-qwen-plus\task-12592\rep-2\summary.json,3b75195b0abe4743794d1618a466fa6302ed11645e06702fa40085b7cc2983a4,runs\main\saner-main-v1\service-qwen-plus\task-12592\rep-2\scores.json,492c47f45d258615f18733e799fe7e4360e149cd5c520a97235532e11d6a3e43
156,12592,2.6.29-rc3,qwen-plus-2025-12-01,3,"A,D2,C1,B2,B1,C2,D1",complete,True,,runs\main\saner-main-v1\service-qwen-plus\task-12592\rep-3\summary.json,53e162ea5341e1c562e724a7c67a69bcac44c88ebf31526dae68b7c45f39727e,runs\main\saner-main-v1\service-qwen-plus\task-12592\rep-3\scores.json,dd7012ac33b872608b3c99190bc8c4ddb9cbeff69cfb6e4a480a971fb7c5f839
157,13348,2.6.29,Qwen3-14B,1,"D1,A,C2,B2,B1,D2,C1",complete,True,,runs\main\saner-main-v1\local-qwen3-14b\task-13348\rep-1\summary.json,5aaf0f2f909f5f5b1901dd93b7c7b6b1c5b63e5292e8ab9c3a8392799b3f0acc,runs\main\saner-main-v1\local-qwen3-14b\task-13348\rep-1\scores.json,c7a98d55be6c60ad0e75ebc9d21da9e426069dffde5f5ff471c658e636bdf9e9
158,13348,2.6.29,Qwen3-14B,2,"A,D2,C1,D1,B1,B2,C2",complete,True,,runs\main\saner-main-v1\local-qwen3-14b\task-13348\rep-2\summary.json,d98a0164d891b5f05daef5b7fb7bd52e1c4334c4e95a814b09042aedb3d99ca9,runs\main\saner-main-v1\local-qwen3-14b\task-13348\rep-2\scores.json,1ba9e371ef324f6fd80985024c1d2b5ea1b3e791af9d099a1f1f62e3ad1751ed
159,13348,2.6.29,Qwen3-14B,3,"C1,D2,D1,B2,B1,C2,A",complete,True,,runs\main\saner-main-v1\local-qwen3-14b\task-13348\rep-3\summary.json,bf15ace21ee8085dcb59d8f2a1cf96d84e76d3b25d8a91234b9ef1d4ecbe694a,runs\main\saner-main-v1\local-qwen3-14b\task-13348\rep-3\scores.json,d47c5de8908e7a78991d309a079637ea481abd986c31e56207b087ad814a2b16
160,13348,2.6.29,qwen-plus-2025-12-01,1,"D1,B1,C2,C1,D2,A,B2",complete,True,,runs\main\saner-main-v1\service-qwen-plus\task-13348\rep-1\summary.json,2ab5f160be31f0dc5fc86f9827af28985fbc77347758c2528c5d1a3346e97d3c,runs\main\saner-main-v1\service-qwen-plus\task-13348\rep-1\scores.json,1f6cd2432e2b4fc78dba10d0d836253beae1d2b582ed7b539fd77e786ff6b309
161,13348,2.6.29,qwen-plus-2025-12-01,2,"C1,B2,B1,D2,D1,C2,A",complete,True,,runs\main\saner-main-v1\service-qwen-plus\task-13348\rep-2\summary.json,76c4e8ee6d93ccef7b8b69110ae738f99b7f2531be73e3ada45a8af203afbf5e,runs\main\saner-main-v1\service-qwen-plus\task-13348\rep-2\scores.json,3c890b954c7400bd83def3405555a04b947cd09be3dfd4ecd9c78a95dfe8c248
162,13348,2.6.29,qwen-plus-2025-12-01,3,"D1,B2,C1,A,C2,D2,B1",complete,True,,runs\main\saner-main-v1\service-qwen-plus\task-13348\rep-3\summary.json,4cf1ed54a56eca291f6fa80b8f1ddcc4218fe443b2740290968f40434bbdb5d0,runs\main\saner-main-v1\service-qwen-plus\task-13348\rep-3\scores.json,752308e162138080db350390b3d38fa0dab4ecc5ce37ccc7d6513f6c9c61c8a7
163,15908,2.6.34-rc6,Qwen3-14B,1,"D1,C2,C1,B1,A,B2,D2",complete,True,,runs\main\saner-main-v1\local-qwen3-14b\task-15908\rep-1\summary.json,546ce850066a43da9f44bf831be7b47d960643dadcbe7fe669f05500c65f93e9,runs\main\saner-main-v1\local-qwen3-14b\task-15908\rep-1\scores.json,2d4cffe18d9505ce783366310d58f26a6cbdff4d9e421ab3630cd34c57262d4a
164,15908,2.6.34-rc6,Qwen3-14B,2,"B2,B1,C1,D1,D2,C2,A",complete,True,,runs\main\saner-main-v1\local-qwen3-14b\task-15908\rep-2\summary.json,dcbaa4dd2ebc510decd5099d8bf5e7203098885a708cc00d688bc4e701f42205,runs\main\saner-main-v1\local-qwen3-14b\task-15908\rep-2\scores.json,e57d7bf06b43505cd50fbcaf942795f870f9a48a6a4b74f0a95c155d9eb0c4ca
165,15908,2.6.34-rc6,Qwen3-14B,3,"D1,B1,C1,B2,C2,D2,A",complete,True,,runs\main\saner-main-v1\local-qwen3-14b\task-15908\rep-3\summary.json,b6acf0ebd2e67629b833413a899ba3985c35c6a8db8047901c205dd8ae3f7a71,runs\main\saner-main-v1\local-qwen3-14b\task-15908\rep-3\scores.json,afc263ee068cc9c02bc692837bd7df0a3fe8c351d7d3678cf2f12e2ad44a4759
166,15908,2.6.34-rc6,qwen-plus-2025-12-01,1,"A,D2,C2,B1,D1,C1,B2",complete,True,,runs\main\saner-main-v1\service-qwen-plus\task-15908\rep-1\summary.json,b28238fe2bbdec00e36da742c00dd585ba36abd31cc2529e901b9ed639f62f0c,runs\main\saner-main-v1\service-qwen-plus\task-15908\rep-1\scores.json,2584e7840e779cc6825a002aa5046ae3b1599c870eff578d0a03cd605d2605b3
167,15908,2.6.34-rc6,qwen-plus-2025-12-01,2,"B2,D2,B1,C1,C2,A,D1",complete,True,,runs\main\saner-main-v1\service-qwen-plus\task-15908\rep-2\summary.json,818989c1b71acec0dead5911c8fdcacdfe3d8a9649800ad2fc7d87fc5f0bb0b3,runs\main\saner-main-v1\service-qwen-plus\task-15908\rep-2\scores.json,979dfc1742e15ceabd1aa5337466684702526b0ea5eb1918e4f51dcfe6f5a754
168,15908,2.6.34-rc6,qwen-plus-2025-12-01,3,"A,D1,C2,D2,C1,B2,B1",complete,True,,runs\main\saner-main-v1\service-qwen-plus\task-15908\rep-3\summary.json,3fd1c735f1a0ac238b5a59076e89f89f6b1e34d10c870782bbb1a72addf7127b,runs\main\saner-main-v1\service-qwen-plus\task-15908\rep-3\scores.json,74a21f84a6c21edcc4db681529fe125bf77db1e2f5c00e7bf6ffe0c3d9dde02e
169,8535,2.6.23-rc1,Qwen3-14B,1,"C1,B1,B2,D2,C2,D1,A",complete,True,,runs\main\saner-main-v1\local-qwen3-14b\task-8535\rep-1\summary.json,f3c4ea1edf6f7feace4aff93ef44e4949a018168e022f22836c6fa03d76a4797,runs\main\saner-main-v1\local-qwen3-14b\task-8535\rep-1\scores.json,a000e056925364fafb3d13eedb647236e52db937ea95d701afea277a49b34b42
170,8535,2.6.23-rc1,Qwen3-14B,2,"A,C1,C2,D2,B2,D1,B1",complete,True,,runs\main\saner-main-v1\local-qwen3-14b\task-8535\rep-2\summary.json,664a15c9d29e7123e4187de8c9d37158f89b9565a64dc7a83c53a3e2c348594c,runs\main\saner-main-v1\local-qwen3-14b\task-8535\rep-2\scores.json,b48541e65f778f89cb000f37b897b84f3be17edb0255c24b2f17d78978e1784e
171,8535,2.6.23-rc1,Qwen3-14B,3,"D2,C2,D1,C1,B2,A,B1",complete,True,,runs\main\saner-main-v1\local-qwen3-14b\task-8535\rep-3\summary.json,5b30dfea0c55bbe21f81896273d25080d0842989a513e781443c8a2095135225,runs\main\saner-main-v1\local-qwen3-14b\task-8535\rep-3\scores.json,f9efa0f20d5136eb2a7b801a10715eff587d6f700c0a6a0f6efca5c4210d6c01
172,8535,2.6.23-rc1,qwen-plus-2025-12-01,1,"B2,D1,C2,B1,C1,A,D2",complete,True,,runs\main\saner-main-v1\service-qwen-plus\task-8535\rep-1\summary.json,3b483ebb2b82f9c75d174345b54ed9cdd959f95fb4c8b9350fa5cecbffd6687b,runs\main\saner-main-v1\service-qwen-plus\task-8535\rep-1\scores.json,f08c207e7f5964385f1a9a63dc5141cc5c1f21ef4f3163663bc739990f0c1f57
173,8535,2.6.23-rc1,qwen-plus-2025-12-01,2,"D2,B2,C1,B1,A,D1,C2",complete,True,,runs\main\saner-main-v1\service-qwen-plus\task-8535\rep-2\summary.json,9a258a3d4ca7acba15842725eff44c3d07eee4048997484bb7f04134cb5a3ff0,runs\main\saner-main-v1\service-qwen-plus\task-8535\rep-2\scores.json,51f79ee9eec491ef431b349bbfd8aa074f8fccb42dc03aef42d570297ecc7265
174,8535,2.6.23-rc1,qwen-plus-2025-12-01,3,"B1,D1,C2,A,C1,D2,B2",complete,True,,runs\main\saner-main-v1\service-qwen-plus\task-8535\rep-3\summary.json,1685642748ead6761f36d3d167853169974f906791c9752992790ac846ed0218,runs\main\saner-main-v1\service-qwen-plus\task-8535\rep-3\scores.json,1df945e397e5f87e8c7e7510f8807871b04f282a71d9d5e2dae898908df409ad
175,90521,3.19-rc2,Qwen3-14B,1,"C2,D1,B2,D2,B1,C1,A",complete,True,,runs\main\saner-main-v1\local-qwen3-14b\task-90521\rep-1\summary.json,23d1829690f9ee03690aeb39d5f3d6f821e677ebf28cb548242f23df71b6e175,runs\main\saner-main-v1\local-qwen3-14b\task-90521\rep-1\scores.json,f4497c80950a0a37f10fdfa4fadb3154ae5d8c1373a323deef130d0647400e07
176,90521,3.19-rc2,Qwen3-14B,2,"A,B2,D1,C2,B1,C1,D2",complete,True,,runs\main\saner-main-v1\local-qwen3-14b\task-90521\rep-2\summary.json,3f9db12a2c4ef0ece86c142a3b6a5088e3ed1a41149a7883dad96d4c8b18e9c9,runs\main\saner-main-v1\local-qwen3-14b\task-90521\rep-2\scores.json,510582674ddebcdd803d653ea329f1c998c791731cf6e219a0c775b8b317c989
177,90521,3.19-rc2,Qwen3-14B,3,"D1,C1,C2,A,B1,B2,D2",complete,True,,runs\main\saner-main-v1\local-qwen3-14b\task-90521\rep-3\summary.json,0cbc674188e3477647cf69b2ec4b786b7989d3ef4c98cff24d36b26fe0fd39a6,runs\main\saner-main-v1\local-qwen3-14b\task-90521\rep-3\scores.json,e2bc8f14f90f33d52bc19323aa8892c71965961e0bd2fab5f02fb613889db18c
178,90521,3.19-rc2,qwen-plus-2025-12-01,1,"D1,C1,B1,B2,A,D2,C2",complete,True,,runs\main\saner-main-v1\service-qwen-plus\task-90521\rep-1\summary.json,8056fd81ab2510830e18a9c904eef291537d7c5ae1b4d99e3d0227d5800b1164,runs\main\saner-main-v1\service-qwen-plus\task-90521\rep-1\scores.json,90263dd778596c95101e99642660ded536f37e830690084f696f5096029ae880
179,90521,3.19-rc2,qwen-plus-2025-12-01,2,"C2,C1,A,D1,D2,B2,B1",complete,True,,runs\main\saner-main-v1\service-qwen-plus\task-90521\rep-2\summary.json,645e3f580a7c4a45ee458dff76d8cdd021faad4c23e3050e71981e6922ddd74b,runs\main\saner-main-v1\service-qwen-plus\task-90521\rep-2\scores.json,70be9ddf9982adba80332a0d9e2f10bc84ee5b31d1ebc8e6440d71f178b15015
180,90521,3.19-rc2,qwen-plus-2025-12-01,3,"C2,C1,A,B2,B1,D1,D2",complete,True,,runs\main\saner-main-v1\service-qwen-plus\task-90521\rep-3\summary.json,d8d88d3dad848d77d0b734eea166164b9c2d2e669c6249ff2b4fc3060834481c,runs\main\saner-main-v1\service-qwen-plus\task-90521\rep-3\scores.json,b705a71c21b9b566e05c1bd527f8093df25204eb7adf73dcae869f99a1cb9022
181,11331,2.6.26,Qwen3-14B,1,"C1,A,B2,B1,C2,D2,D1",complete,True,,runs\main\saner-main-v1\local-qwen3-14b\task-11331\rep-1\summary.json,f5576760d184e07089197d6eee44c3d918f30df695e9f84736d9c6e2f1e304b7,runs\main\saner-main-v1\local-qwen3-14b\task-11331\rep-1\scores.json,2cbfefb2f2d8ecaa911be09f4add717c8308ca2d2111ac17125c7c3b3c96d8e0
182,11331,2.6.26,Qwen3-14B,2,"D2,C2,B2,A,D1,C1,B1",complete,True,,runs\main\saner-main-v1\local-qwen3-14b\task-11331\rep-2\summary.json,7042fe6e88189e0e8760d2f1300fc08b2f03c44719022e96ee07a29d4a0687ac,runs\main\saner-main-v1\local-qwen3-14b\task-11331\rep-2\scores.json,795f9addd52090209f189929e06c7159e811a3a1b4ae9f88201ad210164c2e0e
183,11331,2.6.26,Qwen3-14B,3,"D2,C1,D1,B2,C2,B1,A",complete,True,,runs\main\saner-main-v1\local-qwen3-14b\task-11331\rep-3\summary.json,3eecd877f81d1ef4da4a701bac19a25000b637e456066a248ded51d62fe80438,runs\main\saner-main-v1\local-qwen3-14b\task-11331\rep-3\scores.json,2b182ce706a4f7a105d39b43fcde53a0cf3b6904a9cede0b9c3d009ec602dea1
184,11331,2.6.26,qwen-plus-2025-12-01,1,"D2,D1,B2,C2,A,C1,B1",complete,True,,runs\main\saner-main-v1\service-qwen-plus\task-11331\rep-1\summary.json,5a547eda57a2a63589588565ed2a701dae038b38617f520e4bd9120d195e927a,runs\main\saner-main-v1\service-qwen-plus\task-11331\rep-1\scores.json,461a518739f60581a6ca41002e367140d7a61c1f7c73f335476c80912e4cc62c
185,11331,2.6.26,qwen-plus-2025-12-01,2,"C2,A,D1,C1,D2,B1,B2",complete,True,,runs\main\saner-main-v1\service-qwen-plus\task-11331\rep-2\summary.json,feb2f6435f8036cff43290b8a65f6f2b7b7ad5e48a8fd5f175a172abadab942a,runs\main\saner-main-v1\service-qwen-plus\task-11331\rep-2\scores.json,bf73c35a17950b34acfd1ce923d9873f6abfa8f886e74c01933ad4dd0da79705
186,11331,2.6.26,qwen-plus-2025-12-01,3,"B2,C2,A,B1,D2,C1,D1",complete,True,,runs\main\saner-main-v1\service-qwen-plus\task-11331\rep-3\summary.json,b46dfd46aa72f9054f5f621333a0a868db2f0a4af1ea21c2ed31519646590d37,runs\main\saner-main-v1\service-qwen-plus\task-11331\rep-3\scores.json,8fe9f7b2e23346f3665579df39a12ea7a003b9bbacb6a8f142ebb4777883df0c
187,15788,2.6.34-rc2,Qwen3-14B,1,"B2,B1,D1,D2,C1,C2,A",complete,True,,runs\main\saner-main-v1\local-qwen3-14b\task-15788\rep-1\summary.json,b4a14245787f131be67161d7aaba595617aab302466366900323e124a3a4b3a7,runs\main\saner-main-v1\local-qwen3-14b\task-15788\rep-1\scores.json,be75fecf034c8d9d28091c8243f4108d8ca0e1eead9268a0c961ea4f5a6f3e25
188,15788,2.6.34-rc2,Qwen3-14B,2,"C2,B2,C1,A,B1,D2,D1",complete,True,,runs\main\saner-main-v1\local-qwen3-14b\task-15788\rep-2\summary.json,42f3de7254777fedda294c6632b31e957eb26bb68e59fb4e956fbae7d7f20d0d,runs\main\saner-main-v1\local-qwen3-14b\task-15788\rep-2\scores.json,43ee419ec963c2a4319e9b33d066e5905f579dd2bd731f988b13ae4c119a2c88
189,15788,2.6.34-rc2,Qwen3-14B,3,"D1,B1,D2,C1,B2,A,C2",complete,True,,runs\main\saner-main-v1\local-qwen3-14b\task-15788\rep-3\summary.json,7b164724951249d85605cac1525c060558e6c7111902e79d9d3cef030f154c93,runs\main\saner-main-v1\local-qwen3-14b\task-15788\rep-3\scores.json,98cc9a41c5740d4fb6062f64c601a374b3c5c59182c605914507a9fcc0c2fb41
190,15788,2.6.34-rc2,qwen-plus-2025-12-01,1,"D2,C2,B2,B1,D1,A,C1",complete,True,,runs\main\saner-main-v1\service-qwen-plus\task-15788\rep-1\summary.json,3b2d9f7d77c75c2d3198ddebe1b79ea9859d85609f25c4e15761aebecdfea23e,runs\main\saner-main-v1\service-qwen-plus\task-15788\rep-1\scores.json,9770c328fd7d3d35a3740718e6b11929283de4186529bc9387bf13d76f32f34c
191,15788,2.6.34-rc2,qwen-plus-2025-12-01,2,"A,D1,D2,B2,C1,B1,C2",complete,True,,runs\main\saner-main-v1\service-qwen-plus\task-15788\rep-2\summary.json,6eb99fb5c0b6ba50aae1c0e7ef767d51b22bc005c72d5dfde79d08263e0d06ea,runs\main\saner-main-v1\service-qwen-plus\task-15788\rep-2\scores.json,a652919ee3d37fad4510d514b67b212ecc86ca2164c98bfd6c6ccbe1c5d50c82
192,15788,2.6.34-rc2,qwen-plus-2025-12-01,3,"B1,D2,C1,D1,C2,A,B2",complete,True,,runs\main\saner-main-v1\service-qwen-plus\task-15788\rep-3\summary.json,2acc5f9bf65f29aee9d475b6eb3837336a454bc6f665d5b2cfdbbc5e0f78a712,runs\main\saner-main-v1\service-qwen-plus\task-15788\rep-3\scores.json,9aa258e19fded9c7f87b9f2654d29a70b0973757d9623ccde95de47f3b526dc6
193,15903,2.6.34-rc6,Qwen3-14B,1,"B1,B2,C1,D2,D1,A,C2",complete,True,,runs\main\saner-main-v1\local-qwen3-14b\task-15903\rep-1\summary.json,32bb3d62d1d75607754ea6ec48e29564e9ad931e60c9264a730aaa198154ca96,runs\main\saner-main-v1\local-qwen3-14b\task-15903\rep-1\scores.json,67b23ac0898a100b92907c7445840c18a32e7300ab7782a567e83a0e9ccef901
194,15903,2.6.34-rc6,Qwen3-14B,2,"C1,C2,B2,B1,D2,A,D1",complete,True,,runs\main\saner-main-v1\local-qwen3-14b\task-15903\rep-2\summary.json,37cf49d385d0b9411daa64c0b1e271811e42c2375e4802902e8403922197afeb,runs\main\saner-main-v1\local-qwen3-14b\task-15903\rep-2\scores.json,cfe4e4a9f8f2bd6d50248291f044ca4bf29cab575ef2de37ab68f50333c25e01
195,15903,2.6.34-rc6,Qwen3-14B,3,"B2,B1,C2,C1,D2,A,D1",complete,True,,runs\main\saner-main-v1\local-qwen3-14b\task-15903\rep-3\summary.json,04f68ab51295b0530ce35a4dac1d6b295ce193854d43bd90a5277fea0b1197f9,runs\main\saner-main-v1\local-qwen3-14b\task-15903\rep-3\scores.json,82d2b36029f39211bd8207d03127e41a1fe4b9159704fe5b33b702cce84da5be
196,15903,2.6.34-rc6,qwen-plus-2025-12-01,1,"A,C2,D2,D1,C1,B2,B1",complete,True,,runs\main\saner-main-v1\service-qwen-plus\task-15903\rep-1\summary.json,13e176ba7be28a9b8f1f4ed2d87bd9192df41642c2d2c372934d500f4db06437,runs\main\saner-main-v1\service-qwen-plus\task-15903\rep-1\scores.json,aace8e9144148a04dbaa501c87c145721405194c4f51b06bf2cbcf0248cf5f6d
197,15903,2.6.34-rc6,qwen-plus-2025-12-01,2,"D2,B2,A,C1,C2,D1,B1",complete,True,,runs\main\saner-main-v1\service-qwen-plus\task-15903\rep-2\summary.json,9690b483750acd3cc48233e6cbc03e81b43ac7ae71199e1a863a5349161a357d,runs\main\saner-main-v1\service-qwen-plus\task-15903\rep-2\scores.json,966bf5bcf3fe8d82dd73f045c17f633265a08affc1b34baf6d3687769608e176
198,15903,2.6.34-rc6,qwen-plus-2025-12-01,3,"D1,D2,B2,C1,A,B1,C2",complete,True,,runs\main\saner-main-v1\service-qwen-plus\task-15903\rep-3\summary.json,a32c011bb421b14711489aef8892dcaaf70bf793f2af3014815103cd4d893dd2,runs\main\saner-main-v1\service-qwen-plus\task-15903\rep-3\scores.json,544cc1e4df855ad9be0d025e0ada0d4031c330cdcf65554887e779470aea9415
199,34252,2.6.39-rc5,Qwen3-14B,1,"C2,B2,D1,B1,A,C1,D2",complete,True,,runs\main\saner-main-v1\local-qwen3-14b\task-34252\rep-1\summary.json,88c794509273c2cd03ecbad7ccf18e29c565779967bd4bd0dccead3be15378f7,runs\main\saner-main-v1\local-qwen3-14b\task-34252\rep-1\scores.json,3fc6c6022ec314c29cefb30f84d357f2ecd0ef7bb19ea4a079bd7f32a429a4ca
200,34252,2.6.39-rc5,Qwen3-14B,2,"B1,A,D2,C2,C1,B2,D1",complete,True,,runs\main\saner-main-v1\local-qwen3-14b\task-34252\rep-2\summary.json,e3a27a45a318d6c8c1e492975addb0c038742f892caf73513c702f9199bd1fc7,runs\main\saner-main-v1\local-qwen3-14b\task-34252\rep-2\scores.json,b6da5f960f4ccf1de6c644c7ef2d4bab93429cdf596f839f676a7a713fc8fd23
201,34252,2.6.39-rc5,Qwen3-14B,3,"C1,B1,A,D2,C2,D1,B2",complete,True,,runs\main\saner-main-v1\local-qwen3-14b\task-34252\rep-3\summary.json,c898b88de8e997e350c8b76a24c2b7fd4513ef6e7b41e79a496972ac9b178550,runs\main\saner-main-v1\local-qwen3-14b\task-34252\rep-3\scores.json,f54018be671df7bb0c5f6fd7c13b96de7bcde6fe07f28b3de42de5195c13d904
202,34252,2.6.39-rc5,qwen-plus-2025-12-01,1,"C2,B1,C1,D2,A,D1,B2",complete,True,,runs\main\saner-main-v1\service-qwen-plus\task-34252\rep-1\summary.json,de01c4980450473c17de68ac0f26447d0a0e76c7c22cd173b624b0b53d736618,runs\main\saner-main-v1\service-qwen-plus\task-34252\rep-1\scores.json,6a331adf4aeea38d6119c31a9f4e8b28bcefa9dc810624e6dc26a67e035bf7b4
203,34252,2.6.39-rc5,qwen-plus-2025-12-01,2,"B1,D1,C1,B2,D2,C2,A",complete,True,,runs\main\saner-main-v1\service-qwen-plus\task-34252\rep-2\summary.json,da9ed1bff75fb99d5635b91778e214b33eb7f1aaf80e59b8eddff81464ca62e0,runs\main\saner-main-v1\service-qwen-plus\task-34252\rep-2\scores.json,a2f5e18569c149d5355b55187802eb53b2a65e443f448cd48c11209249ff891b
204,34252,2.6.39-rc5,qwen-plus-2025-12-01,3,"D2,B1,C1,A,B2,C2,D1",complete,True,,runs\main\saner-main-v1\service-qwen-plus\task-34252\rep-3\summary.json,333a881aef8551357b29f80d5b8d0bf8b08d2784ca567424de446235273e28d2,runs\main\saner-main-v1\service-qwen-plus\task-34252\rep-3\scores.json,9915fcd9d6a63d287f044821e5b8a10c695033f3ce5b5b594fd56a8177949c8e
205,16351,2.6.35-rc4,Qwen3-14B,1,"D1,C2,D2,A,C1,B2,B1",complete,True,,runs\main\saner-main-v1\local-qwen3-14b\task-16351\rep-1\summary.json,64c8b052a8417539af0f4229eadbf71a82ee3d33b718f9d44677be11654e5f82,runs\main\saner-main-v1\local-qwen3-14b\task-16351\rep-1\scores.json,d555c0e8bb69392ec59f0e4a125a9e3f2798111ae266b5abee91428371c0918b
206,16351,2.6.35-rc4,Qwen3-14B,2,"C2,A,B1,B2,D1,C1,D2",complete,True,,runs\main\saner-main-v1\local-qwen3-14b\task-16351\rep-2\summary.json,dc1fec06d9289bc2837a722ac620f50ec86df3eceb04fe3e9d9da63d588ab1e7,runs\main\saner-main-v1\local-qwen3-14b\task-16351\rep-2\scores.json,c9feb22f714bbcb346da551dff84dc4c2468ccf17cbe352f8880e34ac6bd67a3
207,16351,2.6.35-rc4,Qwen3-14B,3,"B2,B1,D2,D1,C1,C2,A",complete,True,,runs\main\saner-main-v1\local-qwen3-14b\task-16351\rep-3\summary.json,33ba561e37585bb1f492f3ab297e25ec2c33601a4dcaf033b8820c81fffac410,runs\main\saner-main-v1\local-qwen3-14b\task-16351\rep-3\scores.json,01fe0a37f8987029b7425d320740ce026b085bdd539bf295f76021fba170659c
208,16351,2.6.35-rc4,qwen-plus-2025-12-01,1,"D1,B1,D2,C2,C1,A,B2",complete,True,,runs\main\saner-main-v1\service-qwen-plus\task-16351\rep-1\summary.json,688c187865ab96f22a8baeb9dbc38810e081c242916cf6a5985474fa5a6a4abd,runs\main\saner-main-v1\service-qwen-plus\task-16351\rep-1\scores.json,b2c36e8e6d49b3a592fe97c747759e61f2782a1786a253b8bcb28c46daa813ae
209,16351,2.6.35-rc4,qwen-plus-2025-12-01,2,"C1,D1,C2,B2,B1,D2,A",complete,True,,runs\main\saner-main-v1\service-qwen-plus\task-16351\rep-2\summary.json,c1955edbccbbd3cf207170d1250cefdcd8b7c3f6ebe411e485a5218992e29679,runs\main\saner-main-v1\service-qwen-plus\task-16351\rep-2\scores.json,10550533be4b66b543ba2f1a98592971fa45cc80eb39b666d966854c13c2d2ee
210,16351,2.6.35-rc4,qwen-plus-2025-12-01,3,"B2,C2,B1,D2,A,D1,C1",complete,True,,runs\main\saner-main-v1\service-qwen-plus\task-16351\rep-3\summary.json,5555ce9a603620b0e7f0b705a473543e2acfbe85f4003d4216aa9f3ff9f467e0,runs\main\saner-main-v1\service-qwen-plus\task-16351\rep-3\scores.json,4a41b214580678bc9f9676b76281ec72674d9235150aaa23075865c731030238
211,6921,2.6.16,Qwen3-14B,1,"D1,B1,A,D2,B2,C1,C2",complete,True,,runs\main\saner-main-v1\local-qwen3-14b\task-6921\rep-1\summary.json,2765bbb4caa40d3e755bc6894a6251f260fe2d8a8b4b22de5314fa6b6f78e0ff,runs\main\saner-main-v1\local-qwen3-14b\task-6921\rep-1\scores.json,e743fd894a19557d5bb93524a97fe86c1cf28a21c2f53a3786b955fb31b9c7d7
212,6921,2.6.16,Qwen3-14B,2,"B1,D2,D1,C2,A,C1,B2",complete,True,,runs\main\saner-main-v1\local-qwen3-14b\task-6921\rep-2\summary.json,b47c43183c7130d052624ed9762d3f748d2dc3cae66cc76ffcb5f244c8c0f045,runs\main\saner-main-v1\local-qwen3-14b\task-6921\rep-2\scores.json,09756ee7c7759f5d0d414949454d4c633e61a24aa88a1d0e1182f3e47a557515
213,6921,2.6.16,Qwen3-14B,3,"C2,B2,C1,B1,D2,A,D1",complete,True,,runs\main\saner-main-v1\local-qwen3-14b\task-6921\rep-3\summary.json,ba119c22053dcd0109c0b84a80d3077e5f5bd94bd02da9a45139f9e935d2f2f8,runs\main\saner-main-v1\local-qwen3-14b\task-6921\rep-3\scores.json,4e0686d8a7a53f96979ef31ea8f4fc419e65533832e5b33da2dd25cefb905802
214,6921,2.6.16,qwen-plus-2025-12-01,1,"B1,A,B2,C2,D1,D2,C1",complete,True,,runs\main\saner-main-v1\service-qwen-plus\task-6921\rep-1\summary.json,c386e4f803f117467b7b16f9f11c2d970d2baef3f76a51008cef4fb0247993c3,runs\main\saner-main-v1\service-qwen-plus\task-6921\rep-1\scores.json,892a14ccb642980a9a45f052879d7f72bbdbd3853eaa1ff6bb18009ed8f98b9b
215,6921,2.6.16,qwen-plus-2025-12-01,2,"A,B1,B2,C2,D1,D2,C1",complete,True,,runs\main\saner-main-v1\service-qwen-plus\task-6921\rep-2\summary.json,7dba4ccd1208a508a2af228086657723d90c8920e84bb3891069dd1af0494745,runs\main\saner-main-v1\service-qwen-plus\task-6921\rep-2\scores.json,b6793ab5e042ff35983a14d8aa0b4bdc49cf32fec53fc683499dbb1c71313ade
216,6921,2.6.16,qwen-plus-2025-12-01,3,"A,C2,B2,D1,C1,D2,B1",complete,True,,runs\main\saner-main-v1\service-qwen-plus\task-6921\rep-3\summary.json,1a27a29106999ac43bd48a54e2545b1985e11d04e80aeb4490c24790646c7af3,runs\main\saner-main-v1\service-qwen-plus\task-6921\rep-3\scores.json,a1825e7cc9a53bcfa8216c3c4b31a09476a166ef10fce7782bc216a699d6c205
217,14000,2.6.30,Qwen3-14B,1,"B2,D2,C2,C1,B1,A,D1",complete,True,,runs\main\saner-main-v1\local-qwen3-14b\task-14000\rep-1\summary.json,b1d140621c26f0e1d08f06028eb84b202e38b58e9e68cdc25a1ef04d3c608a07,runs\main\saner-main-v1\local-qwen3-14b\task-14000\rep-1\scores.json,20cdb849e6159c13b65cbe74e49fb09cff0176dee28286600a0298d14b08eba8
218,14000,2.6.30,Qwen3-14B,2,"C1,B2,A,D1,C2,D2,B1",complete,True,,runs\main\saner-main-v1\local-qwen3-14b\task-14000\rep-2\summary.json,b513e638217a9ea0fdfcdddffc748c04a2ea6e17b30163a006932278afc35f36,runs\main\saner-main-v1\local-qwen3-14b\task-14000\rep-2\scores.json,5d6b98286e1c3f4081e7011fedb7fb5cf5ab160552dd6868c1acb367b7b77224
219,14000,2.6.30,Qwen3-14B,3,"D2,D1,A,B2,B1,C1,C2",complete,True,,runs\main\saner-main-v1\local-qwen3-14b\task-14000\rep-3\summary.json,954f92749fd1258727f5401c0976edc113565fe26105cd273fdca9896aaa8cd7,runs\main\saner-main-v1\local-qwen3-14b\task-14000\rep-3\scores.json,80afdfc5de94054a24b061a7dce72046873058724e25517c748727ffa78f7bdc
220,14000,2.6.30,qwen-plus-2025-12-01,1,"A,D2,B1,B2,C1,C2,D1",complete,True,,runs\main\saner-main-v1\service-qwen-plus\task-14000\rep-1\summary.json,78f711e6a6827427f5b240a3b2a0c635210215ecb31703c79732891c50559dbd,runs\main\saner-main-v1\service-qwen-plus\task-14000\rep-1\scores.json,5c33d7da18a5aca419e0d2c35e295747280274a57625ca058492260b8adb603a
221,14000,2.6.30,qwen-plus-2025-12-01,2,"D2,C1,C2,D1,B2,B1,A",complete,True,,runs\main\saner-main-v1\service-qwen-plus\task-14000\rep-2\summary.json,096eb6d223a4784d107df9d929fd3cc8efb25b9d88a41a830a6153aacbf48e62,runs\main\saner-main-v1\service-qwen-plus\task-14000\rep-2\scores.json,063e6c82d946e7692064232dfdd8766dc16b097b8a4a83e53a3b85a79046455a
222,14000,2.6.30,qwen-plus-2025-12-01,3,"D1,A,B2,B1,D2,C1,C2",complete,True,,runs\main\saner-main-v1\service-qwen-plus\task-14000\rep-3\summary.json,1b1dc421530317b9a27ca185125a1addcb7fcf13cf93c0970ec4d0f7f826a868,runs\main\saner-main-v1\service-qwen-plus\task-14000\rep-3\scores.json,fafaf2f3b39033875420b53706ddd46c156bc2fc778a2ed9acd058e35c0b271b
223,199971,4.12.14,Qwen3-14B,1,"B2,A,D2,C1,C2,B1,D1",complete,True,,runs\main\saner-main-v1\local-qwen3-14b\task-199971\rep-1\summary.json,411e29c7a989bb57c41054d65d8d31e3b2b2171441af054cc9afb4949c2656ba,runs\main\saner-main-v1\local-qwen3-14b\task-199971\rep-1\scores.json,d1fef043601e65b74ea2efdb3b3a02e09a56c70a70698d6ebcb0fed85f067683
224,199971,4.12.14,Qwen3-14B,2,"B2,C1,A,C2,D2,B1,D1",complete,True,,runs\main\saner-main-v1\local-qwen3-14b\task-199971\rep-2\summary.json,c26945925459ef0aa3053f7d3fae0ce0ebc07184befaca40174582e25684287e,runs\main\saner-main-v1\local-qwen3-14b\task-199971\rep-2\scores.json,838cc2b0ce2461d9b622880ff532bb47d8a0690be375cf531c915c620c6baa82
225,199971,4.12.14,Qwen3-14B,3,"C2,C1,B2,B1,D1,D2,A",complete,True,,runs\main\saner-main-v1\local-qwen3-14b\task-199971\rep-3\summary.json,ca90a2bae8d85c175345e4c51f85aa1acba7206c537f8abbdd1dbd028ebc1676,runs\main\saner-main-v1\local-qwen3-14b\task-199971\rep-3\scores.json,25dafc26c6e604aeae71b729d9e1d008ccf85fb3afbc1f9cad96a55627153da3
226,199971,4.12.14,qwen-plus-2025-12-01,1,"C2,A,D2,D1,C1,B2,B1",complete,True,,runs\main\saner-main-v1\service-qwen-plus\task-199971\rep-1\summary.json,2920dded38b459c4ac3fbbbfb93c3a0858c6d32c2591be6266db8ad41d0cdbea,runs\main\saner-main-v1\service-qwen-plus\task-199971\rep-1\scores.json,a3be840533bc35f10126110a6fe097add64bdd80851cebc7eb0a6aea3be5dea9
227,199971,4.12.14,qwen-plus-2025-12-01,2,"C2,D2,D1,B1,B2,C1,A",complete,True,,runs\main\saner-main-v1\service-qwen-plus\task-199971\rep-2\summary.json,b1a98e744729cb5f9067a7fe7273179d8573568fbf5114da88a325eabe8bfc47,runs\main\saner-main-v1\service-qwen-plus\task-199971\rep-2\scores.json,acaa0a071bfda17900ab0be1d0d43f27d4654021a1e0d2627c092ed4c1f8b423
228,199971,4.12.14,qwen-plus-2025-12-01,3,"B2,C2,D2,A,B1,C1,D1",complete,True,,runs\main\saner-main-v1\service-qwen-plus\task-199971\rep-3\summary.json,c014c8a8e0e403d79cc7e689ed2ef9a1a7fd7eee610f1e7038ba3cf0bfde84a9,runs\main\saner-main-v1\service-qwen-plus\task-199971\rep-3\scores.json,0e6e6a7e7c8b1c86fe5d93fecdc21056119f404c98bc449890336f1053d4effb
229,2638,2.6.5,Qwen3-14B,1,"C1,B2,A,B1,C2,D2,D1",complete,True,,runs\main\saner-main-v1\local-qwen3-14b\task-2638\rep-1\summary.json,0dc2c21c570acf7ddf6e486ad9875682d6c63dde541e6c1856e8025c1138a942,runs\main\saner-main-v1\local-qwen3-14b\task-2638\rep-1\scores.json,b2386565e5c369f629b7c213210fe6e4b1c4047e80a3cbece682b761de82ad8e
230,2638,2.6.5,Qwen3-14B,2,"D2,A,B2,D1,C2,C1,B1",complete,True,,runs\main\saner-main-v1\local-qwen3-14b\task-2638\rep-2\summary.json,392b2b1f367dd29dd1acd731c7ddfc6637c88913d48d05a6814856cff54400d9,runs\main\saner-main-v1\local-qwen3-14b\task-2638\rep-2\scores.json,1665b9cc98f1aced86763a977ee75f17ce09147a1bc57e4474e4eb4eaf95e8c1
231,2638,2.6.5,Qwen3-14B,3,"C2,B2,D1,D2,C1,A,B1",complete,True,,runs\main\saner-main-v1\local-qwen3-14b\task-2638\rep-3\summary.json,ec73a34603dcd275502cbfaab83578f5c5a188ced31fee8468fcaa62a2743ef5,runs\main\saner-main-v1\local-qwen3-14b\task-2638\rep-3\scores.json,e05abe25b2dcf23e96ec55570956d8b8397059f3e59d2c7f60a1d2816cf208e1
232,2638,2.6.5,qwen-plus-2025-12-01,1,"B2,A,C2,D1,B1,C1,D2",complete,True,,runs\main\saner-main-v1\service-qwen-plus\task-2638\rep-1\summary.json,0c7c4699b59793c56b17f3e2394034539f930a7340037ce93b9f7a90c15d31be,runs\main\saner-main-v1\service-qwen-plus\task-2638\rep-1\scores.json,f0ab89716995e4699c67578a13c2b03cc0eea5db510a1a0010a764a4867dc122
233,2638,2.6.5,qwen-plus-2025-12-01,2,"C2,B1,D1,B2,C1,D2,A",complete,True,,runs\main\saner-main-v1\service-qwen-plus\task-2638\rep-2\summary.json,50d61d264f8d3590bf4586c5d177bb59c1094d814f5ca3eee14f44e9f301b3c5,runs\main\saner-main-v1\service-qwen-plus\task-2638\rep-2\scores.json,31a83183c738049c7987665b0cf3373e3291932c0faad0c01a9260900347ee23
234,2638,2.6.5,qwen-plus-2025-12-01,3,"B2,C1,A,C2,D1,B1,D2",complete,True,,runs\main\saner-main-v1\service-qwen-plus\task-2638\rep-3\summary.json,68611c95cb34df00f44a65476b096d128abf98d5f0c35f32abc080815bb60f2f,runs\main\saner-main-v1\service-qwen-plus\task-2638\rep-3\scores.json,7acad160af8e242719d1fef5e698a2dab8c10caaa4479aa66903015c015cf8a5
235,14143,2.6.31,Qwen3-14B,1,"B2,C1,C2,B1,D2,D1,A",complete,True,,runs\main\saner-main-v1\local-qwen3-14b\task-14143\rep-1\summary.json,191492893d1ab7b1248bca1921195569a6b0bec493e6237fe9efd72857027dec,runs\main\saner-main-v1\local-qwen3-14b\task-14143\rep-1\scores.json,f3a5b0b8545145412d8ac656b6c77f5c5d70a3df0d6f3a22d7f19f16d1608706
236,14143,2.6.31,Qwen3-14B,2,"B1,D1,D2,B2,C1,C2,A",complete,True,,runs\main\saner-main-v1\local-qwen3-14b\task-14143\rep-2\summary.json,6f918daefa8e8f0a36b0b8cf4bae4284dd9f380a3af6a565984ed78662ad0883,runs\main\saner-main-v1\local-qwen3-14b\task-14143\rep-2\scores.json,14abc78975b071dc590b0ef0578ea612782189dde97e416167db56750e290dc5
237,14143,2.6.31,Qwen3-14B,3,"B2,C1,A,C2,B1,D1,D2",complete,True,,runs\main\saner-main-v1\local-qwen3-14b\task-14143\rep-3\summary.json,28a8be4013edc2e7a6599e98182d79e2fb3c789a6339ba1bf3ed486f0a0d4602,runs\main\saner-main-v1\local-qwen3-14b\task-14143\rep-3\scores.json,d67542129d9a7682127d53121200c9678994d972a86ccdbe84061de8a50f6393
238,14143,2.6.31,qwen-plus-2025-12-01,1,"B2,D1,D2,C2,B1,A,C1",complete,True,,runs\main\saner-main-v1\service-qwen-plus\task-14143\rep-1\summary.json,ea110df837c7865cdd6c99d44946df4509ffb8f88929b30201e8b66272b6b03e,runs\main\saner-main-v1\service-qwen-plus\task-14143\rep-1\scores.json,b9447c38af9159284bd8e9df542652f99a522f753a3b7b2babcad1c958a0cf8b
239,14143,2.6.31,qwen-plus-2025-12-01,2,"C2,D2,B1,C1,D1,B2,A",complete,True,,runs\main\saner-main-v1\service-qwen-plus\task-14143\rep-2\summary.json,adbe8e6f9200a01aa8149116046a88f22bda0195f4170497fcf695b93fc08a76,runs\main\saner-main-v1\service-qwen-plus\task-14143\rep-2\scores.json,00dd18cd8449d1f989823d191dea9f75dc78d5d8d5077cb13256b7d14d0d3ff5
240,14143,2.6.31,qwen-plus-2025-12-01,3,"C1,D1,C2,B2,D2,A,B1",complete,True,,runs\main\saner-main-v1\service-qwen-plus\task-14143\rep-3\summary.json,f34466ce01471cc4be9f2e12e285f78a573e0da4abaf1f2361995ea400b7c80a,runs\main\saner-main-v1\service-qwen-plus\task-14143\rep-3\scores.json,d4169f089abc174a144f9d90d358ab0d6a75a3e965efb9232a7503bd384d2d7c
241,1696,2.6.0,Qwen3-14B,1,"D1,C1,B1,A,D2,C2,B2",complete,True,,runs\main\saner-main-v1\local-qwen3-14b\task-1696\rep-1\summary.json,ae73830bcc5e3bcb30bd15fdfaec714e506c9e69b75d2175553ed0973ce5b3ee,runs\main\saner-main-v1\local-qwen3-14b\task-1696\rep-1\scores.json,9c3c5f03ca8f89acc4df3fd78ad75286d0270203bccff6c3f058f0c37eb10c2f
242,1696,2.6.0,Qwen3-14B,2,"B1,A,B2,D2,D1,C1,C2",complete,True,,runs\main\saner-main-v1\local-qwen3-14b\task-1696\rep-2\summary.json,893ae5a6ac2c926771c3a64c755954b0e3a88a85661e8c5bf2902a12fac8d872,runs\main\saner-main-v1\local-qwen3-14b\task-1696\rep-2\scores.json,b7c21b459b7c60e5ef81a6b3aaa0eb068ab680e5bf70c0cea260a09284bff3f1
243,1696,2.6.0,Qwen3-14B,3,"D1,C2,C1,A,D2,B1,B2",complete,True,,runs\main\saner-main-v1\local-qwen3-14b\task-1696\rep-3\summary.json,ae85c3993a5d12dc439ef675c1ba826167eb1bbbf01bca4ba642b90270fa857f,runs\main\saner-main-v1\local-qwen3-14b\task-1696\rep-3\scores.json,034b4ae887d02b5d8fe125c58ae1f83a7cf5970b4d0da1d59b7f59e9f2d1b552
244,1696,2.6.0,qwen-plus-2025-12-01,1,"B1,D1,C1,D2,C2,A,B2",complete,True,,runs\main\saner-main-v1\service-qwen-plus\task-1696\rep-1\summary.json,0a2ed19da71431dcb766acbc03119a4c71d9fe749c62a75ecad994229a97b819,runs\main\saner-main-v1\service-qwen-plus\task-1696\rep-1\scores.json,e035a0fdee44678dad1b7e01df31cef148c4a21aad37f12b786fac0fb3482201
245,1696,2.6.0,qwen-plus-2025-12-01,2,"C2,A,D1,B1,B2,D2,C1",complete,True,,runs\main\saner-main-v1\service-qwen-plus\task-1696\rep-2\summary.json,998d3d825a5873ddaa18d606420e2818a2da7cc0dfea42de46962c03eaca8b5a,runs\main\saner-main-v1\service-qwen-plus\task-1696\rep-2\scores.json,b6e571e06a9be6d27c518e3f574bc6e8b5522278345e440a70abe6ee02cb6bdd
246,1696,2.6.0,qwen-plus-2025-12-01,3,"B2,C1,A,C2,D2,B1,D1",complete,True,,runs\main\saner-main-v1\service-qwen-plus\task-1696\rep-3\summary.json,0ee8414a7e40b9b0c429ce56e31e324c857dc9294ed19486d18b270c5c5a60e9,runs\main\saner-main-v1\service-qwen-plus\task-1696\rep-3\scores.json,4fc3148618b24a510bdda53e258a48f1ded53f5d55467127d04b05f5a6478672
247,11957,2.6.27,Qwen3-14B,1,"D1,A,C1,D2,B2,C2,B1",complete,True,,runs\main\saner-main-v1\local-qwen3-14b\task-11957\rep-1\summary.json,af705f7df54ca316255cff64c78034f6cf648b42bb8064774eb43c88f626c63a,runs\main\saner-main-v1\local-qwen3-14b\task-11957\rep-1\scores.json,bbb4bf0b91faa734f20887a0a3505c0c081da422a4f33d3412559197ebf8648b
248,11957,2.6.27,Qwen3-14B,2,"B1,C1,A,D2,D1,B2,C2",complete,True,,runs\main\saner-main-v1\local-qwen3-14b\task-11957\rep-2\summary.json,116b3ff54cd39825e9b36916fb995169c99e25f6f5cd9de408fecbf85f2ec2b0,runs\main\saner-main-v1\local-qwen3-14b\task-11957\rep-2\scores.json,35003bcb66aaf012b1be78ca6038195e9937c6f5b0d1bfa04aa3e3e7c121da2d
249,11957,2.6.27,Qwen3-14B,3,"D1,B1,B2,C2,D2,C1,A",complete,True,,runs\main\saner-main-v1\local-qwen3-14b\task-11957\rep-3\summary.json,70f66dda2f19ee43f93fdfdc390cc076fa3c80dbb0da99937f13572649c0b910,runs\main\saner-main-v1\local-qwen3-14b\task-11957\rep-3\scores.json,0c5f6efcb45778eaba1ab515fdf6d9c9b0e16b5f55fe1e5d259736e74637130c
250,11957,2.6.27,qwen-plus-2025-12-01,1,"B2,A,B1,D1,C1,D2,C2",complete,True,,runs\main\saner-main-v1\service-qwen-plus\task-11957\rep-1\summary.json,dad1ce4340ecab31c9add96eb3745e05fbacdd8b32ec2a7ba4be79d6f2c9280e,runs\main\saner-main-v1\service-qwen-plus\task-11957\rep-1\scores.json,584823048df0e4d60a704ce5e0681d3403f8f0dc9bec3ac6101c73665425c99a
251,11957,2.6.27,qwen-plus-2025-12-01,2,"D1,C2,B1,A,D2,B2,C1",complete,True,,runs\main\saner-main-v1\service-qwen-plus\task-11957\rep-2\summary.json,56d823ca2d567f7c033e098d976ac9d6b48740e8cdb7e3fbcbafb6af4eb4d480,runs\main\saner-main-v1\service-qwen-plus\task-11957\rep-2\scores.json,63f3b58801b350431d06fc2c1ace1ef0ca44595ae67390003d644dbc1fd4a253
252,11957,2.6.27,qwen-plus-2025-12-01,3,"D1,D2,B1,C1,C2,A,B2",complete,True,,runs\main\saner-main-v1\service-qwen-plus\task-11957\rep-3\summary.json,0eb938c917e65655635a5aa7b755cd7e55d89449c3aac01d15f9ed96f31989fe,runs\main\saner-main-v1\service-qwen-plus\task-11957\rep-3\scores.json,f77510776cdd798cc6d2ab2ce2bb6ea020b89bdcadcef7da2469e6128c16f915
253,3518,2.6.9,Qwen3-14B,1,"C1,C2,D1,A,D2,B1,B2",complete,True,,runs\main\saner-main-v1\local-qwen3-14b\task-3518\rep-1\summary.json,e0c14d71d86d29ace74b5bb33aa39d57c76c2032e72d126d937aa0634a77f23c,runs\main\saner-main-v1\local-qwen3-14b\task-3518\rep-1\scores.json,1be720121ca3ec57d6afe340fd5834f9d237cf4920c58335428972ee1f73f748
254,3518,2.6.9,Qwen3-14B,2,"B2,D2,C2,C1,A,B1,D1",complete,True,,runs\main\saner-main-v1\local-qwen3-14b\task-3518\rep-2\summary.json,e5630dfd235f484fee551fe73528fcf73cb66f3a2059fa5d733cfd9894719707,runs\main\saner-main-v1\local-qwen3-14b\task-3518\rep-2\scores.json,82be272085d6007d461987a02655ab666eed3d7eeb1beb2ead54d599097bcda9
255,3518,2.6.9,Qwen3-14B,3,"D2,C2,B1,A,D1,B2,C1",complete,True,,runs\main\saner-main-v1\local-qwen3-14b\task-3518\rep-3\summary.json,49fb4483837311cc0f02284d7fcd28a80d0095490c69e71546b6a643afe24a81,runs\main\saner-main-v1\local-qwen3-14b\task-3518\rep-3\scores.json,fb961a966228ce0d82e9bcf646dea45102f387e6432bf28178380b71d6d55a29
256,3518,2.6.9,qwen-plus-2025-12-01,1,"D2,C1,D1,C2,A,B1,B2",complete,True,,runs\main\saner-main-v1\service-qwen-plus\task-3518\rep-1\summary.json,e0ec8f33870c87ef5332063ed1e19344f22c9a74343652d841cf9554d993d744,runs\main\saner-main-v1\service-qwen-plus\task-3518\rep-1\scores.json,cbc8093461bcaf8ccbe6d893b48d12fcdc21cc1b3336e16f73c18199a5a2f343
257,3518,2.6.9,qwen-plus-2025-12-01,2,"C1,D1,C2,A,B1,B2,D2",complete,True,,runs\main\saner-main-v1\service-qwen-plus\task-3518\rep-2\summary.json,9797f735e25ea466b73bed07702df83426c436d7fac8621ebad4514d223c70ac,runs\main\saner-main-v1\service-qwen-plus\task-3518\rep-2\scores.json,196a5320c03cf6b7e4a6d9b263671eb2c13626b1a4e76d2c4aac02ccc62b8c29
258,3518,2.6.9,qwen-plus-2025-12-01,3,"C2,A,B2,D2,C1,B1,D1",complete,True,,runs\main\saner-main-v1\service-qwen-plus\task-3518\rep-3\summary.json,2f23fd6fbdde08b7d5c698163caea867687e83182a49404a822a742f2273c295,runs\main\saner-main-v1\service-qwen-plus\task-3518\rep-3\scores.json,048845a33e0b81b036e19317ab1d6e1da17c64331ae3bd09d2bd09d9f6c1cfb4
259,7657,2.6.19,Qwen3-14B,1,"B2,A,C2,D2,D1,C1,B1",complete,True,,runs\main\saner-main-v1\local-qwen3-14b\task-7657\rep-1\summary.json,341891f5ea6b7b67812d5ed4f0567f96e571bed6ec4d0773f0a953c8e2f37f4a,runs\main\saner-main-v1\local-qwen3-14b\task-7657\rep-1\scores.json,e018ba1712a8c4149c9d982e5fe30397470f7a99d3cdf37e0c98e27b5341b005
260,7657,2.6.19,Qwen3-14B,2,"D2,A,B2,B1,C2,C1,D1",complete,True,,runs\main\saner-main-v1\local-qwen3-14b\task-7657\rep-2\summary.json,884d6a5d7c9f0f456607f48e7bc3a2374e5978d1ff4105168e1c851326083d14,runs\main\saner-main-v1\local-qwen3-14b\task-7657\rep-2\scores.json,8b61553e2dabf72441e4313bbb728d18f9ccaf9ddc1e454fdce2de0a5519c187
261,7657,2.6.19,Qwen3-14B,3,"C1,D1,B2,C2,A,D2,B1",complete,True,,runs\main\saner-main-v1\local-qwen3-14b\task-7657\rep-3\summary.json,23d90cfbe266fbc95015804bfdcf799051eeb3f44122265fac9d719b71eb143c,runs\main\saner-main-v1\local-qwen3-14b\task-7657\rep-3\scores.json,323fc3cd1929017a077dbf89f54030d06213f202f2646c1d84d069bb1a505e7e
262,7657,2.6.19,qwen-plus-2025-12-01,1,"A,C2,D1,B2,B1,D2,C1",complete,True,,runs\main\saner-main-v1\service-qwen-plus\task-7657\rep-1\summary.json,cf9a056e6ce64c1282068e070c3948c8ece0b089bac41788bd80254c1f8069c4,runs\main\saner-main-v1\service-qwen-plus\task-7657\rep-1\scores.json,3392e7a2284d989ac7a000639858955de85f5f8231f11c2738ebf469c89b4832
263,7657,2.6.19,qwen-plus-2025-12-01,2,"A,C2,D2,D1,B1,C1,B2",complete,True,,runs\main\saner-main-v1\service-qwen-plus\task-7657\rep-2\summary.json,20814193e819277f3f47ea97188ddcbe2df87dd489dbcb3bf12ccc664faaabdf,runs\main\saner-main-v1\service-qwen-plus\task-7657\rep-2\scores.json,001fd6f0d5cb6ffad747928a854a2596f316defb48ce02e9dc78569c62b62542
264,7657,2.6.19,qwen-plus-2025-12-01,3,"D1,C1,B2,D2,A,B1,C2",complete,True,,runs\main\saner-main-v1\service-qwen-plus\task-7657\rep-3\summary.json,51ebeafd34ff136f98481de40a8619bfa6a367d9b9bf897579747fe06ab754de,runs\main\saner-main-v1\service-qwen-plus\task-7657\rep-3\scores.json,9afaab8357f2c5d8593d46f8d271583010c9f7071c22f41948307af55aa9738d
265,2443,2.6.5,Qwen3-14B,1,"B1,D1,D2,B2,C2,A,C1",complete,True,,runs\main\saner-main-v1\local-qwen3-14b\task-2443\rep-1\summary.json,c3291b75028096858484619d1f571d581d6d07e59a13795d7340c7f33f27342c,runs\main\saner-main-v1\local-qwen3-14b\task-2443\rep-1\scores.json,862c0a7bc3e0dd7e570d73ecd4c611fe4de2c6d6d87ef76718a55e2d54881972
266,2443,2.6.5,Qwen3-14B,2,"D1,C1,D2,A,C2,B2,B1",complete,True,,runs\main\saner-main-v1\local-qwen3-14b\task-2443\rep-2\summary.json,b968d048642d1288a2be078e1beb5600fa9d2a6b83dd6646a3268b38151500a9,runs\main\saner-main-v1\local-qwen3-14b\task-2443\rep-2\scores.json,4a9dc14fbf3894754658d800cdb53bd214ec33a3d0b5c178d2959178fac6d502
267,2443,2.6.5,Qwen3-14B,3,"B2,D2,B1,A,D1,C1,C2",complete,True,,runs\main\saner-main-v1\local-qwen3-14b\task-2443\rep-3\summary.json,6dd6d37ad0d305d98893648dec0f403f60123ed21394a511bb3f97b93eb621e7,runs\main\saner-main-v1\local-qwen3-14b\task-2443\rep-3\scores.json,153bf9f21a09f7470bb1222f45553b0c747568f291eb4523d485bb59353b3d07
268,2443,2.6.5,qwen-plus-2025-12-01,1,"D1,C1,B1,B2,A,C2,D2",complete,True,,runs\main\saner-main-v1\service-qwen-plus\task-2443\rep-1\summary.json,9d1a0ccc8a6a63fa9d8250b7f0cbfa26e631bdbb1aaa9252c9ca03e4114d4c80,runs\main\saner-main-v1\service-qwen-plus\task-2443\rep-1\scores.json,1f91790d17b03dc726b92329059749d0cf89cc69ac47a3ee64970182c916b605
269,2443,2.6.5,qwen-plus-2025-12-01,2,"C1,D1,B2,B1,D2,C2,A",complete,True,,runs\main\saner-main-v1\service-qwen-plus\task-2443\rep-2\summary.json,283e959b84cca2bf5e66022931dcb9c41f7b7918bbba6d5f92d5b534e9b56cc1,runs\main\saner-main-v1\service-qwen-plus\task-2443\rep-2\scores.json,af6a8d74da37c0cd0431f563a82aae547a2503c4ccbb3edf7d35236fb9f6a76c
270,2443,2.6.5,qwen-plus-2025-12-01,3,"D2,C2,C1,A,D1,B1,B2",complete,True,,runs\main\saner-main-v1\service-qwen-plus\task-2443\rep-3\summary.json,fc8a3d978a01548d5fb112e63cdf4fc3328a733f143ffddaf5d5da1d6a7f0585,runs\main\saner-main-v1\service-qwen-plus\task-2443\rep-3\scores.json,0dfe1b0d1d75dcdb2cbecf4686f1339f1cf2f31d246c5966032f64b9b9626661
271,29732,2.6.38-rc5,Qwen3-14B,1,"B2,B1,D2,C2,C1,A,D1",complete,True,,runs\main\saner-main-v1\local-qwen3-14b\task-29732\rep-1\summary.json,4b000d8aaad6be79bbec21ecd262e9a01c434c7899856205a39146ab81f66ec1,runs\main\saner-main-v1\local-qwen3-14b\task-29732\rep-1\scores.json,21b9a7b9efaaddfdcbb1d2c0121195b934fc49857355e20dc73e8744ff10d889
272,29732,2.6.38-rc5,Qwen3-14B,2,"C1,D2,D1,B1,B2,A,C2",complete,True,,runs\main\saner-main-v1\local-qwen3-14b\task-29732\rep-2\summary.json,6e6c3da8d01aec9068f7eb460e7183ec5bd3932d9dee9f0c16acf1d295ab8350,runs\main\saner-main-v1\local-qwen3-14b\task-29732\rep-2\scores.json,868e46388b41ffff0dae91b69e1e9c4390367323c767c249588453153536a759
273,29732,2.6.38-rc5,Qwen3-14B,3,"A,C2,D2,B1,C1,D1,B2",complete,True,,runs\main\saner-main-v1\local-qwen3-14b\task-29732\rep-3\summary.json,9ed6df9a87dfa0bda58befd6e1da4a7a22882e686b1f6d3fb1c5a86a2b7fed5c,runs\main\saner-main-v1\local-qwen3-14b\task-29732\rep-3\scores.json,d916774c02bed5799de40c26170ec9c16682f3187bd7bc0d5d5e4dd1cffc32ac
274,29732,2.6.38-rc5,qwen-plus-2025-12-01,1,"C1,B2,A,B1,D2,C2,D1",complete,True,,runs\main\saner-main-v1\service-qwen-plus\task-29732\rep-1\summary.json,900d3adfbcc393afd4d92ea6eb1ea76a59241f793795778514efa6edefbba811,runs\main\saner-main-v1\service-qwen-plus\task-29732\rep-1\scores.json,2d436e3d1c27b728cb69054dd5d21bf99bebf4fa1a0c992491f495dae51e6676
275,29732,2.6.38-rc5,qwen-plus-2025-12-01,2,"B1,B2,D1,C2,C1,A,D2",complete,True,,runs\main\saner-main-v1\service-qwen-plus\task-29732\rep-2\summary.json,576fd289a1c3d96a2fe85549f8932f84f4b62f89a6b690e0624481ef50b099b2,runs\main\saner-main-v1\service-qwen-plus\task-29732\rep-2\scores.json,dc52f967e5052e6a412c7013f9aef319f657cc5654c2f440acb7c982e48f2c07
276,29732,2.6.38-rc5,qwen-plus-2025-12-01,3,"D1,D2,C2,A,B1,B2,C1",complete,True,,runs\main\saner-main-v1\service-qwen-plus\task-29732\rep-3\summary.json,60641a2e98b8a1901066f5cba60f318319c60b858c95d58011d6a8af87ddca63,runs\main\saner-main-v1\service-qwen-plus\task-29732\rep-3\scores.json,67da2098bc086260bf2cf296e0e1f175d0321c4c115d47f65b909485c73e0a37
277,24342,2.6.35,Qwen3-14B,1,"B2,B1,D1,C1,D2,A,C2",complete,True,,runs\main\saner-main-v1\local-qwen3-14b\task-24342\rep-1\summary.json,c8a236f37932cd619674ad72e07913cddd9af3d44dcbaacc9e566d825fab7b79,runs\main\saner-main-v1\local-qwen3-14b\task-24342\rep-1\scores.json,ac2c50ba717b43703843803c2e1e405def0eeb40f484ab928bc62b033dd33e1c
278,24342,2.6.35,Qwen3-14B,2,"A,B2,C1,D2,D1,B1,C2",complete,True,,runs\main\saner-main-v1\local-qwen3-14b\task-24342\rep-2\summary.json,64be68e5c334e9b95a956bda611daf2b9911a13ea33ebf8767fcb39b120ace18,runs\main\saner-main-v1\local-qwen3-14b\task-24342\rep-2\scores.json,68026497a1fc6a9f19ba9ff07cf2212b784be4836a0256635a305f2d6f270b70
279,24342,2.6.35,Qwen3-14B,3,"D1,D2,A,C2,B2,C1,B1",complete,True,,runs\main\saner-main-v1\local-qwen3-14b\task-24342\rep-3\summary.json,52c87e405789b63fcb718e2e691f1ef87786b5513b32dac97839c783384bfba7,runs\main\saner-main-v1\local-qwen3-14b\task-24342\rep-3\scores.json,6800364273ff53089f66c3ba3623407de2c87a9f8b40e092fc062e30f6055bc9
280,24342,2.6.35,qwen-plus-2025-12-01,1,"D2,B1,B2,C2,C1,D1,A",complete,True,,runs\main\saner-main-v1\service-qwen-plus\task-24342\rep-1\summary.json,d0f7a52805d467578cc0ff498305715f312825e3c2a122346d51ecda20ea040d,runs\main\saner-main-v1\service-qwen-plus\task-24342\rep-1\scores.json,51f4d72fa597e1372036af865a22e6d3399300ed55ad6662dece332bfc31d38c
281,24342,2.6.35,qwen-plus-2025-12-01,2,"C2,D1,D2,B2,A,B1,C1",complete,True,,runs\main\saner-main-v1\service-qwen-plus\task-24342\rep-2\summary.json,8a7198f8bda9ab9f2b59aa329b3241df742c2a950991a0ed8694921801afa8c2,runs\main\saner-main-v1\service-qwen-plus\task-24342\rep-2\scores.json,a7b80a8e400c24a23470e3e416db046b024ccde9c6f1873805da48d33a1a182f
282,24342,2.6.35,qwen-plus-2025-12-01,3,"A,D2,B1,B2,D1,C2,C1",complete,True,,runs\main\saner-main-v1\service-qwen-plus\task-24342\rep-3\summary.json,37567a4da65c84fc7bd9da8517817ea768ecf08d64b2dd7d0fa7f7e899bc34d3,runs\main\saner-main-v1\service-qwen-plus\task-24342\rep-3\scores.json,e868be396d1f493baed6b1fe659c9e89f752ded30019406da8af358fc4d4b321
283,10860,2.6.26-rc2,Qwen3-14B,1,"B1,C1,B2,C2,A,D1,D2",complete,True,,runs\main\saner-main-v1\local-qwen3-14b\task-10860\rep-1\summary.json,5f2c16069a47360018b67df08aeb74f1fc01f6535c35f676a535a539e3696d7a,runs\main\saner-main-v1\local-qwen3-14b\task-10860\rep-1\scores.json,40ba1996d3e8b8ad38361a833d68653a41ee7e8f0877eb37e4bbf01febf57dbc
284,10860,2.6.26-rc2,Qwen3-14B,2,"C1,A,D1,D2,C2,B1,B2",complete,True,,runs\main\saner-main-v1\local-qwen3-14b\task-10860\rep-2\summary.json,1f7251bcac3e4cbb89bdd880092654c6961e62281e3e31cee8b435c0acf1bcf5,runs\main\saner-main-v1\local-qwen3-14b\task-10860\rep-2\scores.json,f3723e6c948b959cf447dce6ef0655b56561f4f3e88c29aebfd54a0cb1a98ba2
285,10860,2.6.26-rc2,Qwen3-14B,3,"B2,C2,C1,B1,D2,A,D1",complete,True,,runs\main\saner-main-v1\local-qwen3-14b\task-10860\rep-3\summary.json,dc078ecfc0134bc08d02eb12aa6e956d9aad77a2e6d13655df430700c4ce5142,runs\main\saner-main-v1\local-qwen3-14b\task-10860\rep-3\scores.json,072e58840682f8535868fd16da3bd000893e36080936b4b7ab19ac6209137cae
286,10860,2.6.26-rc2,qwen-plus-2025-12-01,1,"A,B2,C1,D1,D2,C2,B1",complete,True,,runs\main\saner-main-v1\service-qwen-plus\task-10860\rep-1\summary.json,4b274bffddd742d25531d28e5c577499cf880ea1eba873d5e39afba9deddd754,runs\main\saner-main-v1\service-qwen-plus\task-10860\rep-1\scores.json,55029790df269f203a2c05ca731ddbdba2a9c9c115b8e7bb0562a7201192400b
287,10860,2.6.26-rc2,qwen-plus-2025-12-01,2,"A,D1,B2,C2,C1,D2,B1",complete,True,,runs\main\saner-main-v1\service-qwen-plus\task-10860\rep-2\summary.json,0644ea78213cfdf9909829310b8cf295c2474004da597ba6f6f8db4d03686fd6,runs\main\saner-main-v1\service-qwen-plus\task-10860\rep-2\scores.json,23798b87f67057120ee332291deae262cd32e8af0f578f7f227c15760a5086e0
288,10860,2.6.26-rc2,qwen-plus-2025-12-01,3,"B1,D2,B2,C1,C2,A,D1",complete,True,,runs\main\saner-main-v1\service-qwen-plus\task-10860\rep-3\summary.json,da9df6a44c7b87cce386349348eed864706e2d5c2ba3fdeec3f843ec42a6711b,runs\main\saner-main-v1\service-qwen-plus\task-10860\rep-3\scores.json,72fd99dc1c39fca06289bac89fcee9ec04dc6404c125e206ecf131f820716c84
289,12302,2.6.28,Qwen3-14B,1,"B2,D2,D1,B1,C2,A,C1",complete,True,,runs\main\saner-main-v1\local-qwen3-14b\task-12302\rep-1\summary.json,e28f579fa11429f5e29d5ad427a246c4a754767ee78317cdf2e58acc32ac39cb,runs\main\saner-main-v1\local-qwen3-14b\task-12302\rep-1\scores.json,35613be9343c82b7c41f2623955fa37552cdc335fbf6ff96534bac0e3ac3428e
290,12302,2.6.28,Qwen3-14B,2,"B2,C1,B1,C2,D2,A,D1",complete,True,,runs\main\saner-main-v1\local-qwen3-14b\task-12302\rep-2\summary.json,e7d2a4b230f6772d020949e5badb7a5672945cd99af6aeafca0fe7404242a148,runs\main\saner-main-v1\local-qwen3-14b\task-12302\rep-2\scores.json,4f0beaec9388f31bd4dfad1ee3d05f05cd590df6f780a6b4b81d726a61a151a8
291,12302,2.6.28,Qwen3-14B,3,"D2,B1,D1,C1,C2,B2,A",complete,True,,runs\main\saner-main-v1\local-qwen3-14b\task-12302\rep-3\summary.json,e908896017fd5e8c4dd3f0d64cd2bf715515a8d726307dde66fe8df6e6d661ad,runs\main\saner-main-v1\local-qwen3-14b\task-12302\rep-3\scores.json,ec820263ac571a6d2f36146909a6cae3463cf17dd90aeda2d6b8354c532da656
292,12302,2.6.28,qwen-plus-2025-12-01,1,"D2,B1,D1,A,C2,C1,B2",complete,True,,runs\main\saner-main-v1\service-qwen-plus\task-12302\rep-1\summary.json,4cb5824d40fc60295bc458e644df5953c04d1812118849e6fe2af562599fb2af,runs\main\saner-main-v1\service-qwen-plus\task-12302\rep-1\scores.json,0c17064792498ac5f4ef6e7691cf764031b5575e25995fcfbe6f90b2e81f5598
293,12302,2.6.28,qwen-plus-2025-12-01,2,"A,C2,B1,D1,C1,D2,B2",complete,True,,runs\main\saner-main-v1\service-qwen-plus\task-12302\rep-2\summary.json,006bfce3de7b7379da85b1c38b1a769dc478f636e07febe5959689670179ce61,runs\main\saner-main-v1\service-qwen-plus\task-12302\rep-2\scores.json,d104e0ee8d0621f8973c4115330ed97a4cde00f6a4bb391fe668a26d6aa6ed0f
294,12302,2.6.28,qwen-plus-2025-12-01,3,"D2,A,B2,C2,D1,B1,C1",complete,True,,runs\main\saner-main-v1\service-qwen-plus\task-12302\rep-3\summary.json,f2f085d5074726c055a298e364ae8e9825489a353babf948348cf4cf4d6179a6,runs\main\saner-main-v1\service-qwen-plus\task-12302\rep-3\scores.json,2a81fb02e0b5f9b3da7147a38f1f15eff25bca9c3e7bcb32f97eeb87ed7a09c6
295,207835,5.6.7,Qwen3-14B,1,"C2,B2,A,B1,D2,C1,D1",complete,True,,runs\main\saner-main-v1\local-qwen3-14b\task-207835\rep-1\summary.json,29e873856c321725ac2f76c8b50e28ea0eaca59ac1ed7e317897c8243906e31b,runs\main\saner-main-v1\local-qwen3-14b\task-207835\rep-1\scores.json,ac6bc5ab269cbe83bdaa7ac690e217904c51a05c1492551436cdd8c8d0db29c7
296,207835,5.6.7,Qwen3-14B,2,"D1,C2,D2,C1,A,B2,B1",complete,True,,runs\main\saner-main-v1\local-qwen3-14b\task-207835\rep-2\summary.json,d8d21eaefa74dcfc869b3f3d8af409e619b67515f18fccc4623d9d4bc7c59eba,runs\main\saner-main-v1\local-qwen3-14b\task-207835\rep-2\scores.json,4cbabba036b8e59873cd78fd7203a41a69eae70c1dfd951c05341b7c74443f47
297,207835,5.6.7,Qwen3-14B,3,"D1,C2,B2,C1,D2,A,B1",complete,True,,runs\main\saner-main-v1\local-qwen3-14b\task-207835\rep-3\summary.json,aabed7ff4b411b96d213b4fe4ed9e36062207822d865a700cf32e95e28e715c4,runs\main\saner-main-v1\local-qwen3-14b\task-207835\rep-3\scores.json,ae99668eac4aa4ff0931f5c559cd81ed76d9587743014748471f8973d6a39ad2
298,207835,5.6.7,qwen-plus-2025-12-01,1,"B2,D1,D2,C1,A,B1,C2",complete,True,,runs\main\saner-main-v1\service-qwen-plus\task-207835\rep-1\summary.json,e8cab4c1ada5ddf805960c1bfe83410eca46af245b2748c21d43be3e00f5aa1e,runs\main\saner-main-v1\service-qwen-plus\task-207835\rep-1\scores.json,8d0561ac848c7cb70cb84ce80a57465e323876d04f18ab09b962fffa5ecd64b1
299,207835,5.6.7,qwen-plus-2025-12-01,2,"B1,C2,D1,B2,C1,A,D2",complete,True,,runs\main\saner-main-v1\service-qwen-plus\task-207835\rep-2\summary.json,b40ad874871505dbf3ed9b2b00ec236853324da0380d8a63ad2dac9e4a8cb28d,runs\main\saner-main-v1\service-qwen-plus\task-207835\rep-2\scores.json,cf017ee516bd412a34c56483dc97d7475010de6523076808979c429f7e6bc3a4
300,207835,5.6.7,qwen-plus-2025-12-01,3,"B2,A,C1,D1,D2,C2,B1",complete,True,,runs\main\saner-main-v1\service-qwen-plus\task-207835\rep-3\summary.json,1d2739729b3c32c6df798ef562f93e5e053d75c91df1a54a491c967381d3eb01,runs\main\saner-main-v1\service-qwen-plus\task-207835\rep-3\scores.json,b9225d9caf426f5f88d9f87f486dc25c9f8729b9a45d819a1980191a8911b37a
301,7527,2.6.18,Qwen3-14B,1,"C2,B1,C1,D2,A,B2,D1",complete,True,,runs\main\saner-main-v1\local-qwen3-14b\task-7527\rep-1\summary.json,b3e46e7d7208fe255d8a6e47fde9bf7133c90c155dacf2729696bc8c2bb974f8,runs\main\saner-main-v1\local-qwen3-14b\task-7527\rep-1\scores.json,14dd28130be8735a4c6cc44d7a0713e9b7de2d965bba2d95b9c785be8f5481d4
302,7527,2.6.18,Qwen3-14B,2,"C1,C2,A,B2,B1,D1,D2",complete,True,,runs\main\saner-main-v1\local-qwen3-14b\task-7527\rep-2\summary.json,e038e3d527760941e4c4dd1fdfc5009c08151c0515ff0324998c303e1b294921,runs\main\saner-main-v1\local-qwen3-14b\task-7527\rep-2\scores.json,62d4852a9bc1ed41ffa0530a7a1d25cf526c7c22e4944bca790e38ee8eadd2ca
303,7527,2.6.18,Qwen3-14B,3,"D2,D1,B1,A,C1,C2,B2",complete,True,,runs\main\saner-main-v1\local-qwen3-14b\task-7527\rep-3\summary.json,a18943ee2a1a3bccf70f0b6b47d4be4e9d6f4b922c0e8b8c4f10cce86d63643f,runs\main\saner-main-v1\local-qwen3-14b\task-7527\rep-3\scores.json,72087667d01c3e2acc6447b438d8a485fd880a75b001e8c1e4388e60f41f4dbe
304,7527,2.6.18,qwen-plus-2025-12-01,1,"A,C2,C1,D2,B1,D1,B2",complete,True,,runs\main\saner-main-v1\service-qwen-plus\task-7527\rep-1\summary.json,42255152265368c7ffe9bcb5f35a41111d2adf998a6fd7cc2c0075802f4493d7,runs\main\saner-main-v1\service-qwen-plus\task-7527\rep-1\scores.json,4d5b33d5fd9175d3b4ff8d3f0ed50192f30032df67eee51bf5f595820098f1cc
305,7527,2.6.18,qwen-plus-2025-12-01,2,"D2,C1,B2,B1,D1,A,C2",complete,True,,runs\main\saner-main-v1\service-qwen-plus\task-7527\rep-2\summary.json,4483b993d2fc50d98693836d4efc6db9e23cb7981048997098da395972bfff8f,runs\main\saner-main-v1\service-qwen-plus\task-7527\rep-2\scores.json,7fa57dd5a995b884cd3f86e3c02699a95b78fcc882a710471814ae7623e428f7
306,7527,2.6.18,qwen-plus-2025-12-01,3,"D2,B2,B1,C1,A,D1,C2",complete,True,,runs\main\saner-main-v1\service-qwen-plus\task-7527\rep-3\summary.json,74eb6fd9e276df4384a1d0d1f08fe930fde77c2e8b93b1d0f2292dc2f5b9224f,runs\main\saner-main-v1\service-qwen-plus\task-7527\rep-3\scores.json,bbd920d08175ed657cb1b40141ffbd68b91c27b13479647841028f6c4bb77f0f
307,33232,2.6.38,Qwen3-14B,1,"C2,D2,A,D1,B2,B1,C1",complete,True,,runs\main\saner-main-v1\local-qwen3-14b\task-33232\rep-1\summary.json,ede48697c37dbdd8d85b7738d600de8e8c1f18ee1f981982dfccdfc6a9c3aa99,runs\main\saner-main-v1\local-qwen3-14b\task-33232\rep-1\scores.json,32d8022244ea337ce3144f04220873018b0854cc37e3469bf21b58ccc1f136b8
308,33232,2.6.38,Qwen3-14B,2,"B1,D2,B2,D1,C2,A,C1",complete,True,,runs\main\saner-main-v1\local-qwen3-14b\task-33232\rep-2\summary.json,33f98cc46f2ceaf81e3d2f29108ceec8e443c483e019f2b3f2cff53e430fdb12,runs\main\saner-main-v1\local-qwen3-14b\task-33232\rep-2\scores.json,785fbf547e94312dbe3ecab6ebc8b2cae6aed383447837da1613b105b1907e6e
309,33232,2.6.38,Qwen3-14B,3,"B2,D1,C1,A,D2,B1,C2",complete,True,,runs\main\saner-main-v1\local-qwen3-14b\task-33232\rep-3\summary.json,0014c1769e67582cca202085796de7830fe3db88451841db7df57915bbdf7364,runs\main\saner-main-v1\local-qwen3-14b\task-33232\rep-3\scores.json,cb7cb8961b9d9e3a81c10f6a39eccfebc8e92f2d0bc5a2af4bd06cd0b7d94efb
310,33232,2.6.38,qwen-plus-2025-12-01,1,"A,C1,B2,C2,D2,D1,B1",complete,True,,runs\main\saner-main-v1\service-qwen-plus\task-33232\rep-1\summary.json,9fa2643e5e6affec1c33a6a3a139bd9aed6752098900024560b7eceb740b60ba,runs\main\saner-main-v1\service-qwen-plus\task-33232\rep-1\scores.json,ede6f218a5cd3ecaceb79ed1ae8a9f94e9040fae59b59f4820c0e846c8ce6879
311,33232,2.6.38,qwen-plus-2025-12-01,2,"B2,C1,C2,A,B1,D2,D1",complete,True,,runs\main\saner-main-v1\service-qwen-plus\task-33232\rep-2\summary.json,2e1db7f1b358d806763d0da2685942906cd7c71dad6116766dd5a01400ac8f18,runs\main\saner-main-v1\service-qwen-plus\task-33232\rep-2\scores.json,dae18a4b4355374193c60ca1ca4e34f216b1b321d3ee4afa96ca16c85ab04e76
312,33232,2.6.38,qwen-plus-2025-12-01,3,"D1,B1,A,B2,C2,D2,C1",complete,True,,runs\main\saner-main-v1\service-qwen-plus\task-33232\rep-3\summary.json,ed79f189c5af309fe4a38c22a286d0fb37b0057085a1a99a23abe3be1710cc13,runs\main\saner-main-v1\service-qwen-plus\task-33232\rep-3\scores.json,664114f6ff8786b23c1be69ac012de7cd89afd6e28d97cd232dd5fa54c5180b6
313,10976,2.6.25,Qwen3-14B,1,"D2,D1,B2,A,C2,C1,B1",complete,True,,runs\main\saner-main-v1\local-qwen3-14b\task-10976\rep-1\summary.json,b1dda49b16bb5eaf2dfe5f8722ed0eecffd65e7cd6324063b5818fc9edf9ff04,runs\main\saner-main-v1\local-qwen3-14b\task-10976\rep-1\scores.json,294b4253337f007586ae477d2df668c760f60a3e677150c590a561abd2dfa3cb
314,10976,2.6.25,Qwen3-14B,2,"D1,A,D2,B2,C1,B1,C2",complete,True,,runs\main\saner-main-v1\local-qwen3-14b\task-10976\rep-2\summary.json,30d537c0a2af01586a6e7ad1b55a62c6244881556686dcddad610617fb4930cb,runs\main\saner-main-v1\local-qwen3-14b\task-10976\rep-2\scores.json,8513ca7ec0b6b5e87dedb483485c8f53337ca109e7faa432af4f222ea76a4dd5
315,10976,2.6.25,Qwen3-14B,3,"A,D2,B1,C2,B2,C1,D1",complete,True,,runs\main\saner-main-v1\local-qwen3-14b\task-10976\rep-3\summary.json,7ebdfb73ec27dcde3cddadacb3e7bd1d10f89773b6f4697ea3fea1fd779337a3,runs\main\saner-main-v1\local-qwen3-14b\task-10976\rep-3\scores.json,f60353f4f0692cfd28d1d38171680c24755e8386ee0901fb9fd06b0549be1c81
316,10976,2.6.25,qwen-plus-2025-12-01,1,"B1,B2,A,C2,D1,D2,C1",complete,True,,runs\main\saner-main-v1\service-qwen-plus\task-10976\rep-1\summary.json,08c3f08638717399f428a055d2495466521e65c3148e4183afe27a814cf5f915,runs\main\saner-main-v1\service-qwen-plus\task-10976\rep-1\scores.json,b3f11c1dd9542d09f226412d2e5847a56be55accf28de87976027573b410c426
317,10976,2.6.25,qwen-plus-2025-12-01,2,"C2,B1,A,D1,D2,B2,C1",complete,True,,runs\main\saner-main-v1\service-qwen-plus\task-10976\rep-2\summary.json,9a19fd09d7db3eefa5320b76a8faee67f35cba0905ba4a4a8cd2cbb363deca68,runs\main\saner-main-v1\service-qwen-plus\task-10976\rep-2\scores.json,5a0192ed12bd360c202fcccf01dd68e5cf402fe67b1fd7aeb518ca78fe909368
318,10976,2.6.25,qwen-plus-2025-12-01,3,"B2,D2,D1,B1,C2,A,C1",complete,True,,runs\main\saner-main-v1\service-qwen-plus\task-10976\rep-3\summary.json,5532f5b2cb8e87e428ca3ea15321484901d9a80b193dc0431f3e271ede72aae3,runs\main\saner-main-v1\service-qwen-plus\task-10976\rep-3\scores.json,e934d13215369b9f9b14a6959806801b0e2d8ae74ee95b429a940976b5dfd6bd
319,1822,2.6.1,Qwen3-14B,1,"C2,A,D2,C1,B1,D1,B2",complete,True,,runs\main\saner-main-v1\local-qwen3-14b\task-1822\rep-1\summary.json,ba124a5f63a6a8e92b31bb58ed4673840c912a744613cb4660d5ef361433b5b3,runs\main\saner-main-v1\local-qwen3-14b\task-1822\rep-1\scores.json,2c235545ba6a350dba3a7cf57f27e2766867d974fde7bff9f3353b4862b12439
320,1822,2.6.1,Qwen3-14B,2,"C1,B1,A,D1,D2,C2,B2",complete,True,,runs\main\saner-main-v1\local-qwen3-14b\task-1822\rep-2\summary.json,6f5e4b149d6facc0bd7665e47b2f5c279c0930d87f6e1547c62da775ab7e284c,runs\main\saner-main-v1\local-qwen3-14b\task-1822\rep-2\scores.json,dc00e4df02c7a6fa644b93139f60d79db6c109acdebc67f4597a81e7bea8ca19
321,1822,2.6.1,Qwen3-14B,3,"B2,B1,D2,C2,D1,C1,A",complete,True,,runs\main\saner-main-v1\local-qwen3-14b\task-1822\rep-3\summary.json,40162efe266ec0677c65c779891079a20a729f71fee0fe3424b6dde7311c7037,runs\main\saner-main-v1\local-qwen3-14b\task-1822\rep-3\scores.json,24808ec02fd6569e2d8ef6b60ec4aa63a3dbfc5285862a841897754349242d3e
322,1822,2.6.1,qwen-plus-2025-12-01,1,"B2,A,D2,C2,C1,D1,B1",complete,True,,runs\main\saner-main-v1\service-qwen-plus\task-1822\rep-1\summary.json,02db61f60bd349dc85ddac6713291468d10a31c62fcbc80ad86d707ec53f4067,runs\main\saner-main-v1\service-qwen-plus\task-1822\rep-1\scores.json,7fe8d820b20bad96cd784d41f704de2ada2c22ff891166df808194e11d470d37
323,1822,2.6.1,qwen-plus-2025-12-01,2,"A,B2,C2,B1,D2,C1,D1",complete,True,,runs\main\saner-main-v1\service-qwen-plus\task-1822\rep-2\summary.json,e5ddbd6334252868af2c5fba8685dc652ef49ddacfc42a096fdce09d6f994e1b,runs\main\saner-main-v1\service-qwen-plus\task-1822\rep-2\scores.json,fef0cc3f0c826fe5a42de89cc259a2a56d5d530fdfe781fa45e5bc2ff8bdff12
324,1822,2.6.1,qwen-plus-2025-12-01,3,"B2,C1,C2,A,B1,D1,D2",complete,True,,runs\main\saner-main-v1\service-qwen-plus\task-1822\rep-3\summary.json,e08f8151c254ea5a699aab7c62891d085734c6bb8e97705624892ecbfc69266a,runs\main\saner-main-v1\service-qwen-plus\task-1822\rep-3\scores.json,4f2e845ae336250cebd48b5ce4e075fac1242924d97388428393a7d474bb218a
325,40042,3.0,Qwen3-14B,1,"C1,D1,B2,A,D2,C2,B1",complete,True,,runs\main\saner-main-v1\local-qwen3-14b\task-40042\rep-1\summary.json,9e10da21b9a4f5acd9f17c377a304b37d21daad9ec4d62d3fc12fd30d54d113b,runs\main\saner-main-v1\local-qwen3-14b\task-40042\rep-1\scores.json,7ae41ce373a99c22c1119d5d609ed6efea1bd27d6bab207155d814b8934667db
326,40042,3.0,Qwen3-14B,2,"C2,A,C1,D1,B1,D2,B2",complete,True,,runs\main\saner-main-v1\local-qwen3-14b\task-40042\rep-2\summary.json,3574b15185806acc4a71af34f06d120ae88869702788e5026c05890365cb6a3f,runs\main\saner-main-v1\local-qwen3-14b\task-40042\rep-2\scores.json,e199b37cb9c5e72a741e20f3a844e5fbbebe303fad1326fdec9c8bd3076f15e3
327,40042,3.0,Qwen3-14B,3,"D1,A,B1,C2,C1,D2,B2",complete,True,,runs\main\saner-main-v1\local-qwen3-14b\task-40042\rep-3\summary.json,aef52ae533bbc353ff7c4e03bca533da64dcfb18dc68fbd30d08a645af43d425,runs\main\saner-main-v1\local-qwen3-14b\task-40042\rep-3\scores.json,66abadea3d57cf1fb0b7595710c936c5769f309177a420418f69ce6c4563600a
328,40042,3.0,qwen-plus-2025-12-01,1,"B2,C1,D2,D1,A,B1,C2",complete,True,,runs\main\saner-main-v1\service-qwen-plus\task-40042\rep-1\summary.json,379b637a3bd63424c3deda7923e3a79e931e27c209b1b7d62725616e955665c4,runs\main\saner-main-v1\service-qwen-plus\task-40042\rep-1\scores.json,d99ec2812605b7606813ef07f27786379f43a8d14d4ad22b601ed044b8b1f259
329,40042,3.0,qwen-plus-2025-12-01,2,"D1,C2,D2,A,C1,B2,B1",complete,True,,runs\main\saner-main-v1\service-qwen-plus\task-40042\rep-2\summary.json,bdf471e5385b0e4bc1d5f6565792ca236ae9b8a8d8180b8ba1a950a1cb30bbb1,runs\main\saner-main-v1\service-qwen-plus\task-40042\rep-2\scores.json,5b968621c29469c80d69b2e2015957fad05fe81283d2d14f0a2e7c76c7577f59
330,40042,3.0,qwen-plus-2025-12-01,3,"D1,B2,C2,C1,D2,B1,A",complete,True,,runs\main\saner-main-v1\service-qwen-plus\task-40042\rep-3\summary.json,b4d133c5e0ec6b1141a94e1541ef2ac9b7fd65d37de8cb3bde5cd64bc8968a3a,runs\main\saner-main-v1\service-qwen-plus\task-40042\rep-3\scores.json,ee19ce5636d15cc293acb57f906983d720f2db4d0bc493c1af0eeeabee513a4f
331,13793,2.6.31-rc3,Qwen3-14B,1,"B1,B2,C2,D2,D1,A,C1",complete,True,,runs\main\saner-main-v1\local-qwen3-14b\task-13793\rep-1\summary.json,6510273794ed720fcdf02afafe5ff6914923761f554db53f3f247ef311f25dff,runs\main\saner-main-v1\local-qwen3-14b\task-13793\rep-1\scores.json,3815b16550856d8d060cd3cbbdbef8082849a8a290f9425c6bd504b1226ea4b2
332,13793,2.6.31-rc3,Qwen3-14B,2,"B2,D2,D1,C2,B1,A,C1",complete,True,,runs\main\saner-main-v1\local-qwen3-14b\task-13793\rep-2\summary.json,f254e69b551cda651e24a2f9afba46fb397e21e3abc3ec4c1aae5e1aba37f811,runs\main\saner-main-v1\local-qwen3-14b\task-13793\rep-2\scores.json,5cec50c17eb88eb74f77a71c4fb6dcdcb919671f0c08da070a5671d063d2bd27
333,13793,2.6.31-rc3,Qwen3-14B,3,"C2,A,C1,D2,B2,B1,D1",complete,True,,runs\main\saner-main-v1\local-qwen3-14b\task-13793\rep-3\summary.json,d63b159329e4ffbaf2e090fe5fdbbc6690987a9e63676adbfd4893281f1196d8,runs\main\saner-main-v1\local-qwen3-14b\task-13793\rep-3\scores.json,13bb6a24c9c0259b93bfc6e72dca5cdba853d979d881b562eee0204d3c0125ad
334,13793,2.6.31-rc3,qwen-plus-2025-12-01,1,"A,D1,B1,C1,D2,C2,B2",complete,True,,runs\main\saner-main-v1\service-qwen-plus\task-13793\rep-1\summary.json,39031e141e7ca82c8a0dd29e20c7fec440b2e54e4eb8e51447f219e4d0d19da2,runs\main\saner-main-v1\service-qwen-plus\task-13793\rep-1\scores.json,80cdcdfc9e483e10481525a9e750144278af7b03950321a0c425c7cda0efc720
335,13793,2.6.31-rc3,qwen-plus-2025-12-01,2,"C1,D1,D2,A,B1,B2,C2",complete,True,,runs\main\saner-main-v1\service-qwen-plus\task-13793\rep-2\summary.json,d909951e169577a25fa460cb98ce1d7cfcc99e61db89160e053a8782e594a532,runs\main\saner-main-v1\service-qwen-plus\task-13793\rep-2\scores.json,0c6c6e556cab4860a489ee00f57025b5543007ad7d77f3997e5f6e52f2141048
336,13793,2.6.31-rc3,qwen-plus-2025-12-01,3,"D1,D2,C2,C1,A,B2,B1",complete,True,,runs\main\saner-main-v1\service-qwen-plus\task-13793\rep-3\summary.json,439f3ca6f02ebbb95ae9b85c60c69b0ce7790c7f8d8961cb5106b8d5ee53b908,runs\main\saner-main-v1\service-qwen-plus\task-13793\rep-3\scores.json,b247eb37837f6ce0c3cd3b914a4279f60250c7a5d95bafe47eb4ed604c9b729e
337,2567,2.4.26,Qwen3-14B,1,"D1,C2,C1,B1,B2,A,D2",complete,True,,runs\main\saner-main-v1\local-qwen3-14b\task-2567\rep-1\summary.json,703bd90e5a2828eb9f32617e57fb2b8df34ee05dd501a544dcf95fc58889131b,runs\main\saner-main-v1\local-qwen3-14b\task-2567\rep-1\scores.json,054fe29c0ecf17b0573db7c23f71f3db492585212562a703d0a5ac7028321636
338,2567,2.4.26,Qwen3-14B,2,"B2,A,C1,D1,D2,C2,B1",complete,True,,runs\main\saner-main-v1\local-qwen3-14b\task-2567\rep-2\summary.json,62fa63dd3c82b9f7bed51bb26f610321aa3073206732e3494b75a0ccdcbdf816,runs\main\saner-main-v1\local-qwen3-14b\task-2567\rep-2\scores.json,6edafca8e6b5369e27d0aea1b658682667049e8255b265349127dc387a3e0e4f
339,2567,2.4.26,Qwen3-14B,3,"C1,D1,C2,B2,A,D2,B1",complete,True,,runs\main\saner-main-v1\local-qwen3-14b\task-2567\rep-3\summary.json,6afe53d3a8d194c57f39e070e98564d183e0695b3d5164aaccecc83604df85db,runs\main\saner-main-v1\local-qwen3-14b\task-2567\rep-3\scores.json,1d9720b582ec220194f84a1e8cbca720eb997b51d64b28e7a5a7f5c048b87ad8
340,2567,2.4.26,qwen-plus-2025-12-01,1,"D2,A,C2,C1,B1,B2,D1",complete,True,,runs\main\saner-main-v1\service-qwen-plus\task-2567\rep-1\summary.json,2568926372f2edc19ff8bb9e8fb2c981e9a8ca5a320dba340dfb4730d23a313a,runs\main\saner-main-v1\service-qwen-plus\task-2567\rep-1\scores.json,331f29bd6c819c53a2421acd0bc592cb10b7386ed83bf6505b0779ec41c8f992
341,2567,2.4.26,qwen-plus-2025-12-01,2,"C2,B1,C1,A,D1,D2,B2",complete,True,,runs\main\saner-main-v1\service-qwen-plus\task-2567\rep-2\summary.json,61d704c30e2c32176c309881eac504530e18fb4688a43b8de7c111107e82c0e2,runs\main\saner-main-v1\service-qwen-plus\task-2567\rep-2\scores.json,f647648c6417cef347ec23bcb93a3e94990ddc0dba763ffccd4d5264bae0d1c9
342,2567,2.4.26,qwen-plus-2025-12-01,3,"B1,D2,C1,B2,C2,A,D1",complete,True,,runs\main\saner-main-v1\service-qwen-plus\task-2567\rep-3\summary.json,ef9bcc237e213fcda3b616684f4a5b62e35f63b7b8ef2022adb7e03a985b9e12,runs\main\saner-main-v1\service-qwen-plus\task-2567\rep-3\scores.json,5d435b2cbbe12643039f1f93f17425718b9ce34770a9ad58b03430140bcc9d41
343,50491,3.0.39,Qwen3-14B,1,"B1,B2,D1,C1,C2,D2,A",complete,True,,runs\main\saner-main-v1\local-qwen3-14b\task-50491\rep-1\summary.json,923ad73bb18f4d5c83ac006a8469d98acf1cf07d9478c71b299ef6401cd9c0d5,runs\main\saner-main-v1\local-qwen3-14b\task-50491\rep-1\scores.json,108710533515adcf890176c21c2f799a90f721cbac75dff6ead03cc560f09af2
344,50491,3.0.39,Qwen3-14B,2,"A,B2,C2,C1,D2,D1,B1",complete,True,,runs\main\saner-main-v1\local-qwen3-14b\task-50491\rep-2\summary.json,5946cfbe31f26e6c6b983243833cb897c03054ce55ee94a59e07504898edca79,runs\main\saner-main-v1\local-qwen3-14b\task-50491\rep-2\scores.json,bdc62d7a6497975e80929d8e81b5f4346bb30de073490705809f34de7131858d
345,50491,3.0.39,Qwen3-14B,3,"D2,C2,D1,B1,C1,B2,A",complete,True,,runs\main\saner-main-v1\local-qwen3-14b\task-50491\rep-3\summary.json,8010fc5276f755e3f052ac426fc59f74388f572d45cc7c4fa50a871c5b2877e5,runs\main\saner-main-v1\local-qwen3-14b\task-50491\rep-3\scores.json,57567106951e05c6cd6d415eb9250b32d4db250224d6c49a39fc1ae46577c1f1
346,50491,3.0.39,qwen-plus-2025-12-01,1,"B2,D1,C2,A,C1,B1,D2",complete,True,,runs\main\saner-main-v1\service-qwen-plus\task-50491\rep-1\summary.json,cabab0fa901b96f6433daf51aba84c98b2ed037db7ccf152abab0d7890904b86,runs\main\saner-main-v1\service-qwen-plus\task-50491\rep-1\scores.json,1883f38ea702dd98f625094ea0ffd99fade1816062f26533d4bb6488186e5b3d
347,50491,3.0.39,qwen-plus-2025-12-01,2,"B2,B1,C1,A,D1,C2,D2",complete,True,,runs\main\saner-main-v1\service-qwen-plus\task-50491\rep-2\summary.json,d5ebfff1f166fbbb073b93e450eca586698f7be818f57a30f2beab727946c0b3,runs\main\saner-main-v1\service-qwen-plus\task-50491\rep-2\scores.json,111eebc675ff33a76df13ccf0518c98f9410b0cbea19204216c70000630a94ae
348,50491,3.0.39,qwen-plus-2025-12-01,3,"B2,D2,C1,D1,B1,C2,A",complete,True,,runs\main\saner-main-v1\service-qwen-plus\task-50491\rep-3\summary.json,4dd998e8ce76e8a9a9f539c8de96d8d9d6cb4b58c2d3873e6edd5cd643f36871,runs\main\saner-main-v1\service-qwen-plus\task-50491\rep-3\scores.json,b8f260486a23e7145cafb58ccade5e3cd4045125f75d4878f8ec5bced03f0777
349,13232,2.6.29,Qwen3-14B,1,"C2,D1,A,B1,D2,C1,B2",complete,True,,runs\main\saner-main-v1\local-qwen3-14b\task-13232\rep-1\summary.json,3bab910e0b363c1c531222425b77892f7aa1601826c565320fe6b4da807346d1,runs\main\saner-main-v1\local-qwen3-14b\task-13232\rep-1\scores.json,ac7765fde4ffc13f8ae734761d2322397ce5e1fe74437883f289cc78ebfa3e99
350,13232,2.6.29,Qwen3-14B,2,"B1,A,D1,D2,B2,C2,C1",complete,True,,runs\main\saner-main-v1\local-qwen3-14b\task-13232\rep-2\summary.json,8e64ead4f26982c6dffad5a898034a60210965fe2c25ac4bc4e0e400958e5fe3,runs\main\saner-main-v1\local-qwen3-14b\task-13232\rep-2\scores.json,1ab286a30feef82218db325593f8d6842de2560f39d042731d51009f350b731f
351,13232,2.6.29,Qwen3-14B,3,"D1,C1,D2,C2,A,B2,B1",complete,True,,runs\main\saner-main-v1\local-qwen3-14b\task-13232\rep-3\summary.json,376dda51a923a5ffc67f26c42e2f9c4186f9370ea96b6fae043d7f59d622b746,runs\main\saner-main-v1\local-qwen3-14b\task-13232\rep-3\scores.json,bb2316a60a21fdddd31fe677df8386909bb32cae82b399c30575fee4fa119db5
352,13232,2.6.29,qwen-plus-2025-12-01,1,"D2,B1,C2,C1,B2,D1,A",complete,True,,runs\main\saner-main-v1\service-qwen-plus\task-13232\rep-1\summary.json,a5a8cba863d1534f335d6b84c00bed977e960ae468adadf689cd9b25167f6b2f,runs\main\saner-main-v1\service-qwen-plus\task-13232\rep-1\scores.json,0345cb42c39fcb4cfbce7c2df88d7baab77ef790602642e60f29faed9cc6fbbd
353,13232,2.6.29,qwen-plus-2025-12-01,2,"A,C2,D2,B1,D1,C1,B2",complete,True,,runs\main\saner-main-v1\service-qwen-plus\task-13232\rep-2\summary.json,b565dc67842143d2f455e812484d2e2f04dcd2b407271b5c0da53ac349d8f41e,runs\main\saner-main-v1\service-qwen-plus\task-13232\rep-2\scores.json,1b54929caf8eef61f7780fc9a9441d37668c60693bebb9b557c562c47b936d4a
354,13232,2.6.29,qwen-plus-2025-12-01,3,"C1,A,B2,C2,D1,D2,B1",complete,True,,runs\main\saner-main-v1\service-qwen-plus\task-13232\rep-3\summary.json,977ff2160c3d08d6934e5c07c1db7553533556e02f36774cee4e6b0a0526d3ce,runs\main\saner-main-v1\service-qwen-plus\task-13232\rep-3\scores.json,a60e0ae1047c00a4b5cd5ae6c7f7d63432bb10787124f77fb79833b2762f32af
355,5151,2.6.13,Qwen3-14B,1,"D2,A,D1,B1,C1,C2,B2",complete,True,,runs\main\saner-main-v1\local-qwen3-14b\task-5151\rep-1\summary.json,6efa3132a61c24b9cb54743a5528869f6e3ba92cdd56c812daf3a21dd69b4c7e,runs\main\saner-main-v1\local-qwen3-14b\task-5151\rep-1\scores.json,ca7a884926d06b4721df96a5dce0b05afa059d56aa10f72a01f82b35d079d7f0
356,5151,2.6.13,Qwen3-14B,2,"D1,D2,A,B2,C2,B1,C1",complete,True,,runs\main\saner-main-v1\local-qwen3-14b\task-5151\rep-2\summary.json,9a3fa42359ff87cfdc4ea4c2274d94737188335493f1219eab0c0046ee8fa07b,runs\main\saner-main-v1\local-qwen3-14b\task-5151\rep-2\scores.json,c6382b79ad8e7df9e559828d3830abf3fab9b1efd61c5140803a168ea731ca9f
357,5151,2.6.13,Qwen3-14B,3,"D1,A,B2,B1,C1,D2,C2",complete,True,,runs\main\saner-main-v1\local-qwen3-14b\task-5151\rep-3\summary.json,d1db4e48aec8920667781807e9d8b13cf86f2ea574814ae0b6862080cf4c4c03,runs\main\saner-main-v1\local-qwen3-14b\task-5151\rep-3\scores.json,87e7589a534499982e86d74493b5bdc0ebf9e63a07d0e5cf523579bb0b19bbd9
358,5151,2.6.13,qwen-plus-2025-12-01,1,"D1,C1,D2,B2,A,C2,B1",complete,True,,runs\main\saner-main-v1\service-qwen-plus\task-5151\rep-1\summary.json,db13732dea2675d21955cfb1bc23f480e7909a7c573385364f5071915777474f,runs\main\saner-main-v1\service-qwen-plus\task-5151\rep-1\scores.json,8650f070ea989e51729d6eb51a4216a91433962ff326edc97bfc993b8b90ebc0
359,5151,2.6.13,qwen-plus-2025-12-01,2,"C1,B1,A,B2,C2,D2,D1",complete,True,,runs\main\saner-main-v1\service-qwen-plus\task-5151\rep-2\summary.json,6323ce9d8dd9d6295c170d0c6c0d017978746a04762ee20655606bd7702eca2a,runs\main\saner-main-v1\service-qwen-plus\task-5151\rep-2\scores.json,e6f088ed059c934f224f3145ad9366079bb6c47d2bf93ffabd1f4479a3dfa086
360,5151,2.6.13,qwen-plus-2025-12-01,3,"B1,D2,C2,A,B2,C1,D1",complete,True,,runs\main\saner-main-v1\service-qwen-plus\task-5151\rep-3\summary.json,b34344737826a5fb6d6a9bd93200f342a2b5bb1276a8836733e325ef56a7d47c,runs\main\saner-main-v1\service-qwen-plus\task-5151\rep-3\scores.json,939332058ea5767cdf8433381f0cdf82f3e0553ed071f434e97aa98408cb5e1a
361,9699,2.6.24,Qwen3-14B,1,"D2,B2,B1,C1,A,C2,D1",complete,True,,runs\main\saner-main-v1\local-qwen3-14b\task-9699\rep-1\summary.json,48ca7cf87faedb4e90cbea81c384f38c40d80e8c5f795beb64c23feea13f4528,runs\main\saner-main-v1\local-qwen3-14b\task-9699\rep-1\scores.json,e7cdb2f48eccbff0045497cd5946074a697c9106a69dbc3f2bd3313bea10aa25
362,9699,2.6.24,Qwen3-14B,2,"C2,C1,D1,A,B1,D2,B2",complete,True,,runs\main\saner-main-v1\local-qwen3-14b\task-9699\rep-2\summary.json,92424f2a0d92a19c437e3b9bff61e6e5bbcc4b1c0649a29cf7e79de89e390e6d,runs\main\saner-main-v1\local-qwen3-14b\task-9699\rep-2\scores.json,a9b44cadb86a26764c4e92b69ea8b1995d33d94f572ed7a7b85ebbef37de323c
363,9699,2.6.24,Qwen3-14B,3,"B2,A,C2,C1,B1,D2,D1",complete,True,,runs\main\saner-main-v1\local-qwen3-14b\task-9699\rep-3\summary.json,4b0a707bf711e607cc66d7eff0ed68aa274a8a9b21e25565f365addaee985751,runs\main\saner-main-v1\local-qwen3-14b\task-9699\rep-3\scores.json,2bc07d6f76d37283872737d3812b8268f06a8dc78663df49f84d68474bbdfed8
364,9699,2.6.24,qwen-plus-2025-12-01,1,"C1,A,C2,D2,D1,B1,B2",complete,True,,runs\main\saner-main-v1\service-qwen-plus\task-9699\rep-1\summary.json,b78cb289454e8a9324e6f45d5d1f470d35f79dff1bd2c12e71b19d88d316d301,runs\main\saner-main-v1\service-qwen-plus\task-9699\rep-1\scores.json,dde678e2c88e9225eebc110097f063d7cdfbbda6942f26eff64b29b927619da8
365,9699,2.6.24,qwen-plus-2025-12-01,2,"D2,B2,C2,A,C1,D1,B1",complete,True,,runs\main\saner-main-v1\service-qwen-plus\task-9699\rep-2\summary.json,e10d4982247ec9f9caec9afb48502bbf35f0674ed782ffa554f7f6dc383b177c,runs\main\saner-main-v1\service-qwen-plus\task-9699\rep-2\scores.json,43ab097494ce80966bf61e0c1c131a72d605aec5aa55410a42239e07033f465d
366,9699,2.6.24,qwen-plus-2025-12-01,3,"A,D2,D1,C2,B2,C1,B1",complete,True,,runs\main\saner-main-v1\service-qwen-plus\task-9699\rep-3\summary.json,0c10945564998b3a236308f7ee0cb24753cc44c0c7b6291c950bed0958b30385,runs\main\saner-main-v1\service-qwen-plus\task-9699\rep-3\scores.json,40636685b77dbc106129350134dcfb114fc1ad0ba5d2ba92a511fc054de29368
367,2829,2.6.6,Qwen3-14B,1,"B2,D2,B1,C1,A,D1,C2",complete,True,,runs\main\saner-main-v1\local-qwen3-14b\task-2829\rep-1\summary.json,9da845a30f0b1774eed774ccd509305f659e22018801065b8ef2cf41a881baa5,runs\main\saner-main-v1\local-qwen3-14b\task-2829\rep-1\scores.json,99609fc9006da82aabc4f7f8fa3c001ef26a367515f70ef5787a8b25636eca2e
368,2829,2.6.6,Qwen3-14B,2,"C1,A,D1,B2,C2,B1,D2",complete,True,,runs\main\saner-main-v1\local-qwen3-14b\task-2829\rep-2\summary.json,c69a3d59475d532d77b03bc28a40e5eb1e3cee47fb25fcc2fa0240c5274453dc,runs\main\saner-main-v1\local-qwen3-14b\task-2829\rep-2\scores.json,4d9a34e8ff05a0f52f6e5f0423420968d5e3907b52e310271befb68d581aebe4
369,2829,2.6.6,Qwen3-14B,3,"C2,C1,A,D2,B2,B1,D1",complete,True,,runs\main\saner-main-v1\local-qwen3-14b\task-2829\rep-3\summary.json,395cf89c56ebcf6f382e85b4ebf973e13025aeb5c5272cebb4a0f0007429f34c,runs\main\saner-main-v1\local-qwen3-14b\task-2829\rep-3\scores.json,2839bde1208bac6a6281fd057bb1b06cd73de15ff9ca881ea2734be77b17b9c3
370,2829,2.6.6,qwen-plus-2025-12-01,1,"D2,B1,B2,A,C2,C1,D1",complete,True,,runs\main\saner-main-v1\service-qwen-plus\task-2829\rep-1\summary.json,e400f8056f01b6dd6c3fb4fa11f7f378343d0bbb918b3ca02be3d193c69890d2,runs\main\saner-main-v1\service-qwen-plus\task-2829\rep-1\scores.json,99e52b9fc8b3c2dd2412fe137990d9db9d80f589a94a267b94e650a3ca4ded56
371,2829,2.6.6,qwen-plus-2025-12-01,2,"C2,B1,D1,D2,C1,B2,A",complete,True,,runs\main\saner-main-v1\service-qwen-plus\task-2829\rep-2\summary.json,c03f1349d4402d1e502a391d7c93b1cdf79ab883bf184110bb5520c7c0bceb94,runs\main\saner-main-v1\service-qwen-plus\task-2829\rep-2\scores.json,bb1bf994d3a7a2104da4a97c3e8879c7f6478500da6fe5fc725fa3167e1e7395
372,2829,2.6.6,qwen-plus-2025-12-01,3,"B2,C2,B1,A,D1,C1,D2",complete,True,,runs\main\saner-main-v1\service-qwen-plus\task-2829\rep-3\summary.json,196b7ae835bfc314422f4eb73dfa1381de52aef272e95bae01792eab44ec3d87,runs\main\saner-main-v1\service-qwen-plus\task-2829\rep-3\scores.json,9ab55ff907cc8635dace46066b6061c7c7d26e74eafd660ff63db331034f8572
373,41672,3.1-rc3,Qwen3-14B,1,"A,D2,C1,C2,D1,B2,B1",complete,True,,runs\main\saner-main-v1\local-qwen3-14b\task-41672\rep-1\summary.json,340f88a63e0ac94023c42cf2aa8797c72aadfcc753bac2c7d54db391bc82682b,runs\main\saner-main-v1\local-qwen3-14b\task-41672\rep-1\scores.json,6af3d654e187b5b398c652ae15910f5e3199aaa8219595dbda788e6c2f7bef54
374,41672,3.1-rc3,Qwen3-14B,2,"B1,A,B2,C2,D1,D2,C1",complete,True,,runs\main\saner-main-v1\local-qwen3-14b\task-41672\rep-2\summary.json,a9c2e90dd22cfa83a20f34db74b9d7c15586aa5671231b64e5108577497038d1,runs\main\saner-main-v1\local-qwen3-14b\task-41672\rep-2\scores.json,9bba2391ddbbabc61c86180da65064b854c5a41f03b39c85140d3039d9927abe
375,41672,3.1-rc3,Qwen3-14B,3,"D2,C1,B1,B2,A,D1,C2",complete,True,,runs\main\saner-main-v1\local-qwen3-14b\task-41672\rep-3\summary.json,866f48981f73d36b24c4c6552dd42b42aa4c2c47ba1699265334bb338963bb45,runs\main\saner-main-v1\local-qwen3-14b\task-41672\rep-3\scores.json,4ba55886393e7c171c66fc080d50432565b6926e669b7253ec92eb55ce889d1f
376,41672,3.1-rc3,qwen-plus-2025-12-01,1,"B1,C2,D2,D1,C1,B2,A",complete,True,,runs\main\saner-main-v1\service-qwen-plus\task-41672\rep-1\summary.json,e2457e61508bab502f8a3c55e37c560e407aca4586cc35a8ca823dc370058d29,runs\main\saner-main-v1\service-qwen-plus\task-41672\rep-1\scores.json,e80df81c0e3453878bdb6eeabba8a1d4ef2c3d53a34144b6d2750b15d6b7f2d6
377,41672,3.1-rc3,qwen-plus-2025-12-01,2,"D2,B1,A,C2,C1,B2,D1",complete,True,,runs\main\saner-main-v1\service-qwen-plus\task-41672\rep-2\summary.json,60a29b185c1ca00b7f886444b8e50d5569f8b47241ce5b1dcd156d40febe02e3,runs\main\saner-main-v1\service-qwen-plus\task-41672\rep-2\scores.json,49adbc044a0f1ed4241fbadec4841ba75d07e5a5d6da5a0a9535b84b997d308a
378,41672,3.1-rc3,qwen-plus-2025-12-01,3,"C2,D1,B2,C1,D2,B1,A",complete,True,,runs\main\saner-main-v1\service-qwen-plus\task-41672\rep-3\summary.json,eee2db1457d1f9767f5b18c54a15ce5a6803f9f9125f32d047a99228ee02d55d,runs\main\saner-main-v1\service-qwen-plus\task-41672\rep-3\scores.json,380b203f43e8a89f485e1b13f57b54787cdd121fd899d2bd11f4a81c449500e7
379,11520,2.6.26,Qwen3-14B,1,"D1,C2,C1,B2,D2,B1,A",complete,True,,runs\main\saner-main-v1\local-qwen3-14b\task-11520\rep-1\summary.json,21ccdbf56f6076f88eb4791cdd3cd314743b0d1cd6c324dfadc9a708514cfc41,runs\main\saner-main-v1\local-qwen3-14b\task-11520\rep-1\scores.json,e9031ffffd39bdd6ff13b7fccb6371854d77120f62ccd5d3ab7729db76cc0ea1
380,11520,2.6.26,Qwen3-14B,2,"D1,B2,C1,C2,B1,A,D2",complete,True,,runs\main\saner-main-v1\local-qwen3-14b\task-11520\rep-2\summary.json,dbb4a61abbb110617c27bdc10c4af80b4cad3ad0882bf5b305935e1fae1c1159,runs\main\saner-main-v1\local-qwen3-14b\task-11520\rep-2\scores.json,2b2293e97695a0b51274a6264a36c6fc1843601ecf63e0b03edc93a3328a2935
381,11520,2.6.26,Qwen3-14B,3,"C2,C1,D2,B2,A,D1,B1",complete,True,,runs\main\saner-main-v1\local-qwen3-14b\task-11520\rep-3\summary.json,f76a61c1ee82f5ed9ac52bea5dbaf94289d903128d266ac2eda3a02f29ac954c,runs\main\saner-main-v1\local-qwen3-14b\task-11520\rep-3\scores.json,45eb74c402dd538affd764946edbb2984146e272392f3b48423a3e886fc98a5d
382,11520,2.6.26,qwen-plus-2025-12-01,1,"D1,D2,C1,A,C2,B1,B2",complete,True,,runs\main\saner-main-v1\service-qwen-plus\task-11520\rep-1\summary.json,fe4de56e45a48a1c1ab9d298069afa3a2bc162d543eb27c87883bdfbb3dfdc55,runs\main\saner-main-v1\service-qwen-plus\task-11520\rep-1\scores.json,e0ceb2ede6c44bed2fab1bdccbe859ba4f826a7334e780b51c6c66a0b5e2bf34
383,11520,2.6.26,qwen-plus-2025-12-01,2,"A,D2,B1,D1,C1,C2,B2",complete,True,,runs\main\saner-main-v1\service-qwen-plus\task-11520\rep-2\summary.json,e3991767f3af6a1956d898c38105826e3ac830ab14d33a0c386118e7f0f95115,runs\main\saner-main-v1\service-qwen-plus\task-11520\rep-2\scores.json,90efbbc014b544a2600bd717a1001f880de64725e202a608a5ce7485940b0692
384,11520,2.6.26,qwen-plus-2025-12-01,3,"C2,C1,A,D2,B1,D1,B2",complete,True,,runs\main\saner-main-v1\service-qwen-plus\task-11520\rep-3\summary.json,9e76f345b2f491b06a97381def2f0aaf6578160f9911caafeca879cab964d513,runs\main\saner-main-v1\service-qwen-plus\task-11520\rep-3\scores.json,16ae9ecec4e2b4f33c20402d72187954f7e2ff12cafd3b2e95d7a6949cb34e10
385,23892,2.6.22-rc1,Qwen3-14B,1,"B1,C2,A,C1,B2,D2,D1",complete,True,,runs\main\saner-main-v1\local-qwen3-14b\task-23892\rep-1\summary.json,e5c5b60706ef6be2feaa772a800d6a541c743f2a60f6f42c6afc3b3e6e378b25,runs\main\saner-main-v1\local-qwen3-14b\task-23892\rep-1\scores.json,21ee10a6dddd9d6051e4c9c8baa9baad22be9be7352d2e633b1956569c5275b6
386,23892,2.6.22-rc1,Qwen3-14B,2,"A,C1,D1,B1,C2,D2,B2",complete,True,,runs\main\saner-main-v1\local-qwen3-14b\task-23892\rep-2\summary.json,ca54fb011f4f09caa71439b13513dd8832e91d8253e3812fc167d065427539f2,runs\main\saner-main-v1\local-qwen3-14b\task-23892\rep-2\scores.json,63aa27e124193901b1248d071ef1e0863d09be88d0c6cbd643c8746ba3e7a07d
387,23892,2.6.22-rc1,Qwen3-14B,3,"D1,C2,B2,D2,A,C1,B1",complete,True,,runs\main\saner-main-v1\local-qwen3-14b\task-23892\rep-3\summary.json,0900f973fb55170aaf4ab6299dec41edcc2d4786c0aef4cfeff4ced509406cfb,runs\main\saner-main-v1\local-qwen3-14b\task-23892\rep-3\scores.json,71255a91f287a0bf576a71935b47d8d6716bb1c3f9bb390a9386b3009fc1dd26
388,23892,2.6.22-rc1,qwen-plus-2025-12-01,1,"B1,C2,D1,C1,A,D2,B2",complete,True,,runs\main\saner-main-v1\service-qwen-plus\task-23892\rep-1\summary.json,5c2c39e2bdd61729230024c4b90be6add187e8fdd5fca9490c666fb9c1cbeae8,runs\main\saner-main-v1\service-qwen-plus\task-23892\rep-1\scores.json,170275e5b2505c3dfb39c0d1522535474055bcec70f336b915befbf6ae81e9ee
389,23892,2.6.22-rc1,qwen-plus-2025-12-01,2,"C2,B1,C1,B2,A,D1,D2",complete,True,,runs\main\saner-main-v1\service-qwen-plus\task-23892\rep-2\summary.json,86f7bd136a80f442b0a0338db5160c7d5a2808c3930495308da2881bc1dd6a5c,runs\main\saner-main-v1\service-qwen-plus\task-23892\rep-2\scores.json,7dd9abd3df818330d12961fe891b4cc291ec245980822a0db9507b88363fdea9
390,23892,2.6.22-rc1,qwen-plus-2025-12-01,3,"D1,C2,A,D2,B2,C1,B1",complete,True,,runs\main\saner-main-v1\service-qwen-plus\task-23892\rep-3\summary.json,34ea86242ac97672f13305315bd00040610c51f31926339a6a8153b10096fe65,runs\main\saner-main-v1\service-qwen-plus\task-23892\rep-3\scores.json,4eaa617fca02f2396a8951d3fc1169899365daed9b27ca757d014258b2357416
391,10246,2.6.25-rc5,Qwen3-14B,1,"B1,D2,B2,C1,D1,A,C2",complete,True,,runs\main\saner-main-v1\local-qwen3-14b\task-10246\rep-1\summary.json,598a903e34bbeb60e7b99123103c1a3d29852ac49040521535c77af1dd6b72b9,runs\main\saner-main-v1\local-qwen3-14b\task-10246\rep-1\scores.json,516b5f7161cee55f01f26f6b099c3e519f678f34ab780021800a27fd45032493
392,10246,2.6.25-rc5,Qwen3-14B,2,"D2,D1,C1,C2,B1,A,B2",complete,True,,runs\main\saner-main-v1\local-qwen3-14b\task-10246\rep-2\summary.json,1e0bd02bb90192cf6ce210712e6c1a6960ac5578ae9eec3eae8d2c3d4856d628,runs\main\saner-main-v1\local-qwen3-14b\task-10246\rep-2\scores.json,d9d54d93a3cff1fe2bb05853e36ac8f73b07976453efa9d1c7ae741412f8b4c2
393,10246,2.6.25-rc5,Qwen3-14B,3,"C1,B2,D1,A,C2,B1,D2",complete,True,,runs\main\saner-main-v1\local-qwen3-14b\task-10246\rep-3\summary.json,71132f06c5c3a26b28cb2b7ec030d93ec6f0f002907d3aa2e48c77bc112d43ac,runs\main\saner-main-v1\local-qwen3-14b\task-10246\rep-3\scores.json,dca6eaa5158d0220bedfa7ebd3f5cd64838a667fb9860ba5c531140507ec8c86
394,10246,2.6.25-rc5,qwen-plus-2025-12-01,1,"C2,A,D1,B1,C1,D2,B2",complete,True,,runs\main\saner-main-v1\service-qwen-plus\task-10246\rep-1\summary.json,755506067e3d2ae09b34baa716efb4051f983d5d9a3ffe2ba19e67b13317fe6c,runs\main\saner-main-v1\service-qwen-plus\task-10246\rep-1\scores.json,e2b933c2ac281956f11b07dbf835c166c8685c41e823a1e5ced3682840a540ab
395,10246,2.6.25-rc5,qwen-plus-2025-12-01,2,"B1,D1,C2,C1,D2,A,B2",complete,True,,runs\main\saner-main-v1\service-qwen-plus\task-10246\rep-2\summary.json,76ddb7d9be2f25d38d0e4c752a0fee1d33b945b300f78d0aa47043142e29b2b6,runs\main\saner-main-v1\service-qwen-plus\task-10246\rep-2\scores.json,5ed78e2ead1c3fd550c0258de58062a2dce21aa1cb39a62ba3e3845e53ac4f97
396,10246,2.6.25-rc5,qwen-plus-2025-12-01,3,"D2,D1,C1,A,B2,C2,B1",complete,True,,runs\main\saner-main-v1\service-qwen-plus\task-10246\rep-3\summary.json,5b1f0cac7bc7fee1decc750febf8c334205e7e8b3eac17465cce85209eda8f90,runs\main\saner-main-v1\service-qwen-plus\task-10246\rep-3\scores.json,192883ddf9b68b00bc58bd28402b2ffbe195bf72f72da15b171ff8a2b2ba6aaa
397,30832,2.6.38-rc6,Qwen3-14B,1,"B1,C2,D2,C1,B2,A,D1",complete,True,,runs\main\saner-main-v1\local-qwen3-14b\task-30832\rep-1\summary.json,f9a145485c40b62b64f2916da913ec4e79e9879bdc0b2474a4b92adca724eebb,runs\main\saner-main-v1\local-qwen3-14b\task-30832\rep-1\scores.json,cf9b23c7b379c2b891385cc06897970f0ba1ba9d55809d6cad6b5156c2782afa
398,30832,2.6.38-rc6,Qwen3-14B,2,"B1,C2,D1,C1,B2,D2,A",complete,True,,runs\main\saner-main-v1\local-qwen3-14b\task-30832\rep-2\summary.json,d85e1b1b50441fcfec01cb13c2d0530694602c9ddab9f7741d5391a4422412fe,runs\main\saner-main-v1\local-qwen3-14b\task-30832\rep-2\scores.json,5beb7eedb6c312f1dbc5f6812a00392b92295417b9eb9b1b7558a6388b8da7fc
399,30832,2.6.38-rc6,Qwen3-14B,3,"C2,B2,C1,B1,D2,A,D1",complete,True,,runs\main\saner-main-v1\local-qwen3-14b\task-30832\rep-3\summary.json,6a63209c153a970a31ba799d5781264035565f7dd0c66d4229a4560c0528b674,runs\main\saner-main-v1\local-qwen3-14b\task-30832\rep-3\scores.json,641645efdde09259a6bea3b63558c8f658b9823ef0e986b76d7ab995d74324b9
400,30832,2.6.38-rc6,qwen-plus-2025-12-01,1,"C2,C1,D2,A,D1,B2,B1",complete,True,,runs\main\saner-main-v1\service-qwen-plus\task-30832\rep-1\summary.json,bd2481be458a68aa41a47da3491acf366190ab5d2cc774bff078b8e9ad751f5a,runs\main\saner-main-v1\service-qwen-plus\task-30832\rep-1\scores.json,a2c24a251393488359d1efbc7d454cbd97db69c3b70f8f7f3c6c653f62b24788
401,30832,2.6.38-rc6,qwen-plus-2025-12-01,2,"D2,A,C2,C1,B1,D1,B2",complete,True,,runs\main\saner-main-v1\service-qwen-plus\task-30832\rep-2\summary.json,69b80c0b74ec16e85f570b3be78803fc46514079f4e1e8b499b9aca2b1ef0429,runs\main\saner-main-v1\service-qwen-plus\task-30832\rep-2\scores.json,b631d75255593ef599242de471bea753823ab7b0fc1a325bb15edd0fee766eaf
402,30832,2.6.38-rc6,qwen-plus-2025-12-01,3,"D2,C2,B2,B1,A,D1,C1",complete,True,,runs\main\saner-main-v1\service-qwen-plus\task-30832\rep-3\summary.json,abdc91262df753989e8a83877458615760dc2e1bf57c46a48a8537c20a7c2c35,runs\main\saner-main-v1\service-qwen-plus\task-30832\rep-3\scores.json,6e96f43e5e07150a404afcaaac8a2770813fc53e685fc3637ede6aca0d075b0f
403,9374,2.6.24-rc2,Qwen3-14B,1,"D1,C2,D2,A,B1,B2,C1",complete,True,,runs\main\saner-main-v1\local-qwen3-14b\task-9374\rep-1\summary.json,7a50a47a3b2505a0a45c11b988b937352f448dba967dc57bbfc51664dd2d2796,runs\main\saner-main-v1\local-qwen3-14b\task-9374\rep-1\scores.json,add3e5d19b3aa026a06a4cf3532f5a8f056b1032d209101aa75372283e3fa504
404,9374,2.6.24-rc2,Qwen3-14B,2,"C2,C1,D1,D2,B2,B1,A",complete,True,,runs\main\saner-main-v1\local-qwen3-14b\task-9374\rep-2\summary.json,c77a9d873c08380b958dc3c77c30ad44141e8d5767d4bdfaa56324f7d83f7c69,runs\main\saner-main-v1\local-qwen3-14b\task-9374\rep-2\scores.json,28254be02998247b907e22ea67bd92ac6fef46f38486792caffef1f69556dbdf
405,9374,2.6.24-rc2,Qwen3-14B,3,"D2,B1,D1,B2,A,C2,C1",complete,True,,runs\main\saner-main-v1\local-qwen3-14b\task-9374\rep-3\summary.json,a4c85532e17f9d848a7423c8c7b7f49ab694734305b1abd6be2a949a40ab0636,runs\main\saner-main-v1\local-qwen3-14b\task-9374\rep-3\scores.json,a288fe4d2337737628da90c490bca0ed388df3a0c75bc286dab862956b11f054
406,9374,2.6.24-rc2,qwen-plus-2025-12-01,1,"B2,C2,D1,C1,D2,B1,A",complete,True,,runs\main\saner-main-v1\service-qwen-plus\task-9374\rep-1\summary.json,9b284e6eaa3d4deba5ae742a52df8ea64aa7d66007017d1fd32f43f95d2a97fc,runs\main\saner-main-v1\service-qwen-plus\task-9374\rep-1\scores.json,51491ec6be596da6af4417e905246fe1d96c929b5694f8960f5d6d6ce7b6205a
407,9374,2.6.24-rc2,qwen-plus-2025-12-01,2,"D2,C1,A,D1,C2,B2,B1",complete,True,,runs\main\saner-main-v1\service-qwen-plus\task-9374\rep-2\summary.json,75856cb7932886549d0905207e1a098faf0559c991e787ccc8d86d7335ef5d82,runs\main\saner-main-v1\service-qwen-plus\task-9374\rep-2\scores.json,e29db64efad54458e84479c5d8ff1b0bdaf88ae6a0d57341eecba8c8827b5d6e
408,9374,2.6.24-rc2,qwen-plus-2025-12-01,3,"D2,C2,A,B2,D1,C1,B1",complete,True,,runs\main\saner-main-v1\service-qwen-plus\task-9374\rep-3\summary.json,cd43d1298d92a5fe3d3374af923e8238fe08b02ed0edf0a40f04b5b2df3a2ced,runs\main\saner-main-v1\service-qwen-plus\task-9374\rep-3\scores.json,259c6fc098e828a1934b5ea7fb756a688df0ef0c2cda9605fc549bebe33c3021
409,13621,2.6.30,Qwen3-14B,1,"A,C2,B2,C1,D2,D1,B1",complete,True,,runs\main\saner-main-v1\local-qwen3-14b\task-13621\rep-1\summary.json,60ad3ef6fd09c7d3b0ff65327c00657f4397466e60178b1b308c47272344e5cf,runs\main\saner-main-v1\local-qwen3-14b\task-13621\rep-1\scores.json,386c8d16938206969d62105e38e5974c67190ad32c66d0fd5ba65b03e3b84658
410,13621,2.6.30,Qwen3-14B,2,"B2,D2,A,C1,D1,C2,B1",complete,True,,runs\main\saner-main-v1\local-qwen3-14b\task-13621\rep-2\summary.json,623abe3a8667cebd7f4ef2a933b2ebe17b3477696bf1ef243b3c4d060edf22a6,runs\main\saner-main-v1\local-qwen3-14b\task-13621\rep-2\scores.json,d3a677b8b81ae1b5722e583c65754c414010733e88b1849b0591d5e3fb97cbf2
411,13621,2.6.30,Qwen3-14B,3,"C1,D2,D1,A,B2,B1,C2",complete,True,,runs\main\saner-main-v1\local-qwen3-14b\task-13621\rep-3\summary.json,061c8d0dbfbdbd6794f9b036a119cb08ad1dc6a9ea08e3b4cf10776e57dfc94f,runs\main\saner-main-v1\local-qwen3-14b\task-13621\rep-3\scores.json,476bc36103e118b3681c1ef5ebb33544ba55133259f0d2a477d8ec1b8470bbaa
412,13621,2.6.30,qwen-plus-2025-12-01,1,"D1,B2,B1,C2,A,C1,D2",complete,True,,runs\main\saner-main-v1\service-qwen-plus\task-13621\rep-1\summary.json,5a5f454693349d4b808ad5e983cb3b3d4f637d8e2d99498ae6e339c2a8168b9f,runs\main\saner-main-v1\service-qwen-plus\task-13621\rep-1\scores.json,e8a46b9aa9ce986f815bf6f6922bc99f11afdd9c9dada8d67f95a0a113a80de7
413,13621,2.6.30,qwen-plus-2025-12-01,2,"B1,B2,C1,D1,A,C2,D2",complete,True,,runs\main\saner-main-v1\service-qwen-plus\task-13621\rep-2\summary.json,db4ba6a2965bba4a36c2cf6499cfe97f17185c4e7d69f1623da4be39a86442ba,runs\main\saner-main-v1\service-qwen-plus\task-13621\rep-2\scores.json,2e29328c256ad3bd2c9b894384e60f89099212c1442226e36038e60670359db9
414,13621,2.6.30,qwen-plus-2025-12-01,3,"A,C1,D1,C2,B1,B2,D2",complete,True,,runs\main\saner-main-v1\service-qwen-plus\task-13621\rep-3\summary.json,676a7a57443f90dfb67f498323ea5f7e2f70ce5a7aeaef3ce8c53fa72e535866,runs\main\saner-main-v1\service-qwen-plus\task-13621\rep-3\scores.json,0d9923c7d2ca29c4f999361d011bfa2fab63de5a4f5693294570946d23314fea
415,9133,2.6.22,Qwen3-14B,1,"A,D2,B2,C2,D1,B1,C1",complete,True,,runs\main\saner-main-v1\local-qwen3-14b\task-9133\rep-1\summary.json,adccc12c429888935e59a7a581ef45a2e91d7ae8f209cb6534d08778d190faee,runs\main\saner-main-v1\local-qwen3-14b\task-9133\rep-1\scores.json,84c974f999adffa982383cb1c32cc6957f584a5448ca4ad450726c1b94707cd1
416,9133,2.6.22,Qwen3-14B,2,"B1,C1,B2,D1,D2,A,C2",complete,True,,runs\main\saner-main-v1\local-qwen3-14b\task-9133\rep-2\summary.json,e8f40d8df4f5ca79e1d193f7e5c8a494425a0f64dbe78d510a5cb2bc72b9f144,runs\main\saner-main-v1\local-qwen3-14b\task-9133\rep-2\scores.json,ebb323c38d5eb809ce914e090cd59d64dc99e941879ce202926da1a626176037
417,9133,2.6.22,Qwen3-14B,3,"D2,B2,A,C2,C1,D1,B1",complete,True,,runs\main\saner-main-v1\local-qwen3-14b\task-9133\rep-3\summary.json,22076d7f0bf66529583a102733f9954993ca6f3c297b6eebf2bee4aeefdbcdcf,runs\main\saner-main-v1\local-qwen3-14b\task-9133\rep-3\scores.json,885b97ea00e73666c0bec74ee44c45b90079d25d7a122aa64203da5ca1264581
418,9133,2.6.22,qwen-plus-2025-12-01,1,"B2,D1,A,D2,C1,C2,B1",complete,True,,runs\main\saner-main-v1\service-qwen-plus\task-9133\rep-1\summary.json,cc9af4639005c70defc2e179916ea29a2f097dd9c696c5519528470516999bb6,runs\main\saner-main-v1\service-qwen-plus\task-9133\rep-1\scores.json,d5efb99ac6a7660344121731dc7f39c849561d70f419bc081f40659979ab0c66
419,9133,2.6.22,qwen-plus-2025-12-01,2,"B2,A,C1,D1,C2,D2,B1",complete,True,,runs\main\saner-main-v1\service-qwen-plus\task-9133\rep-2\summary.json,b574a799278470c17577009271159c2b747fe8abb372fce57d4725f99e65a415,runs\main\saner-main-v1\service-qwen-plus\task-9133\rep-2\scores.json,011ae9ef8f79fa534bf1ffc1169d3d3b661bde5a8790965970d78065e2180d19
420,9133,2.6.22,qwen-plus-2025-12-01,3,"B2,C1,D2,D1,B1,C2,A",complete,True,,runs\main\saner-main-v1\service-qwen-plus\task-9133\rep-3\summary.json,5ec0782feff5476bb70db068ff5f1fb194bd30fd9694858bca740cb1c4529e4b,runs\main\saner-main-v1\service-qwen-plus\task-9133\rep-3\scores.json,4a7b3666026e14285d2ec0c7417c9defcd78edde42df3669842c762a77b051d9
421,11399,2.6.26,Qwen3-14B,1,"B2,D2,B1,C1,C2,D1,A",complete,True,,runs\main\saner-main-v1\local-qwen3-14b\task-11399\rep-1\summary.json,5075ebf4db4ee896c0454142af9b6fc360c26927335f0f67a4f71cc0a53fbdfb,runs\main\saner-main-v1\local-qwen3-14b\task-11399\rep-1\scores.json,45f582a3f85d49eccf6c3231964c47b8bf6dddadbfbd3f90c5fcd4b49390e2d1
422,11399,2.6.26,Qwen3-14B,2,"B2,C2,A,D2,B1,C1,D1",complete,True,,runs\main\saner-main-v1\local-qwen3-14b\task-11399\rep-2\summary.json,039c3d6178bf6396cd1f971620d6966b594a50735c88cf8dcd8bdd1b5586d583,runs\main\saner-main-v1\local-qwen3-14b\task-11399\rep-2\scores.json,f051f8255e8ebc6b5400e5866db6cff0b4d714121fb00c73a68b763542a11f72
423,11399,2.6.26,Qwen3-14B,3,"C2,D1,A,C1,B2,D2,B1",complete,True,,runs\main\saner-main-v1\local-qwen3-14b\task-11399\rep-3\summary.json,32fcf77402e02cffa08ee018366530b8423c378e2bc2c1ace2174625d6ae3987,runs\main\saner-main-v1\local-qwen3-14b\task-11399\rep-3\scores.json,a4a63fbd48b1badaa665422f5feba694573f54bede417f4348b80a3a643df454
424,11399,2.6.26,qwen-plus-2025-12-01,1,"D2,B1,D1,B2,C1,C2,A",complete,True,,runs\main\saner-main-v1\service-qwen-plus\task-11399\rep-1\summary.json,debf5d0805f60487c512dd21c67d6cc475eb142c5810428fe068d95c9a467a04,runs\main\saner-main-v1\service-qwen-plus\task-11399\rep-1\scores.json,a9351442d902b5e72793c43065e8b05c0596f976a2d2c78a85a6c3a534aba667
425,11399,2.6.26,qwen-plus-2025-12-01,2,"D2,B2,D1,A,C1,C2,B1",complete,True,,runs\main\saner-main-v1\service-qwen-plus\task-11399\rep-2\summary.json,e0af9ef1a5e95dead410732299c0111e43631c7df33eaf883d7cafbe1efaba38,runs\main\saner-main-v1\service-qwen-plus\task-11399\rep-2\scores.json,3f68574dc59fcacb683689fea33d214310b8c6906f7c66f997bf283768ad5cd1
426,11399,2.6.26,qwen-plus-2025-12-01,3,"D2,C1,D1,B1,B2,A,C2",complete,True,,runs\main\saner-main-v1\service-qwen-plus\task-11399\rep-3\summary.json,a8a6b55b2224f2323900cb13965903f79e3f7bacbfef04d4fb4cc4bcfc31a95c,runs\main\saner-main-v1\service-qwen-plus\task-11399\rep-3\scores.json,9788fa08bdb97d8f1edf88157665fcf7181ae15e4ac47424c641657b7e2e3bb4
427,11865,2.6.27,Qwen3-14B,1,"D1,D2,C1,C2,A,B1,B2",complete,True,,runs\main\saner-main-v1\local-qwen3-14b\task-11865\rep-1\summary.json,5cfcbe686a01ba612f06f430fada2d24ccfe454b542f8070634add4517923e2e,runs\main\saner-main-v1\local-qwen3-14b\task-11865\rep-1\scores.json,09752f672878d2c6a302583b672cda2f0f92ebe7294fadead0073d304bc5b4fb
428,11865,2.6.27,Qwen3-14B,2,"D1,B2,C2,D2,A,C1,B1",complete,True,,runs\main\saner-main-v1\local-qwen3-14b\task-11865\rep-2\summary.json,2034660e640a8218ef5dc85695f3cefb7746853d0bd22f327b06aa2b14404aa7,runs\main\saner-main-v1\local-qwen3-14b\task-11865\rep-2\scores.json,ee150f5573718a80a118c77576d54e9c2b6fc43746fc2c8f75ffd4cde7381578
429,11865,2.6.27,Qwen3-14B,3,"A,C2,B2,D2,D1,C1,B1",complete,True,,runs\main\saner-main-v1\local-qwen3-14b\task-11865\rep-3\summary.json,06230aa505539615b9b205670f12e4ad39a1397b1abc8acfeb343c608a352e06,runs\main\saner-main-v1\local-qwen3-14b\task-11865\rep-3\scores.json,723cf90bf48e332fe052ab1b977c37df5ffb2ebd7d44a8c4cdd9be416d001f14
430,11865,2.6.27,qwen-plus-2025-12-01,1,"A,B1,B2,D1,C2,C1,D2",complete,True,,runs\main\saner-main-v1\service-qwen-plus\task-11865\rep-1\summary.json,53c1150ffd2dd3479c491871fb261963cebb613e3f2f878253ac5abe613ce865,runs\main\saner-main-v1\service-qwen-plus\task-11865\rep-1\scores.json,2ff1ef81f950fca6296a127dadff9ad306902c77e48e088f431f72ea73449936
431,11865,2.6.27,qwen-plus-2025-12-01,2,"D1,D2,C1,B2,B1,A,C2",complete,True,,runs\main\saner-main-v1\service-qwen-plus\task-11865\rep-2\summary.json,7b9cc054321e407b05ce86b5b9350b0943eddedc970dc84ad1c470d613fec1ad,runs\main\saner-main-v1\service-qwen-plus\task-11865\rep-2\scores.json,57a18edc7ec3b395c70e3b141f035f83b7f5f685201e781b563dcae90e3edb70
432,11865,2.6.27,qwen-plus-2025-12-01,3,"B2,C2,A,C1,B1,D1,D2",complete,True,,runs\main\saner-main-v1\service-qwen-plus\task-11865\rep-3\summary.json,1d49a2aab9f6060a1cb30b0228f3af79db00a3f969fbd03384800f92857a3385,runs\main\saner-main-v1\service-qwen-plus\task-11865\rep-3\scores.json,f42e702d94d1d0783775177dd91f9400f699f42be79d1a940683bea9d8b0cb36
433,5093,2.6.12,Qwen3-14B,1,"D1,D2,A,C2,C1,B1,B2",complete,True,,runs\main\saner-main-v1\local-qwen3-14b\task-5093\rep-1\summary.json,bad9474c9bd0213234a6fb5425bea7b4683309115952fa4cf35cce4af970d6fb,runs\main\saner-main-v1\local-qwen3-14b\task-5093\rep-1\scores.json,1713deaa25bd0a2690703f7d1c875b8d861e17526a920ea998fd61a45c7f44af
434,5093,2.6.12,Qwen3-14B,2,"A,C2,B1,C1,D1,B2,D2",complete,True,,runs\main\saner-main-v1\local-qwen3-14b\task-5093\rep-2\summary.json,3e68aed68c1d949d2d73da8aeda93347116080c9523167b3e9c6bf745e601eb3,runs\main\saner-main-v1\local-qwen3-14b\task-5093\rep-2\scores.json,ef1b7704ab02cc2fef135d4dc259d01b635ca331ae95a2846669a7fafa054af8
435,5093,2.6.12,Qwen3-14B,3,"C2,D2,A,B1,C1,B2,D1",complete,True,,runs\main\saner-main-v1\local-qwen3-14b\task-5093\rep-3\summary.json,31dbc8eaecdec5e27fd2e3c7ba337c21efc6f2e1d3a0433c0d9128ca960818d9,runs\main\saner-main-v1\local-qwen3-14b\task-5093\rep-3\scores.json,461b503d1c203ba009c09d4240c1c471cd54eca67cc7955528c840142ea7d5ba
436,5093,2.6.12,qwen-plus-2025-12-01,1,"C2,A,D1,B2,B1,C1,D2",complete,True,,runs\main\saner-main-v1\service-qwen-plus\task-5093\rep-1\summary.json,ece7bfbcfa2b495d991260c5ba35515ba6670edb20d0ecace817606f2625b2e3,runs\main\saner-main-v1\service-qwen-plus\task-5093\rep-1\scores.json,4db091f653bcafab4050ec49442d7c19d6552b0979d77fcb49bf657c9a098107
437,5093,2.6.12,qwen-plus-2025-12-01,2,"B2,B1,D2,A,C2,C1,D1",complete,True,,runs\main\saner-main-v1\service-qwen-plus\task-5093\rep-2\summary.json,27f1fc8ac6b66cc73c224e69360d50fb5c068e1ea114386fe69b89981f250f50,runs\main\saner-main-v1\service-qwen-plus\task-5093\rep-2\scores.json,bdf32fe46449accf4a2a89881dd74748abf61f001f50c524b8180384c3c1e754
438,5093,2.6.12,qwen-plus-2025-12-01,3,"B2,B1,C1,C2,D2,D1,A",complete,True,,runs\main\saner-main-v1\service-qwen-plus\task-5093\rep-3\summary.json,844bbfa485bd6a6ca0c08e777dcd4fedaae2e75b2b51360690567bd715905cc8,runs\main\saner-main-v1\service-qwen-plus\task-5093\rep-3\scores.json,7866d687fef01d68a14b4c2228f054f5fd9ae070687748d6ae78b2b3ea9f2477
439,7062,2.6.18-rc4,Qwen3-14B,1,"B1,C1,B2,D2,C2,D1,A",complete,True,,runs\main\saner-main-v1\local-qwen3-14b\task-7062\rep-1\summary.json,5b624f1ef423d8b1d390977bc077c34ec1b3613b68cf6abeba6bfb28ee6abf93,runs\main\saner-main-v1\local-qwen3-14b\task-7062\rep-1\scores.json,b2196e1299d2a447e5b0cfc09f4b4459bee323c1becaa741f4f9509f8626967f
440,7062,2.6.18-rc4,Qwen3-14B,2,"B2,B1,C2,C1,D2,A,D1",complete,True,,runs\main\saner-main-v1\local-qwen3-14b\task-7062\rep-2\summary.json,32ee8be13a8d7ba0c8208df72aad7c4eeec91550841122c942fe0fcabb7c9cf0,runs\main\saner-main-v1\local-qwen3-14b\task-7062\rep-2\scores.json,eab35f8ffa013f52616d18cf3c0aa9f70d0e7c1e523a08a176807b897b18d080
441,7062,2.6.18-rc4,Qwen3-14B,3,"A,B1,D2,D1,C1,C2,B2",complete,True,,runs\main\saner-main-v1\local-qwen3-14b\task-7062\rep-3\summary.json,c22cee09a5f37b8f2247505c48f4c6555a1313be22a7779203fd4f8ae66c78ef,runs\main\saner-main-v1\local-qwen3-14b\task-7062\rep-3\scores.json,b7322adef9e6e03c8dbf8ce6a62f8fd143631b3de851422c7111cf8e575d9a19
442,7062,2.6.18-rc4,qwen-plus-2025-12-01,1,"D1,B2,B1,C1,C2,D2,A",complete,True,,runs\main\saner-main-v1\service-qwen-plus\task-7062\rep-1\summary.json,cbf15427a4f4b72cf65abf3b32e25c50144ad5ee7a98683f40e8696e578bf704,runs\main\saner-main-v1\service-qwen-plus\task-7062\rep-1\scores.json,3ac1b906238ba02666b98001ec6e5140c4ebe7b8fc8219eb9be1bc56cb34d3fd
443,7062,2.6.18-rc4,qwen-plus-2025-12-01,2,"D2,B1,B2,D1,A,C2,C1",complete,True,,runs\main\saner-main-v1\service-qwen-plus\task-7062\rep-2\summary.json,4016002c56e6bedca8bcce921872b5d5dfbeb0aa9cd3929cf0347949362a6ac8,runs\main\saner-main-v1\service-qwen-plus\task-7062\rep-2\scores.json,e32814886e37bd0ab61f04490baef0e78b59ff9f0ef175b567baaca199c694a3
444,7062,2.6.18-rc4,qwen-plus-2025-12-01,3,"C2,C1,B1,D1,D2,B2,A",complete,True,,runs\main\saner-main-v1\service-qwen-plus\task-7062\rep-3\summary.json,046c01e9430d917390d1a975a231f96ea061042ba0b3a7a5d2190e88dd37f4f9,runs\main\saner-main-v1\service-qwen-plus\task-7062\rep-3\scores.json,b0da31994926f0e9d2d7905eff93030d79c02712baddca546eae6ee1b5ceeda6
445,9206,2.6.23,Qwen3-14B,1,"A,B2,C1,B1,D2,D1,C2",complete,True,,runs\main\saner-main-v1\local-qwen3-14b\task-9206\rep-1\summary.json,db80bf926d1164f5a56155c9c37629bb6542c0203ff60b47db71a6655913824a,runs\main\saner-main-v1\local-qwen3-14b\task-9206\rep-1\scores.json,0aa5f531bb81bae4d8548872cbbe3a49fe7ee839490d50f311e2fa6e7fbb4ccb
446,9206,2.6.23,Qwen3-14B,2,"C1,A,B1,D1,C2,D2,B2",complete,True,,runs\main\saner-main-v1\local-qwen3-14b\task-9206\rep-2\summary.json,6aba3ec5e876b0cafa9b596e5d97a8ebb63040d01c6dc68fd880f447679362f9,runs\main\saner-main-v1\local-qwen3-14b\task-9206\rep-2\scores.json,34dfe7dd15c4b9dc3dcebc81c2a8f9fd2f71e4b3f24d868009f62368248231f9
447,9206,2.6.23,Qwen3-14B,3,"D2,C2,B1,C1,A,D1,B2",complete,True,,runs\main\saner-main-v1\local-qwen3-14b\task-9206\rep-3\summary.json,48d5bbca86f6f8dd88820f4ec9cf8619ff68a20720ca567a0050860c39807b9e,runs\main\saner-main-v1\local-qwen3-14b\task-9206\rep-3\scores.json,857ef3c2d1036700eec57cd3b9c4b1db4c64cd9487f9813f7de0ac64b522a35d
448,9206,2.6.23,qwen-plus-2025-12-01,1,"C2,A,B1,D2,B2,D1,C1",complete,True,,runs\main\saner-main-v1\service-qwen-plus\task-9206\rep-1\summary.json,6e687a2483c24c160c06303a2f5fe7ef4d9611399e0bd02cbf6c599f82905837,runs\main\saner-main-v1\service-qwen-plus\task-9206\rep-1\scores.json,9a387f08344c069323efd759f00f53f93749305c84f8db59650058517ac53bc6
449,9206,2.6.23,qwen-plus-2025-12-01,2,"C2,B2,D2,C1,B1,A,D1",complete,True,,runs\main\saner-main-v1\service-qwen-plus\task-9206\rep-2\summary.json,fd2df58dfa2a80f56b48ae94d7da5fadfe618f5a29ad6a5674df5406302682c2,runs\main\saner-main-v1\service-qwen-plus\task-9206\rep-2\scores.json,27ed010a7a193f5c2838e017a64cb042498a00ea5aac391ef3898f64385af549
450,9206,2.6.23,qwen-plus-2025-12-01,3,"C1,A,C2,B1,B2,D2,D1",complete,True,,runs\main\saner-main-v1\service-qwen-plus\task-9206\rep-3\summary.json,c8048c8b93083e1dc9353f8021fa55b8fed2dc581a3042539f957592d13b49ca,runs\main\saner-main-v1\service-qwen-plus\task-9206\rep-3\scores.json,7e600fc6badc1a3b2a9f942e43cd679090653e38648ef59fad7f694ce4ab7c3a
451,7517,2.6.19,Qwen3-14B,1,"B2,B1,A,C2,D2,C1,D1",complete,True,,runs\main\saner-main-v1\local-qwen3-14b\task-7517\rep-1\summary.json,13750576dd72521a282d24e7a548e8c5f1b147027f7555e112c5551b27759025,runs\main\saner-main-v1\local-qwen3-14b\task-7517\rep-1\scores.json,d64a4c7d0f9ce6e21398ba3e1d08daa12eaed5d680be84c5a3edb401b06b3cc8
452,7517,2.6.19,Qwen3-14B,2,"D2,D1,C2,B2,C1,A,B1",complete,True,,runs\main\saner-main-v1\local-qwen3-14b\task-7517\rep-2\summary.json,a02e2f4d1e3970beb366caebb1db1df88d503e912c7a8fc56f18a096037c91f4,runs\main\saner-main-v1\local-qwen3-14b\task-7517\rep-2\scores.json,ecc27fc1e696a5b699f3e5170dd424d7c9e6ec65eed04432e5035fc05da63829
453,7517,2.6.19,Qwen3-14B,3,"D2,B1,B2,A,C2,D1,C1",complete,True,,runs\main\saner-main-v1\local-qwen3-14b\task-7517\rep-3\summary.json,70299d4d78f02a1f20b219427e1c9f6bb2a3b7f43cf9278b1e4f541942624e9d,runs\main\saner-main-v1\local-qwen3-14b\task-7517\rep-3\scores.json,21211a8335bfd9ed542ffcd12d4ea638471cf3de57949302e3519b9f5c1e0def
454,7517,2.6.19,qwen-plus-2025-12-01,1,"B1,C2,D1,B2,C1,D2,A",complete,True,,runs\main\saner-main-v1\service-qwen-plus\task-7517\rep-1\summary.json,393212c66d80861ea441db87f0a4bed384199ce4d32992e22e14f2227734e4dd,runs\main\saner-main-v1\service-qwen-plus\task-7517\rep-1\scores.json,c68cddcf115ff9f63717d2836c3a22ad29e5a617cfbcc5cc1fd077c954789c83
455,7517,2.6.19,qwen-plus-2025-12-01,2,"C1,D1,C2,D2,A,B1,B2",complete,True,,runs\main\saner-main-v1\service-qwen-plus\task-7517\rep-2\summary.json,1600713c9794b3e659258d56d5aaaab5845b4b9d32e6c60a1a5b453ba0cd5a8d,runs\main\saner-main-v1\service-qwen-plus\task-7517\rep-2\scores.json,8445c5240a89b1ea93edd87141354bbf83976dacc5531d142f2710d09205fd13
456,7517,2.6.19,qwen-plus-2025-12-01,3,"C2,D1,D2,B1,A,C1,B2",complete,True,,runs\main\saner-main-v1\service-qwen-plus\task-7517\rep-3\summary.json,cb8624432966d24d49f1346db84a5b8c1a31f79519e348b2c1121d2201cc6753,runs\main\saner-main-v1\service-qwen-plus\task-7517\rep-3\scores.json,d93063b5d7c15731dfaf8fbe4e87eddd5b9647e6238f20120ed985827eb47095
457,94411,3.19,Qwen3-14B,1,"C2,B1,A,D1,C1,D2,B2",complete,True,,runs\main\saner-main-v1\local-qwen3-14b\task-94411\rep-1\summary.json,55521a91e414fa9767836849fc9be0d5476cf90050fce419ae460856f179d938,runs\main\saner-main-v1\local-qwen3-14b\task-94411\rep-1\scores.json,60309b6c7580326feeb15b25d856007001b084b1bf806b00fe24f727c9752cd4
458,94411,3.19,Qwen3-14B,2,"C2,A,D2,C1,B1,D1,B2",complete,True,,runs\main\saner-main-v1\local-qwen3-14b\task-94411\rep-2\summary.json,2b24e36b34bfb65bdf1f34fe2be896f335f8b5cfa66f183703892950734e4023,runs\main\saner-main-v1\local-qwen3-14b\task-94411\rep-2\scores.json,515d824006eae7ec9f1c4c316712fa44c755b9ad5c7086ac3cd72a633006db5f
459,94411,3.19,Qwen3-14B,3,"D1,D2,C1,A,B2,C2,B1",complete,True,,runs\main\saner-main-v1\local-qwen3-14b\task-94411\rep-3\summary.json,c67bcfef4bc1c931f54f8484dc932ddddce67626b703b4093107c61f69eeb115,runs\main\saner-main-v1\local-qwen3-14b\task-94411\rep-3\scores.json,53fc402548a6ef7486593ded4f5c3f0851e6f7445bec07c15a5cd7a27bb3548f
460,94411,3.19,qwen-plus-2025-12-01,1,"D2,C1,D1,A,B1,B2,C2",complete,True,,runs\main\saner-main-v1\service-qwen-plus\task-94411\rep-1\summary.json,00a0356fb7edd1040a256ee0a8fc938d81fea62084739f35f3545dc7b3191087,runs\main\saner-main-v1\service-qwen-plus\task-94411\rep-1\scores.json,9fbd7d82941426d861b5ff5cfefadfac08d0d8bbe3477f5e2a8ed4b4226dd335
461,94411,3.19,qwen-plus-2025-12-01,2,"B1,A,C2,D2,C1,B2,D1",complete,True,,runs\main\saner-main-v1\service-qwen-plus\task-94411\rep-2\summary.json,1e3e118f09ad014c1ddceb206283aeb38e01ef6b6b543bd135f38d8ffa403a3f,runs\main\saner-main-v1\service-qwen-plus\task-94411\rep-2\scores.json,279531e860efb49a1ef434571f900cf249882a8600f7ed965162b8754bd141f6
462,94411,3.19,qwen-plus-2025-12-01,3,"B2,B1,C1,A,D2,C2,D1",complete,True,,runs\main\saner-main-v1\service-qwen-plus\task-94411\rep-3\summary.json,9ba500b7e56360608a7c9713285e2ef49519d6eb4ba2788eb4a6fe07cb20324a,runs\main\saner-main-v1\service-qwen-plus\task-94411\rep-3\scores.json,708260f00d3868e1d33c608bd225b7d24432b723ff286e460a4451211bd58528
463,4359,2.6.7,Qwen3-14B,1,"A,C1,B1,C2,D2,D1,B2",complete,True,,runs\main\saner-main-v1\local-qwen3-14b\task-4359\rep-1\summary.json,489b45e30bdf9c7f00aa8f3c91733db75674603ddb8aecbaade1998d7e8564f9,runs\main\saner-main-v1\local-qwen3-14b\task-4359\rep-1\scores.json,5f311c2df16b4853403871119a5d206e3dcd38377d19d4f110f24d2ac5561046
464,4359,2.6.7,Qwen3-14B,2,"B2,A,C2,C1,D1,B1,D2",complete,True,,runs\main\saner-main-v1\local-qwen3-14b\task-4359\rep-2\summary.json,7071940d431776a281d470ce4015c3256cb520fb2b5345250cfebfa8e6b0b909,runs\main\saner-main-v1\local-qwen3-14b\task-4359\rep-2\scores.json,193f8509981955affb67fc3e096d824070594498b4fdc7ea7bb1e39659c2d1da
465,4359,2.6.7,Qwen3-14B,3,"B1,A,C2,C1,D2,D1,B2",complete,True,,runs\main\saner-main-v1\local-qwen3-14b\task-4359\rep-3\summary.json,e78b52785c91d8064ca2f243d312a78c5ddd79afa4f516d401a2967afa167719,runs\main\saner-main-v1\local-qwen3-14b\task-4359\rep-3\scores.json,c55591452ea99bb81d33c9194acd7b8d7b38b26d104b79631b20d0c42da70f94
466,4359,2.6.7,qwen-plus-2025-12-01,1,"C2,C1,A,D2,D1,B1,B2",complete,True,,runs\main\saner-main-v1\service-qwen-plus\task-4359\rep-1\summary.json,465a89ab1614dd3715adcd9966bd19e7720107ca07ec1cb9ac18031d8cffa6f9,runs\main\saner-main-v1\service-qwen-plus\task-4359\rep-1\scores.json,77f6b897efcae70e9186f9868b63d06859e4fb85b6b910a21704fb262f939e06
467,4359,2.6.7,qwen-plus-2025-12-01,2,"D2,D1,A,C1,B1,B2,C2",complete,True,,runs\main\saner-main-v1\service-qwen-plus\task-4359\rep-2\summary.json,864324d9e61596d09473cf4c32b088987a8c90fa61b057ebe5cc8f814c37afc6,runs\main\saner-main-v1\service-qwen-plus\task-4359\rep-2\scores.json,f3b7dbf43f45ecd28c407cc161322e8527d819775aabac843de392d4efc90ed6
468,4359,2.6.7,qwen-plus-2025-12-01,3,"D2,D1,B2,A,B1,C2,C1",complete,True,,runs\main\saner-main-v1\service-qwen-plus\task-4359\rep-3\summary.json,5d8a66245e2947eb2ac74fa3cfc2392a9137bc935c20aa17bd3cf5c70c3c59ac,runs\main\saner-main-v1\service-qwen-plus\task-4359\rep-3\scores.json,a9580fc869fbc0482f0933cfb60e5ac00b383b1490799add434b294bc1217f4b
469,6965,2.6.18-rc3,Qwen3-14B,1,"A,B2,C2,B1,C1,D1,D2",complete,True,,runs\main\saner-main-v1\local-qwen3-14b\task-6965\rep-1\summary.json,5855172483d0b294e8265918057565f8c0babcb1bbc9cc48d525852a87abb9ff,runs\main\saner-main-v1\local-qwen3-14b\task-6965\rep-1\scores.json,659d5dac1dc5fef3e5efee50147b03f545b1bd32afbb63416e467623c34bc44e
470,6965,2.6.18-rc3,Qwen3-14B,2,"B2,C1,C2,D2,D1,A,B1",complete,True,,runs\main\saner-main-v1\local-qwen3-14b\task-6965\rep-2\summary.json,28ef6865bc6870bb63ebc207b3a84e701ff327d7723a597008255478f4f107a3,runs\main\saner-main-v1\local-qwen3-14b\task-6965\rep-2\scores.json,eea0014d92da556742a3db58bc5f42d95cce377dc60419acfb3fe81ddf1892ba
471,6965,2.6.18-rc3,Qwen3-14B,3,"C1,B1,C2,B2,A,D2,D1",complete,True,,runs\main\saner-main-v1\local-qwen3-14b\task-6965\rep-3\summary.json,62e7456f66eafa36af60bbd56390e5400d946acdc6cb2f827a5cd7b70392cc7b,runs\main\saner-main-v1\local-qwen3-14b\task-6965\rep-3\scores.json,175a591dcb163dc5574f83228840b0bd3b544396526d6360afde22f668d7079e
472,6965,2.6.18-rc3,qwen-plus-2025-12-01,1,"A,D1,C2,B1,D2,C1,B2",complete,True,,runs\main\saner-main-v1\service-qwen-plus\task-6965\rep-1\summary.json,7ac1c6704c3a713959602364202fb0b68cb5378b6b41273cfc7043e9e7b845ea,runs\main\saner-main-v1\service-qwen-plus\task-6965\rep-1\scores.json,67c6cb983681c88bf0331786a75c4c2bd7510a6047c17f1df1506916a15972b0
473,6965,2.6.18-rc3,qwen-plus-2025-12-01,2,"B1,A,B2,C2,D1,D2,C1",complete,True,,runs\main\saner-main-v1\service-qwen-plus\task-6965\rep-2\summary.json,b9337e25de7132bd1e98014b2c00953d3c1383efe70b09683e3485f1e4415242,runs\main\saner-main-v1\service-qwen-plus\task-6965\rep-2\scores.json,2144a335aa8815075d3225a29ccb0a2a87c5795a8005db567b0f269c2b4b39b5
474,6965,2.6.18-rc3,qwen-plus-2025-12-01,3,"B2,D1,C2,C1,A,B1,D2",complete,True,,runs\main\saner-main-v1\service-qwen-plus\task-6965\rep-3\summary.json,7071365aeaef0e4327a6d008dbdc757ff35ab2e1452b0db81a445ae25895be2b,runs\main\saner-main-v1\service-qwen-plus\task-6965\rep-3\scores.json,4efe51738f430b793fd8b67c531a2b5286f8ad7ee79e003154589ede83b7b186
475,32402,2.6.39,Qwen3-14B,1,"A,D2,C1,C2,B2,B1,D1",complete,True,,runs\main\saner-main-v1\local-qwen3-14b\task-32402\rep-1\summary.json,280ab633b9f06e2516597d8402eabc7f86d931206f1258fa846edcbac5aa6894,runs\main\saner-main-v1\local-qwen3-14b\task-32402\rep-1\scores.json,7a5465f5c015daa13615e271183925233440f28bd2c2f3ae96105b5c90dc9d30
476,32402,2.6.39,Qwen3-14B,2,"D2,C1,C2,B2,D1,B1,A",complete,True,,runs\main\saner-main-v1\local-qwen3-14b\task-32402\rep-2\summary.json,cdeb8d2854d80f4a9af7af3fb981ea75d0d5a384a8ad3e9ab26e0ae90da7bc4d,runs\main\saner-main-v1\local-qwen3-14b\task-32402\rep-2\scores.json,19f6f0d31a4014c2d9278bf1d44918fe3f2260d323933bdebd5809023bb75c26
477,32402,2.6.39,Qwen3-14B,3,"D2,B2,A,D1,C2,B1,C1",complete,True,,runs\main\saner-main-v1\local-qwen3-14b\task-32402\rep-3\summary.json,d5e22d2643d634ffb8383ee014519b06ef9299620652267bc1633d90954ad2bf,runs\main\saner-main-v1\local-qwen3-14b\task-32402\rep-3\scores.json,42e63c5da9004f2df6e73e077664e22869ee5404762c13d4373dfc7fad19f506
478,32402,2.6.39,qwen-plus-2025-12-01,1,"D2,B2,D1,C1,B1,A,C2",complete,True,,runs\main\saner-main-v1\service-qwen-plus\task-32402\rep-1\summary.json,83f64f75144c0a0e4995f562649722e4e1d0e7e4b35035bb33b1759105e904f2,runs\main\saner-main-v1\service-qwen-plus\task-32402\rep-1\scores.json,b6ae314a3562db0338a92597d30e3d06845c722cac414f092e4e353e6c6d4679
479,32402,2.6.39,qwen-plus-2025-12-01,2,"C2,A,D2,D1,B2,B1,C1",complete,True,,runs\main\saner-main-v1\service-qwen-plus\task-32402\rep-2\summary.json,828d4b58075873e0e390e129a8824bb0e79b9dd3aa01dd36cebc7ea72cd9522a,runs\main\saner-main-v1\service-qwen-plus\task-32402\rep-2\scores.json,d250df01ce9ab8afc166d01925a1457b8e724c61a68c34ff39d94bfb92586698
480,32402,2.6.39,qwen-plus-2025-12-01,3,"D2,C2,D1,C1,A,B1,B2",complete,True,,runs\main\saner-main-v1\service-qwen-plus\task-32402\rep-3\summary.json,7ce0fb767c2bce38ffc8f20b166c9954756299a4c3ac8599a4384a80acf4fbb8,runs\main\saner-main-v1\service-qwen-plus\task-32402\rep-3\scores.json,e5d1b466f0e3f3acfa87d8a8ee94c42bdfdc88a3069a10305991f1cee2630b4b
481,13313,2.6.30,Qwen3-14B,1,"B2,B1,D1,A,C1,C2,D2",complete,True,,runs\main\saner-main-v1\local-qwen3-14b\task-13313\rep-1\summary.json,153880d7a87b57dd4242cb62a2f38a0f5a2fc08a0274e75df475f6f07d3a3524,runs\main\saner-main-v1\local-qwen3-14b\task-13313\rep-1\scores.json,1d86533f06cf8ff1edc7f77138fbc0dd567d0f4d1ab07123d7a9e3f0ded4bdeb
482,13313,2.6.30,Qwen3-14B,2,"C2,A,C1,B1,D1,D2,B2",complete,True,,runs\main\saner-main-v1\local-qwen3-14b\task-13313\rep-2\summary.json,0db025ae5af89fb17bce1d3fd29390579f68586631511f4d841563f1a297cebe,runs\main\saner-main-v1\local-qwen3-14b\task-13313\rep-2\scores.json,40dc829cf7b75a165da20af04eb5cb67c77c9f5d8afddc8f437de5f266df9431
483,13313,2.6.30,Qwen3-14B,3,"A,D1,B1,C2,B2,D2,C1",complete,True,,runs\main\saner-main-v1\local-qwen3-14b\task-13313\rep-3\summary.json,eb4d75b16a8577a9977f6acdf6bfed8576ffbfe2ab118b65a1579c10acde1ed4,runs\main\saner-main-v1\local-qwen3-14b\task-13313\rep-3\scores.json,b5fd28f6f414e281daa2c32bb0a724ecde90664c1a24396e93f9e01df576005d
484,13313,2.6.30,qwen-plus-2025-12-01,1,"B2,C1,A,D2,D1,B1,C2",complete,True,,runs\main\saner-main-v1\service-qwen-plus\task-13313\rep-1\summary.json,b84f532d2ec06f0303169102e3af5467e0d37a1eb6d457ddc58017b7580fcd64,runs\main\saner-main-v1\service-qwen-plus\task-13313\rep-1\scores.json,3a54a2309c2b1f86896ebb57dfbbd9bcada8488b2d0f809c9904ed11d8e11aa6
485,13313,2.6.30,qwen-plus-2025-12-01,2,"B1,D2,B2,D1,C2,A,C1",complete,True,,runs\main\saner-main-v1\service-qwen-plus\task-13313\rep-2\summary.json,88a0ebd193ecd57247ca4237007d11898e1faea66c88f78dc7c1913c76a7669b,runs\main\saner-main-v1\service-qwen-plus\task-13313\rep-2\scores.json,4db52c423cda9d369eda5460493c47e10a937dafa3039fe6aea68b6895dded8b
486,13313,2.6.30,qwen-plus-2025-12-01,3,"B1,B2,C1,D2,A,D1,C2",complete,True,,runs\main\saner-main-v1\service-qwen-plus\task-13313\rep-3\summary.json,1ab787d4d2cdd6da91c23263a3917438fd1fa36c7ad9965f3d8d36df0594c633,runs\main\saner-main-v1\service-qwen-plus\task-13313\rep-3\scores.json,f0f60a74dc5ddb2ee468d30b2f46f6407d0d909b518cce16e25ad0ad25d0a045
487,16272,2.6.34,Qwen3-14B,1,"D1,D2,C2,B2,A,B1,C1",complete,True,,runs\main\saner-main-v1\local-qwen3-14b\task-16272\rep-1\summary.json,671761fc933feebb4cfc8c1e65bb8510db96cb0d85868108cb764d09c44582e3,runs\main\saner-main-v1\local-qwen3-14b\task-16272\rep-1\scores.json,e3426168c9ed5f08454944b27f13544b1dc75f6f5513be5db79f7c645e8f1374
488,16272,2.6.34,Qwen3-14B,2,"A,D2,C2,B2,B1,D1,C1",complete,True,,runs\main\saner-main-v1\local-qwen3-14b\task-16272\rep-2\summary.json,24cce637687dfb092d42450ac68eecea46e525a1e7c40440a812244877737554,runs\main\saner-main-v1\local-qwen3-14b\task-16272\rep-2\scores.json,eb6d33bbc8078103103da47d702624c8edd9f1b00c43c047f71bf3baf3488f6d
489,16272,2.6.34,Qwen3-14B,3,"D2,C2,A,C1,D1,B2,B1",complete,True,,runs\main\saner-main-v1\local-qwen3-14b\task-16272\rep-3\summary.json,f9b2cf1689d90daf1c181b7c979d973ed032e2fd3177cec85ab0b3a13c5e04cb,runs\main\saner-main-v1\local-qwen3-14b\task-16272\rep-3\scores.json,5827f491ec0ca43b9f55e5f6ce8edcd199d64870ea3ed240c7c6388eca762bf0
490,16272,2.6.34,qwen-plus-2025-12-01,1,"A,B2,D1,C2,B1,C1,D2",complete,True,,runs\main\saner-main-v1\service-qwen-plus\task-16272\rep-1\summary.json,7f4e6ba383dc86896b4d19c002c4c51db55372c3d09ba62848e6242d45b7213e,runs\main\saner-main-v1\service-qwen-plus\task-16272\rep-1\scores.json,aa0ea7af836611c3b8fcc965bdef9ef6463153ac7aece212569ee41cce43242b
491,16272,2.6.34,qwen-plus-2025-12-01,2,"D1,A,B1,D2,C2,C1,B2",complete,True,,runs\main\saner-main-v1\service-qwen-plus\task-16272\rep-2\summary.json,ccfb1bac4bec604f868d74b832adda4c6b92abc26c1cc344521864b6ed2e64fe,runs\main\saner-main-v1\service-qwen-plus\task-16272\rep-2\scores.json,9d81709aae29ade1d9792f4e3a76fc7de9975303f9e3003d689caf00e62bbdd9
492,16272,2.6.34,qwen-plus-2025-12-01,3,"C1,C2,B2,D2,A,D1,B1",complete,True,,runs\main\saner-main-v1\service-qwen-plus\task-16272\rep-3\summary.json,3e7dd57a7d2439c91d82c94c9604e27225850a19dcb58f1e97fa461fa8cc1ed8,runs\main\saner-main-v1\service-qwen-plus\task-16272\rep-3\scores.json,f18f6c2db633f807a7dc5466cb878d2c356258a5769a4c16ec52a0d7e78e7f58
493,24492,2.6.32,Qwen3-14B,1,"C2,C1,B2,B1,D1,A,D2",complete,True,,runs\main\saner-main-v1\local-qwen3-14b\task-24492\rep-1\summary.json,abee9ffe03b5fc72b4643559463783ac712c43ff8b4d60f77aceb9006c7ba91c,runs\main\saner-main-v1\local-qwen3-14b\task-24492\rep-1\scores.json,86f0fe7aa9268f4a22cf74912b301369f2290e2332b5586ea7404f81fe273d2e
494,24492,2.6.32,Qwen3-14B,2,"D2,B2,C1,D1,C2,A,B1",complete,True,,runs\main\saner-main-v1\local-qwen3-14b\task-24492\rep-2\summary.json,50b32de6fd2f6177751f7e9fb86ea4f4ab1ad68422b1ba1d67d216686efc42cb,runs\main\saner-main-v1\local-qwen3-14b\task-24492\rep-2\scores.json,3d37af792cff615a599cbae57646a8949e511269057f97a88d825159ee10250a
495,24492,2.6.32,Qwen3-14B,3,"A,B2,D1,C1,D2,B1,C2",complete,True,,runs\main\saner-main-v1\local-qwen3-14b\task-24492\rep-3\summary.json,ad22c6ca90da1ec22bbfb8a8bda38d02072a8443665bae1310104d3575f59024,runs\main\saner-main-v1\local-qwen3-14b\task-24492\rep-3\scores.json,84570529599de36d59d5619f7e9b1f52f20a4d738b97299b599acc901390f3e4
496,24492,2.6.32,qwen-plus-2025-12-01,1,"C2,B1,D2,D1,B2,C1,A",complete,True,,runs\main\saner-main-v1\service-qwen-plus\task-24492\rep-1\summary.json,d9ef835c281205fef40341060b9242b8b860a37b0931c93529c031edbfc490e2,runs\main\saner-main-v1\service-qwen-plus\task-24492\rep-1\scores.json,e13f9617f29db37245d62d713d67361ec69abe873f9f215254aa9a4e7f9cb168
497,24492,2.6.32,qwen-plus-2025-12-01,2,"B1,A,C1,B2,C2,D2,D1",complete,True,,runs\main\saner-main-v1\service-qwen-plus\task-24492\rep-2\summary.json,3fdb247b6e2d44b6bd153f97fdf636ee1bf5ecfd7bd9f1ecc48f37b013fb6419,runs\main\saner-main-v1\service-qwen-plus\task-24492\rep-2\scores.json,ead8978eed6e686dc0f315085a678e086cceec51782520f4b4f545624983b523
498,24492,2.6.32,qwen-plus-2025-12-01,3,"B2,D1,C2,D2,A,C1,B1",complete,True,,runs\main\saner-main-v1\service-qwen-plus\task-24492\rep-3\summary.json,9682ecc0084cfc92184c9d7faaf6846df56f4060db30c448276e44c778a6e37b,runs\main\saner-main-v1\service-qwen-plus\task-24492\rep-3\scores.json,271705e9377fcb9494601422e76d5ce79b47183eb3841669f93996198766b41b
499,15366,2.6.32,Qwen3-14B,1,"D2,D1,B1,B2,C1,A,C2",complete,True,,runs\main\saner-main-v1\local-qwen3-14b\task-15366\rep-1\summary.json,ab47299e2fb37ddc62cd564e8c97ca8c3f5ec169a7685c62fcee2dd5086274df,runs\main\saner-main-v1\local-qwen3-14b\task-15366\rep-1\scores.json,f30746b2fd62bac3f70c2047ea763c537aef8cc2a55c1994a0d85675332c9274
500,15366,2.6.32,Qwen3-14B,2,"B2,C2,D1,C1,B1,A,D2",complete,True,,runs\main\saner-main-v1\local-qwen3-14b\task-15366\rep-2\summary.json,12c1850fcbbe5670ef84c7ce568595d8d862066dc68cd7ba8eb4da5939f110eb,runs\main\saner-main-v1\local-qwen3-14b\task-15366\rep-2\scores.json,b541424dd728b7f480e96f4314ba451f11b4c9a4197137ae2c6911ec8278a534
501,15366,2.6.32,Qwen3-14B,3,"C2,B1,A,C1,B2,D2,D1",complete,True,,runs\main\saner-main-v1\local-qwen3-14b\task-15366\rep-3\summary.json,2a7fc1c3ce9b2530dabf1ffbfe768e77ae8a4734edfdec147d1df6d364d5b2f4,runs\main\saner-main-v1\local-qwen3-14b\task-15366\rep-3\scores.json,5c5a31dacb9ac8c3000f1c9121d33ca70858a02136eacb449009ff16f08d9832
502,15366,2.6.32,qwen-plus-2025-12-01,1,"B1,D1,C2,C1,A,D2,B2",complete,True,,runs\main\saner-main-v1\service-qwen-plus\task-15366\rep-1\summary.json,ba8397cb5b00053c5dac8efc9ca22ddf209be9fcbe703840793f9460a76cc805,runs\main\saner-main-v1\service-qwen-plus\task-15366\rep-1\scores.json,a9ffe7e50786bd328e472affd44c22d551eef373b779ca901b07706a70bb4ac3
503,15366,2.6.32,qwen-plus-2025-12-01,2,"D1,A,B1,B2,D2,C1,C2",complete,True,,runs\main\saner-main-v1\service-qwen-plus\task-15366\rep-2\summary.json,aa56d2be277ffb698de6027ca9f7b4061f882cd9846a3b0ce7eab010d4f01c85,runs\main\saner-main-v1\service-qwen-plus\task-15366\rep-2\scores.json,0f973e9c179cf15df981e1ff7387b93424a5a48d07c6a19350879b750d5c7365
504,15366,2.6.32,qwen-plus-2025-12-01,3,"B2,C1,A,D1,D2,C2,B1",complete,True,,runs\main\saner-main-v1\service-qwen-plus\task-15366\rep-3\summary.json,2ea2aa22325ba3844bfacae55bd7cfbbf221d092c1a9c81eba3a9859febdbdea,runs\main\saner-main-v1\service-qwen-plus\task-15366\rep-3\scores.json,30aedbeea558cc8e16be7d26c0f289176c17ba1a69e2f2e5a8e415bbc3da8089
505,14053,2.6.27,Qwen3-14B,1,"C1,B2,A,D2,C2,D1,B1",complete,True,,runs\main\saner-main-v1\local-qwen3-14b\task-14053\rep-1\summary.json,4c0e90dbd105becf6436ae388a3a801647cdb2f367afc52662e71a67526de674,runs\main\saner-main-v1\local-qwen3-14b\task-14053\rep-1\scores.json,6d98e7af14508bc100a5a3c736dfaf0fd8d206c0b5f8ac7eaeee16d2a5dca8c3
506,14053,2.6.27,Qwen3-14B,2,"A,C2,D1,D2,B1,B2,C1",complete,True,,runs\main\saner-main-v1\local-qwen3-14b\task-14053\rep-2\summary.json,1e0397e127fa4b4a26ee94aae0321a8c21066f50fb32c602e49ee2e45754dac3,runs\main\saner-main-v1\local-qwen3-14b\task-14053\rep-2\scores.json,af4bfff99c2bb818f64196fd7d221efbb8c24936b4d101e9b90a602dd7af8f8f
507,14053,2.6.27,Qwen3-14B,3,"A,C2,C1,B2,D2,B1,D1",complete,True,,runs\main\saner-main-v1\local-qwen3-14b\task-14053\rep-3\summary.json,ee2f1bb66ce9931eaae707842652cc4d64a42517fa71806e46ab8ea8f963761d,runs\main\saner-main-v1\local-qwen3-14b\task-14053\rep-3\scores.json,7bb2f9655b7cd7d644cb5793b5b86a8680784d61b2ff8969bce51954fff1c45a
508,14053,2.6.27,qwen-plus-2025-12-01,1,"B1,A,D1,C2,D2,B2,C1",complete,True,,runs\main\saner-main-v1\service-qwen-plus\task-14053\rep-1\summary.json,cd518b821b267f39d7aa4a022928775a24cfc5bda9f8e09ea39bbf3d03e6952f,runs\main\saner-main-v1\service-qwen-plus\task-14053\rep-1\scores.json,a6a9e3b27b7d1c6fd1661b19ca014f070d668d85c86eec752aa3584e521a7410
509,14053,2.6.27,qwen-plus-2025-12-01,2,"B1,B2,C2,D1,A,D2,C1",complete,True,,runs\main\saner-main-v1\service-qwen-plus\task-14053\rep-2\summary.json,2aca7459ffd9e933684ea840e439c66e39a1ce76158fe96d4284df92fe4b0c47,runs\main\saner-main-v1\service-qwen-plus\task-14053\rep-2\scores.json,0d264f1921cc7b0b12479743a8917e3915d345b99097f4fb442407ebba056327
510,14053,2.6.27,qwen-plus-2025-12-01,3,"C2,C1,B1,A,D1,B2,D2",complete,True,,runs\main\saner-main-v1\service-qwen-plus\task-14053\rep-3\summary.json,fe73f5443f073c50ba56b7aa31d4c832180156a4cda9ad3801dd87ffde3ac51e,runs\main\saner-main-v1\service-qwen-plus\task-14053\rep-3\scores.json,31badb42b80d7bd37652821019b81e8cd3abe8af022f6894d787b025095316ea
511,12914,2.6.28,Qwen3-14B,1,"D2,B1,B2,C2,D1,A,C1",complete,True,,runs\main\saner-main-v1\local-qwen3-14b\task-12914\rep-1\summary.json,980d560809b754df7565359140bf3774e6154e597f1d3421222103ba3145ce7c,runs\main\saner-main-v1\local-qwen3-14b\task-12914\rep-1\scores.json,dcff68fe50c955f4ce41f3e34eb4a05cbbc44871063982952da2dcb4853e93e2
512,12914,2.6.28,Qwen3-14B,2,"D2,D1,A,B2,C2,B1,C1",complete,True,,runs\main\saner-main-v1\local-qwen3-14b\task-12914\rep-2\summary.json,abfcce0a7af7e8a4628bbed934cb2764abe1dfc7c791a9ebca534fc16dd9b1df,runs\main\saner-main-v1\local-qwen3-14b\task-12914\rep-2\scores.json,0cff2efabadadf4d9d8fb1ec53c83cb5d4814781497b1ece5ac0744d0b9266b9
513,12914,2.6.28,Qwen3-14B,3,"B1,C2,B2,C1,D1,A,D2",complete,True,,runs\main\saner-main-v1\local-qwen3-14b\task-12914\rep-3\summary.json,f1f6f7603da8e1c9e0e419a0f3d632f0dfdb99af9fe615e8fb0fa801dd6e3fb6,runs\main\saner-main-v1\local-qwen3-14b\task-12914\rep-3\scores.json,0e7fa3f63c3420bc290b72382ad694a34e423618213e09dc6a85f61d3b208129
514,12914,2.6.28,qwen-plus-2025-12-01,1,"B2,B1,C1,D1,C2,D2,A",complete,True,,runs\main\saner-main-v1\service-qwen-plus\task-12914\rep-1\summary.json,df9bdabae60fa004943cddef5cb69f3edbb2b8371a873fd058d86fb23a065fca,runs\main\saner-main-v1\service-qwen-plus\task-12914\rep-1\scores.json,8fdc5f55ead76f91d4431f1c66e225f9c615fcdd69c81e12bae19ce195136481
515,12914,2.6.28,qwen-plus-2025-12-01,2,"B2,C1,D1,D2,A,B1,C2",complete,True,,runs\main\saner-main-v1\service-qwen-plus\task-12914\rep-2\summary.json,81ade4870c580943e82e7779a1b8ebf94afa8141ec3a574708aae85daf64b855,runs\main\saner-main-v1\service-qwen-plus\task-12914\rep-2\scores.json,4dc56481aafc6ef53cf59a3a7713b0701d8c2637909bc1bbf920ba0307b5ac48
516,12914,2.6.28,qwen-plus-2025-12-01,3,"B1,B2,C2,D1,A,C1,D2",complete,True,,runs\main\saner-main-v1\service-qwen-plus\task-12914\rep-3\summary.json,38140a12493bb79dd74fbfbd8c426854a241d1e529cb8cf3e92899fca15f2270,runs\main\saner-main-v1\service-qwen-plus\task-12914\rep-3\scores.json,c650cac5047b70556507e95bdfcc379535fd67be6a81d37357143b559bdcec72
517,28142,2.6.38-rc3,Qwen3-14B,1,"B2,B1,D2,A,C2,D1,C1",complete,True,,runs\main\saner-main-v1\local-qwen3-14b\task-28142\rep-1\summary.json,61385fcacbe5852931c91b16f4b89254d44978c22882f29524ff33e98be54e44,runs\main\saner-main-v1\local-qwen3-14b\task-28142\rep-1\scores.json,07786b1383c2cf5caa3ee9f83949f25598a0ab1ec41ebf0438c0fffc8ea50303
518,28142,2.6.38-rc3,Qwen3-14B,2,"B2,B1,C2,D1,D2,A,C1",complete,True,,runs\main\saner-main-v1\local-qwen3-14b\task-28142\rep-2\summary.json,9e02231a6378b468cbab26fef4b6d919a1fd12d245b9a5f8b78f0831602705a3,runs\main\saner-main-v1\local-qwen3-14b\task-28142\rep-2\scores.json,1c7f1b4ece0fd27ce0e8e6ab742c385e4bf971f03adca7f391ac714667856553
519,28142,2.6.38-rc3,Qwen3-14B,3,"D2,B1,A,C2,D1,B2,C1",complete,True,,runs\main\saner-main-v1\local-qwen3-14b\task-28142\rep-3\summary.json,3d21e15054184917fdb80dde1c74a763544b4d1bd461fd7514106f38d2a285db,runs\main\saner-main-v1\local-qwen3-14b\task-28142\rep-3\scores.json,963dd4f2ec5ae409736eeae33442c8d69befd286082f0d1888de9e624a185e06
520,28142,2.6.38-rc3,qwen-plus-2025-12-01,1,"C1,B2,D2,C2,D1,A,B1",complete,True,,runs\main\saner-main-v1\service-qwen-plus\task-28142\rep-1\summary.json,8a9d997e5859017ffbc99e17845a4ea8e9b900f8c7a58c5daee24ab2ef76ae8d,runs\main\saner-main-v1\service-qwen-plus\task-28142\rep-1\scores.json,cd1ef71669fcd1bde784d20b565a4e10e642c6ba49b079f07d3a61c3fd3a0bc7
521,28142,2.6.38-rc3,qwen-plus-2025-12-01,2,"C1,D2,B1,A,B2,C2,D1",complete,True,,runs\main\saner-main-v1\service-qwen-plus\task-28142\rep-2\summary.json,e662a7f91b80f12798d2d81803c566068fc859a9e49106ff5dc4ba89b9ec1369,runs\main\saner-main-v1\service-qwen-plus\task-28142\rep-2\scores.json,8af92828d26d32d443db31c451ad04b5f43500f5e0a4fccdc3b24dab775fbb7f
522,28142,2.6.38-rc3,qwen-plus-2025-12-01,3,"B1,C2,D2,D1,C1,A,B2",complete,True,,runs\main\saner-main-v1\service-qwen-plus\task-28142\rep-3\summary.json,b5cf8042f068863bfeabec9f22b83a9ac392113dc5660745fee796147640100f,runs\main\saner-main-v1\service-qwen-plus\task-28142\rep-3\scores.json,50bcba468946db8307bbe5b07bddb981e4e872a63d01f7d9113c2bf9251f5541
523,101521,4.1.2,Qwen3-14B,1,"A,B2,D1,B1,C1,D2,C2",complete,True,,runs\main\saner-main-v1\local-qwen3-14b\task-101521\rep-1\summary.json,79c68ba8052556abfec1730b2e5bb42a775d563b6eb78ad9eaa9672d4f901640,runs\main\saner-main-v1\local-qwen3-14b\task-101521\rep-1\scores.json,fb8f955e2c64c4c20ce6ae1664fcdf12047cacecdaa195b1c58a050f8d4637fe
524,101521,4.1.2,Qwen3-14B,2,"D2,B1,B2,C1,A,D1,C2",complete,True,,runs\main\saner-main-v1\local-qwen3-14b\task-101521\rep-2\summary.json,5c0a921b5bb3fff45c1993b4946ad4189ceda26bd3944b4fb4c34da3b0cb7d3b,runs\main\saner-main-v1\local-qwen3-14b\task-101521\rep-2\scores.json,bf2072d5df4eada0fcb19c50c7c20cb8a105789ee6b179fda0fcb7eb5eeb511c
525,101521,4.1.2,Qwen3-14B,3,"C1,D2,B2,A,D1,B1,C2",complete,True,,runs\main\saner-main-v1\local-qwen3-14b\task-101521\rep-3\summary.json,b120377f6fcbb208fbe4ba013d8545ecdc5983e7bf45eb8c4a943fb662d30b24,runs\main\saner-main-v1\local-qwen3-14b\task-101521\rep-3\scores.json,479729bc326b8d6afb41c2c261c6cb9385040fcc7bd719650369e491b379d606
526,101521,4.1.2,qwen-plus-2025-12-01,1,"D2,A,C2,C1,D1,B1,B2",complete,True,,runs\main\saner-main-v1\service-qwen-plus\task-101521\rep-1\summary.json,91651610470f4332dd49b0fb925c9e94840645efd5970f196db0d3f788f1a242,runs\main\saner-main-v1\service-qwen-plus\task-101521\rep-1\scores.json,fd7f8adf3c9f939fed3adc1e7f1cd2dbcb9a6716d197f36c4c7cc139c5e01415
527,101521,4.1.2,qwen-plus-2025-12-01,2,"A,C2,C1,B2,D2,D1,B1",complete,True,,runs\main\saner-main-v1\service-qwen-plus\task-101521\rep-2\summary.json,4285356607ece40d733cc99feb4f2f6807a2cc3be2058cd6c8bb1a58baa897e0,runs\main\saner-main-v1\service-qwen-plus\task-101521\rep-2\scores.json,9054f151ca29b388a84f8c50838bdd0414a3231853a389e087054023f62848c3
528,101521,4.1.2,qwen-plus-2025-12-01,3,"B2,C1,A,D1,B1,D2,C2",complete,True,,runs\main\saner-main-v1\service-qwen-plus\task-101521\rep-3\summary.json,ebbe5d7db1ff55299089a62c996d0025ea6b6d424dd730e5ac3a477679ac1b1c,runs\main\saner-main-v1\service-qwen-plus\task-101521\rep-3\scores.json,b4298d7355f7def07f53eddc54a225fd9b6c151982efd2f0b3405b69031f088f
529,13394,2.6.30,Qwen3-14B,1,"B1,B2,D1,D2,C1,A,C2",complete,True,,runs\main\saner-main-v1\local-qwen3-14b\task-13394\rep-1\summary.json,467d08f935221d18a07112cd1e2a1b4c9589472a1e94157b36cbf4d7bafab2ec,runs\main\saner-main-v1\local-qwen3-14b\task-13394\rep-1\scores.json,fb931c0abc2f576b3905dbc235a5e5b5aed0a6e65c8270ba88250f701f0b30b2
530,13394,2.6.30,Qwen3-14B,2,"C2,A,B2,B1,C1,D1,D2",complete,True,,runs\main\saner-main-v1\local-qwen3-14b\task-13394\rep-2\summary.json,ca29f8df0f35bc0134fd8289f8dacea3a66ee6e3fa394551fe80ac02dc44829d,runs\main\saner-main-v1\local-qwen3-14b\task-13394\rep-2\scores.json,99523c8fca9cae1aa40a6423170bf78b8333d40ed45ffa6b4fe794fce6814bd7
531,13394,2.6.30,Qwen3-14B,3,"A,B1,B2,D2,D1,C2,C1",complete,True,,runs\main\saner-main-v1\local-qwen3-14b\task-13394\rep-3\summary.json,f5a0068c33fc623e025e46e1b43e5c3b7b25f4fa40d4171f2e8c06018391899c,runs\main\saner-main-v1\local-qwen3-14b\task-13394\rep-3\scores.json,ac8f88db4f5d91c1ae877c9fb9024067babd5efc6ffde87bd53d2994eb6677de
532,13394,2.6.30,qwen-plus-2025-12-01,1,"A,D2,B1,C1,B2,D1,C2",complete,True,,runs\main\saner-main-v1\service-qwen-plus\task-13394\rep-1\summary.json,a597522ef2a754a9f0d2ec9f25c9eef59cd1b9671f79af11c2c9a5f4e5c95578,runs\main\saner-main-v1\service-qwen-plus\task-13394\rep-1\scores.json,be5d3ed2801a499a29c884364edec7003f126a4fde3f94172996322b033ca802
533,13394,2.6.30,qwen-plus-2025-12-01,2,"D2,D1,C1,B1,C2,A,B2",complete,True,,runs\main\saner-main-v1\service-qwen-plus\task-13394\rep-2\summary.json,d453932547db33e48ae5ff4aa33c671714d587f4a4c3d2bbd358483363e05ab9,runs\main\saner-main-v1\service-qwen-plus\task-13394\rep-2\scores.json,12afd67a52524b6f79e6e1ea181d551c0ef86f172ab1a7089f1e83ff66f66a12
534,13394,2.6.30,qwen-plus-2025-12-01,3,"D1,D2,B1,A,B2,C2,C1",complete,True,,runs\main\saner-main-v1\service-qwen-plus\task-13394\rep-3\summary.json,8a8f4a348ba0f82b07393e95f97d3e8e7f6d36d133d716bdd73e39c8eb746cdc,runs\main\saner-main-v1\service-qwen-plus\task-13394\rep-3\scores.json,ae63fdd75d15bdafb8828596d72ac8314d100cdfe25a9776bc23ca5090d666d4
535,8667,2.6.21,Qwen3-14B,1,"D1,B1,B2,A,C1,D2,C2",complete,True,,runs\main\saner-main-v1\local-qwen3-14b\task-8667\rep-1\summary.json,68370626a34805e4b132795784c5c97fd96fecc03554ea856f23e3f5c2499716,runs\main\saner-main-v1\local-qwen3-14b\task-8667\rep-1\scores.json,59b17edbc4ba61a1db5cd99c8022e78ca68efc53164786db8ee5aa32bbfd15c1
536,8667,2.6.21,Qwen3-14B,2,"D2,D1,B1,C1,A,B2,C2",complete,True,,runs\main\saner-main-v1\local-qwen3-14b\task-8667\rep-2\summary.json,27e5dc1bb46b450dd4cd64d56fe87a403d0fb62be3708c904cf88cf9cc2b4bec,runs\main\saner-main-v1\local-qwen3-14b\task-8667\rep-2\scores.json,999e6bf119e0f698c059ae0e3d03cd5696dd1bc9e6c30a15ac5d3d02d47dacbf
537,8667,2.6.21,Qwen3-14B,3,"D1,B2,A,C2,D2,B1,C1",complete,True,,runs\main\saner-main-v1\local-qwen3-14b\task-8667\rep-3\summary.json,5d113708ecdc673edcc82979d5d154d8fa8cb94f5aca3e791f65abf817850b07,runs\main\saner-main-v1\local-qwen3-14b\task-8667\rep-3\scores.json,60d9ef5131484013fd0e3a419549e141ac1881c114a02b058ffe913a63945a0f
538,8667,2.6.21,qwen-plus-2025-12-01,1,"A,D1,C1,B1,C2,D2,B2",complete,True,,runs\main\saner-main-v1\service-qwen-plus\task-8667\rep-1\summary.json,e2b6d282999d5855923fec1ab1ca432c29113cc03f8973c39eb1fbffdd6b3ec7,runs\main\saner-main-v1\service-qwen-plus\task-8667\rep-1\scores.json,8366073ecd77f82a05b65b604b288fa36fcaf8177606a5551864a4e4cb07c322
539,8667,2.6.21,qwen-plus-2025-12-01,2,"A,B2,C2,C1,D1,D2,B1",complete,True,,runs\main\saner-main-v1\service-qwen-plus\task-8667\rep-2\summary.json,a664f8f8e9df477aeb40217e24bb6af517663bfd244e23003266ebaf1d1c351b,runs\main\saner-main-v1\service-qwen-plus\task-8667\rep-2\scores.json,b52f8f4df51974068ed525c6a6ec4d24b0c72df80d35c751a938caedeb310821
540,8667,2.6.21,qwen-plus-2025-12-01,3,"A,D1,B1,C1,B2,C2,D2",complete,True,,runs\main\saner-main-v1\service-qwen-plus\task-8667\rep-3\summary.json,9245fa6dd705fb2e5d21d419620ce144bb596d24837e7e726d59f2cde7b54ad1,runs\main\saner-main-v1\service-qwen-plus\task-8667\rep-3\scores.json,adde6b4141f8385e443ae1947ef2f107be52caa681419614f922ecf946286dcf
541,13710,2.6.31-rc1,Qwen3-14B,1,"C2,B1,D2,A,B2,D1,C1",complete,True,,runs\main\saner-main-v1\local-qwen3-14b\task-13710\rep-1\summary.json,178fc856c81edc3700ae8853f2f33936b5071dd7781d0a1b4f39fcaa97b8361a,runs\main\saner-main-v1\local-qwen3-14b\task-13710\rep-1\scores.json,60cdc06ab3c76f34b3cbc7cb8463a504d946d337ddd704a54613aa8295458d4d
542,13710,2.6.31-rc1,Qwen3-14B,2,"C1,D1,B1,C2,A,D2,B2",complete,True,,runs\main\saner-main-v1\local-qwen3-14b\task-13710\rep-2\summary.json,6d31f1dbaed942f637ebfa2ab8f8dac9817cf0e01ff62f801f0c54746a644216,runs\main\saner-main-v1\local-qwen3-14b\task-13710\rep-2\scores.json,42d654ccaf2ec69d73efee0e60c67fdcf65b3c8e1c2d0e8c7b1602254e240988
543,13710,2.6.31-rc1,Qwen3-14B,3,"D2,B1,D1,B2,A,C1,C2",complete,True,,runs\main\saner-main-v1\local-qwen3-14b\task-13710\rep-3\summary.json,abbac3d6f029b7e90a49544be69209b7c84c30f001bd31931375660857fcdd77,runs\main\saner-main-v1\local-qwen3-14b\task-13710\rep-3\scores.json,401d0dacf33bc261d0a52af8140ef4377ab8c113b15340169dbb738b9bbdbc79
544,13710,2.6.31-rc1,qwen-plus-2025-12-01,1,"A,D1,C1,B2,C2,B1,D2",complete,True,,runs\main\saner-main-v1\service-qwen-plus\task-13710\rep-1\summary.json,a990d3bb6641cbcdaeb755d7a4470a525b56045b10608f3a542a2c05e51dbab7,runs\main\saner-main-v1\service-qwen-plus\task-13710\rep-1\scores.json,c76b074313f0f677a8288b671381cb24516f35d6918c5fbd186e30051a067577
545,13710,2.6.31-rc1,qwen-plus-2025-12-01,2,"B1,B2,C1,D2,A,C2,D1",complete,True,,runs\main\saner-main-v1\service-qwen-plus\task-13710\rep-2\summary.json,214a0627e785473677c25d14c785aa79c9077f520f34219104cb05deff659396,runs\main\saner-main-v1\service-qwen-plus\task-13710\rep-2\scores.json,6fe011b098187cc1ffae6dd23ff466273195649326d2dd5d6cd957aad39b8ca5
546,13710,2.6.31-rc1,qwen-plus-2025-12-01,3,"B2,C1,A,C2,B1,D1,D2",complete,True,,runs\main\saner-main-v1\service-qwen-plus\task-13710\rep-3\summary.json,72f0f769be0efdb01e9ce0838a19cf69bc3573bdfc43e8b5db07aad3a0b769d3,runs\main\saner-main-v1\service-qwen-plus\task-13710\rep-3\scores.json,9e489e5e1574ea0cb72979ee4c7f2abd2254edcb945643ed7755d01cd6a1a4af
547,14597,2.6.32-rc1,Qwen3-14B,1,"D1,C1,D2,C2,B2,A,B1",complete,True,,runs\main\saner-main-v1\local-qwen3-14b\task-14597\rep-1\summary.json,04fd060dea16970b308dfcf271c97fce9258c34e1d286f1a3a0ea439de47ada6,runs\main\saner-main-v1\local-qwen3-14b\task-14597\rep-1\scores.json,2a6c6ec3de10f92277207b01d37b087d77670ca4c51a532f424b0e11efcdb7b7
548,14597,2.6.32-rc1,Qwen3-14B,2,"A,B2,C2,C1,D1,D2,B1",complete,True,,runs\main\saner-main-v1\local-qwen3-14b\task-14597\rep-2\summary.json,2d420b0e6a4ead80d86e4f56870b3415a7f8f189a247fbd5ccd989ccee996a6e,runs\main\saner-main-v1\local-qwen3-14b\task-14597\rep-2\scores.json,0149e5818499b782344e8cf38fdbf1e2950f03f835d915dc590041af0895fa32
549,14597,2.6.32-rc1,Qwen3-14B,3,"B2,C1,B1,C2,D1,A,D2",complete,True,,runs\main\saner-main-v1\local-qwen3-14b\task-14597\rep-3\summary.json,ec344f408cd53c88d668bd3367d3ca387f9ddad084d00bbcf34776cd22e03a78,runs\main\saner-main-v1\local-qwen3-14b\task-14597\rep-3\scores.json,b0f793ba1d1e14ac8c8abb8013b6c81c39f7504d31d04f0eb6b76d3141a33f30
550,14597,2.6.32-rc1,qwen-plus-2025-12-01,1,"C2,A,B2,C1,D2,D1,B1",complete,True,,runs\main\saner-main-v1\service-qwen-plus\task-14597\rep-1\summary.json,02a6d637f515e543351fa6042faf54ba476713bed8b74c89732ac352456abb3f,runs\main\saner-main-v1\service-qwen-plus\task-14597\rep-1\scores.json,072f39552e336958fcac29a8e5f3dd528588036e9096bee7a3f904110a3d26e0
551,14597,2.6.32-rc1,qwen-plus-2025-12-01,2,"D2,B2,C1,A,D1,B1,C2",complete,True,,runs\main\saner-main-v1\service-qwen-plus\task-14597\rep-2\summary.json,a14fbeddc6ae5c068f7d6c2dc6d97c74151ea784a54eb01af59c10bc1f9e046d,runs\main\saner-main-v1\service-qwen-plus\task-14597\rep-2\scores.json,be9aef3f9b56b33d4cb0c1eb6bbc32481156d935d0fd447039b1123999c88ec8
552,14597,2.6.32-rc1,qwen-plus-2025-12-01,3,"C1,D1,A,C2,B1,D2,B2",complete,True,,runs\main\saner-main-v1\service-qwen-plus\task-14597\rep-3\summary.json,43a07eadcaa1f51ea5676dcdc7cf4a512d0ed02d6556e13620211a785f0d5610,runs\main\saner-main-v1\service-qwen-plus\task-14597\rep-3\scores.json,2a43b22464952bcd1b31ef643d6f4dfb0dd102d29fd8c8b576966c9e9ddcb466
553,23012,2.6.37-rc1,Qwen3-14B,1,"A,C1,B1,D1,B2,C2,D2",complete,True,,runs\main\saner-main-v1\local-qwen3-14b\task-23012\rep-1\summary.json,30e9357bb3661c79c2f6cdb8108b3be28d35d8079a7e84c0c5602d6e8e40a1eb,runs\main\saner-main-v1\local-qwen3-14b\task-23012\rep-1\scores.json,77db38bd12d4a82812d7f3cbf54061519e9e3321ecadf621a57c702ede808438
554,23012,2.6.37-rc1,Qwen3-14B,2,"D2,C2,B1,D1,C1,A,B2",complete,True,,runs\main\saner-main-v1\local-qwen3-14b\task-23012\rep-2\summary.json,14abd01ad76d1d0573b2eeb9726af9372b19fcc7e5ce875ee67a202a61f32a21,runs\main\saner-main-v1\local-qwen3-14b\task-23012\rep-2\scores.json,84e1a41f8a6e297788061d6e725269f47a8579b4c41d817dbc307a212f7abbec
555,23012,2.6.37-rc1,Qwen3-14B,3,"A,C1,D2,D1,B1,B2,C2",complete,True,,runs\main\saner-main-v1\local-qwen3-14b\task-23012\rep-3\summary.json,1c520242de55e0105cabb4a92448a19cd262bfa713c7ab739f104fe84d93c5b8,runs\main\saner-main-v1\local-qwen3-14b\task-23012\rep-3\scores.json,be276e89650d95a898dcc04d3f3ef7c05700552a40a31512b4587bc47f0d5f0f
556,23012,2.6.37-rc1,qwen-plus-2025-12-01,1,"B1,D2,D1,C2,A,C1,B2",complete,True,,runs\main\saner-main-v1\service-qwen-plus\task-23012\rep-1\summary.json,33d8f0d1600aaddb4a381ec84f35098648c04ca5925e6d22d473c231f4c898d0,runs\main\saner-main-v1\service-qwen-plus\task-23012\rep-1\scores.json,0322a515f89f6e7fd0309fe216c1a66aa14c44e453a19a6c393358948a2ad5d7
557,23012,2.6.37-rc1,qwen-plus-2025-12-01,2,"B1,C1,D2,D1,B2,A,C2",complete,True,,runs\main\saner-main-v1\service-qwen-plus\task-23012\rep-2\summary.json,bdce4ce76874967aef398eea5b72e378cd028e0d956f6bbe9140696cbfbc707f,runs\main\saner-main-v1\service-qwen-plus\task-23012\rep-2\scores.json,5be0961ae6329f6a5d184cbf415783b33aee3cec223f2f75b0db0dad9397be2f
558,23012,2.6.37-rc1,qwen-plus-2025-12-01,3,"C2,A,D1,B1,D2,C1,B2",complete,True,,runs\main\saner-main-v1\service-qwen-plus\task-23012\rep-3\summary.json,b4842523a18a5503be1321382b852888063e534fae92a7ecbc544a159a2e85bc,runs\main\saner-main-v1\service-qwen-plus\task-23012\rep-3\scores.json,afd86761e86c5da5269d8190c763cc906515744464d638ab63d3a4501cb4ae2b
559,6455,2.6.17,Qwen3-14B,1,"B1,C1,A,B2,D2,C2,D1",complete,True,,runs\main\saner-main-v1\local-qwen3-14b\task-6455\rep-1\summary.json,22ce973ac74d9a1b1a07227dd6f0cfb69b0fc2f29a64f60d6e005b25a614b171,runs\main\saner-main-v1\local-qwen3-14b\task-6455\rep-1\scores.json,05f2ffd30b8e9fec3d99cb28a72d1659ff0c12bcbd6c09aa88c9fa12201f314f
560,6455,2.6.17,Qwen3-14B,2,"B2,B1,A,C2,C1,D1,D2",complete,True,,runs\main\saner-main-v1\local-qwen3-14b\task-6455\rep-2\summary.json,41aa2d2493a95ac428ac9b8cf0ced8641ecc0ccb55a17312d4689ff761f0121b,runs\main\saner-main-v1\local-qwen3-14b\task-6455\rep-2\scores.json,23e0f9ab82adf83ca9aba10cbd7b0150510f728f4547988284566c4695a97202
561,6455,2.6.17,Qwen3-14B,3,"D1,C2,C1,B2,B1,D2,A",complete,True,,runs\main\saner-main-v1\local-qwen3-14b\task-6455\rep-3\summary.json,d6d404aaf8ba48971358f6a157f978dcc30ce0a1aa8db27618cf6e07effc4834,runs\main\saner-main-v1\local-qwen3-14b\task-6455\rep-3\scores.json,e8994273ae45174c762ba4da4c01e01cd8f2cc3aee8829061244f254250ab790
562,6455,2.6.17,qwen-plus-2025-12-01,1,"B2,C2,D2,C1,D1,B1,A",complete,True,,runs\main\saner-main-v1\service-qwen-plus\task-6455\rep-1\summary.json,b903282c44e51b30bb927c3213360340909ca74cab7a70ee1ddd276053e839a3,runs\main\saner-main-v1\service-qwen-plus\task-6455\rep-1\scores.json,96169d4a198b1d65ee6f3902e925acbb8545be6b07836d02a115f364c6031a64
563,6455,2.6.17,qwen-plus-2025-12-01,2,"C1,C2,D1,B1,D2,B2,A",complete,True,,runs\main\saner-main-v1\service-qwen-plus\task-6455\rep-2\summary.json,2192a17123b59c2ab9a664031ccd21a5cadc9b197cec418ca11a5f27cc3f2e46,runs\main\saner-main-v1\service-qwen-plus\task-6455\rep-2\scores.json,f7b2c8ce949e1b0756b6381154a1215b2adc2affb2f6d3b48df6725b0acb84b9
564,6455,2.6.17,qwen-plus-2025-12-01,3,"D2,A,C1,B2,D1,C2,B1",complete,True,,runs\main\saner-main-v1\service-qwen-plus\task-6455\rep-3\summary.json,505ee1f5cfba2b4fe6d44a16fe5773ec760cd87a03bff38a1ba08ad61bffad4f,runs\main\saner-main-v1\service-qwen-plus\task-6455\rep-3\scores.json,ddcee453bd267e11ff263558210fc01e791f97e6d5756fe2cec5599d8975e8e0
565,12270,2.6.27,Qwen3-14B,1,"C1,B2,D2,B1,D1,A,C2",complete,True,,runs\main\saner-main-v1\local-qwen3-14b\task-12270\rep-1\summary.json,ba4d18a7a2c4996bc38ce6a7174944c66fe8f99fc54c23d95822be017b1b5a71,runs\main\saner-main-v1\local-qwen3-14b\task-12270\rep-1\scores.json,02edc30cade55716c901349b1d706c04e4a9f078d4516be73757f220f82aa806
566,12270,2.6.27,Qwen3-14B,2,"B2,C2,D2,B1,D1,C1,A",complete,True,,runs\main\saner-main-v1\local-qwen3-14b\task-12270\rep-2\summary.json,b748fcda59b92c56f06de291fcf01f780bf0c518a1534ed049e4d2745a9eb857,runs\main\saner-main-v1\local-qwen3-14b\task-12270\rep-2\scores.json,90a6e35d924d57eac20bd9caac9c9d2236d14e9bf96b9e95035c15b98f2ca5ec
567,12270,2.6.27,Qwen3-14B,3,"B2,C1,A,D1,C2,B1,D2",complete,True,,runs\main\saner-main-v1\local-qwen3-14b\task-12270\rep-3\summary.json,e2a6f19aba7cae298d80288939b9c846cdfa7315a1d9427b27c5dd4dfddd34da,runs\main\saner-main-v1\local-qwen3-14b\task-12270\rep-3\scores.json,3cb242bd7d710d87ba86672935f5c7cc50b30896dbd79dd68896995e500e3cf0
568,12270,2.6.27,qwen-plus-2025-12-01,1,"C1,B2,A,D2,D1,C2,B1",complete,True,,runs\main\saner-main-v1\service-qwen-plus\task-12270\rep-1\summary.json,50c558b323705b95441669702fe47bcf16e11cc52119ad96838e0f0ce13c896c,runs\main\saner-main-v1\service-qwen-plus\task-12270\rep-1\scores.json,bc9670171d5996c8af8daa5d33361d38e1576d9cf758b5ec227a77cbddf8f501
569,12270,2.6.27,qwen-plus-2025-12-01,2,"B2,C1,C2,D1,D2,B1,A",complete,True,,runs\main\saner-main-v1\service-qwen-plus\task-12270\rep-2\summary.json,f92c489c666f9524e6860a2be1933e6a5b9fa5a054e41506c4700e983346872c,runs\main\saner-main-v1\service-qwen-plus\task-12270\rep-2\scores.json,233394be3da9f88782a4df4fc5bfe958ff36b52f2cef6fb50db1ce8678e395aa
570,12270,2.6.27,qwen-plus-2025-12-01,3,"B2,A,D2,C2,B1,C1,D1",complete,True,,runs\main\saner-main-v1\service-qwen-plus\task-12270\rep-3\summary.json,fb4f83e3521bec0089a7b87ea26f19e5d3c0e988e1b23153b35c6262e49a3bce,runs\main\saner-main-v1\service-qwen-plus\task-12270\rep-3\scores.json,9aa5e7d178cc92b5406a43fac27c55eb8997df07ce662f4766653ceaed6755cf
571,15419,2.6.32,Qwen3-14B,1,"B1,C2,D2,C1,D1,A,B2",complete,True,,runs\main\saner-main-v1\local-qwen3-14b\task-15419\rep-1\summary.json,15ac3f6468d20806000cd258eecda94f32ac378cb784338262a20aa85ab4bf41,runs\main\saner-main-v1\local-qwen3-14b\task-15419\rep-1\scores.json,6194925f3ee9a5bfedfb491a0a3786bcdee4c64f526895362f46185fe0d61aa7
572,15419,2.6.32,Qwen3-14B,2,"B1,D1,C2,C1,A,B2,D2",complete,True,,runs\main\saner-main-v1\local-qwen3-14b\task-15419\rep-2\summary.json,5d395ae0296aace86340699be96bb83fa768df0994040865f8b67151a1048c11,runs\main\saner-main-v1\local-qwen3-14b\task-15419\rep-2\scores.json,7f7e0970984c8fe5da7f43dc42e41bf6c17de06817e52cf1410cd7e24e8691db
573,15419,2.6.32,Qwen3-14B,3,"B1,C1,D1,C2,B2,A,D2",complete,True,,runs\main\saner-main-v1\local-qwen3-14b\task-15419\rep-3\summary.json,45856b86769b8f504158f8de6824121a1647f84b021ded1c8cbcbe18d547eb8d,runs\main\saner-main-v1\local-qwen3-14b\task-15419\rep-3\scores.json,a821deeab6d79ad8b8fd1933f77f32497ba95dee38ae85f4f4ae78480b154a6a
574,15419,2.6.32,qwen-plus-2025-12-01,1,"B2,B1,C1,D1,C2,D2,A",complete,True,,runs\main\saner-main-v1\service-qwen-plus\task-15419\rep-1\summary.json,80d0664776416923efc30822056d3755fddc4512708cbd488f9dfff6036a59c4,runs\main\saner-main-v1\service-qwen-plus\task-15419\rep-1\scores.json,cf74a21c6fd4fcaee8daee28c838cd6e8f003ed9d1fdc19c59e6c256975ea9f0
575,15419,2.6.32,qwen-plus-2025-12-01,2,"B1,C1,D2,B2,D1,C2,A",complete,True,,runs\main\saner-main-v1\service-qwen-plus\task-15419\rep-2\summary.json,0c1f9b6a4583362e82925cf4a2d3574da062d961f2904ad7864023f979f56658,runs\main\saner-main-v1\service-qwen-plus\task-15419\rep-2\scores.json,7e5db6e72230b187acbd5750f7ff355c774925335c2949bab2f71405cb6e7309
576,15419,2.6.32,qwen-plus-2025-12-01,3,"C2,A,D2,B1,B2,C1,D1",complete,True,,runs\main\saner-main-v1\service-qwen-plus\task-15419\rep-3\summary.json,8b79074f0ba82ce1e55b7fc5cfb906b5f7c86016c69e8074de77f306f7a00ee2,runs\main\saner-main-v1\service-qwen-plus\task-15419\rep-3\scores.json,9ae06ddd2ab6659b545ea2c59689e84d2f0eee77db9336e0e127a74b52864b9b
577,10201,2.6.24,Qwen3-14B,1,"B2,D2,A,C1,B1,D1,C2",complete,True,,runs\main\saner-main-v1\local-qwen3-14b\task-10201\rep-1\summary.json,7a3cb95c8e3cca611222c69043e171f07ba312a54eadfe8f54db63d8fd0e371b,runs\main\saner-main-v1\local-qwen3-14b\task-10201\rep-1\scores.json,108d68279068286603931d5ae6a2348aaeafa7a04dd786b6bd773853ebd012a4
578,10201,2.6.24,Qwen3-14B,2,"A,B1,D1,D2,C2,C1,B2",complete,True,,runs\main\saner-main-v1\local-qwen3-14b\task-10201\rep-2\summary.json,0d9ebcab0f64354493445cfbfd97638c80fc5625d13ddbcb7a72d38f56927cde,runs\main\saner-main-v1\local-qwen3-14b\task-10201\rep-2\scores.json,5061f2d01f344e6dcad031a629054b7d048aa17bbdb7c40b11856545611c906e
579,10201,2.6.24,Qwen3-14B,3,"B1,D2,C2,D1,C1,B2,A",complete,True,,runs\main\saner-main-v1\local-qwen3-14b\task-10201\rep-3\summary.json,f82f1c0846a17c98af1cb9d539fa4a97ea68d17e4fbffbfe1bc16a34ea019375,runs\main\saner-main-v1\local-qwen3-14b\task-10201\rep-3\scores.json,45925136cb96fade9f277f403a36ff8c54ca55687c81a332f708d08c7469c0c6
580,10201,2.6.24,qwen-plus-2025-12-01,1,"C1,C2,B2,D2,B1,A,D1",complete,True,,runs\main\saner-main-v1\service-qwen-plus\task-10201\rep-1\summary.json,12d197c1a0dcb144803c21752a8168234d110b27694d6982ec31c8d2257ec648,runs\main\saner-main-v1\service-qwen-plus\task-10201\rep-1\scores.json,e011bc9c56547e54cae956b7f23b7807110c1646442d57ad24245f5dbeb69c0d
581,10201,2.6.24,qwen-plus-2025-12-01,2,"D2,B1,B2,C2,C1,A,D1",complete,True,,runs\main\saner-main-v1\service-qwen-plus\task-10201\rep-2\summary.json,a585f87e72645fffdf36b39b286142b3fc064f6df6cb8173732d1f2dc1fd508e,runs\main\saner-main-v1\service-qwen-plus\task-10201\rep-2\scores.json,5922564cd64c4aecd4e98c77e68f8b645f0eb014bd3cfbfd9d2ba924139aaa6b
582,10201,2.6.24,qwen-plus-2025-12-01,3,"B1,C2,C1,B2,A,D1,D2",complete,True,,runs\main\saner-main-v1\service-qwen-plus\task-10201\rep-3\summary.json,b0975df6373a1123a850a9e212c9d675102aa528a4848e68d8baefdfa76d4aee,runs\main\saner-main-v1\service-qwen-plus\task-10201\rep-3\scores.json,acffc37dce6657efd1c0b9b07aa7718e0ffa076e0f9aa0606e406aebed10ef41
583,25922,2.6.37-rc8,Qwen3-14B,1,"B2,C2,A,B1,C1,D2,D1",complete,True,,runs\main\saner-main-v1\local-qwen3-14b\task-25922\rep-1\summary.json,97d41cd89538b9aab29d3c0204544d0ec51fb95b583af0824dc31a910e837642,runs\main\saner-main-v1\local-qwen3-14b\task-25922\rep-1\scores.json,3f752ca79e0a19d0d8f63bf7f3515c3cfaa6d807e111dcb5b3285dc7d76038b6
584,25922,2.6.37-rc8,Qwen3-14B,2,"D2,D1,C2,B1,C1,B2,A",complete,True,,runs\main\saner-main-v1\local-qwen3-14b\task-25922\rep-2\summary.json,199337de578db13165f8b403ccd9bac21c9910f3808df54cbea62f579f26ecc8,runs\main\saner-main-v1\local-qwen3-14b\task-25922\rep-2\scores.json,df720a8577cea0e32f48ed4ddb1f06620f49022a01b05e2ef546652ea265f69e
585,25922,2.6.37-rc8,Qwen3-14B,3,"C2,D2,A,B2,D1,C1,B1",complete,True,,runs\main\saner-main-v1\local-qwen3-14b\task-25922\rep-3\summary.json,68a2e2be72b423cefe921e87c858b1574eefbe0e4aa35f426fd77ab8920fef55,runs\main\saner-main-v1\local-qwen3-14b\task-25922\rep-3\scores.json,e995326e3a2307ce016da673fd7701c1481707fa054522f86f747e7556d94c3b
586,25922,2.6.37-rc8,qwen-plus-2025-12-01,1,"B2,D2,C2,B1,D1,C1,A",complete,True,,runs\main\saner-main-v1\service-qwen-plus\task-25922\rep-1\summary.json,17ae56ee10d8131bd6ae0f70fd1f6d65f41d2dd0c2f11af51918e28175210dd0,runs\main\saner-main-v1\service-qwen-plus\task-25922\rep-1\scores.json,8755d651d9adfa21435fd5be68465e7567e6813a5d3e90137b3f8d99995957ee
587,25922,2.6.37-rc8,qwen-plus-2025-12-01,2,"D1,C2,D2,B1,A,B2,C1",complete,True,,runs\main\saner-main-v1\service-qwen-plus\task-25922\rep-2\summary.json,d6b459a9aafd6fb1a1556a9aaa3a620583513f97aee6b7198967a5ee7cab497e,runs\main\saner-main-v1\service-qwen-plus\task-25922\rep-2\scores.json,1ac8685dbbbce23c0b0730be81e0df5f516e967eec0f84b7e5ac31777c89beee
588,25922,2.6.37-rc8,qwen-plus-2025-12-01,3,"C1,D1,C2,B2,D2,B1,A",complete,True,,runs\main\saner-main-v1\service-qwen-plus\task-25922\rep-3\summary.json,8d17b9ba14b13419894cc0803f518b05d4541da753edb3f9a1fedf70e75cccdc,runs\main\saner-main-v1\service-qwen-plus\task-25922\rep-3\scores.json,d67e8878a273a20ca1a5cc59108ad4f97a0253153464fc76c01e087276ae5d55
589,24562,2.6.36,Qwen3-14B,1,"B1,D1,A,C1,D2,C2,B2",complete,True,,runs\main\saner-main-v1\local-qwen3-14b\task-24562\rep-1\summary.json,95ac9a5482c90c278120e0bc61866c9392d4bf35bdc1aea8f6575f47571af321,runs\main\saner-main-v1\local-qwen3-14b\task-24562\rep-1\scores.json,4cc20892c946621774987e42f3f5b14fc721c622b681f88eb9a8d8195c31b2aa
590,24562,2.6.36,Qwen3-14B,2,"D1,D2,B2,A,C2,C1,B1",complete,True,,runs\main\saner-main-v1\local-qwen3-14b\task-24562\rep-2\summary.json,13e6f1044c956883be53b6ffc656ada0461c7062c7ceb9df0ef89f501d7bfb69,runs\main\saner-main-v1\local-qwen3-14b\task-24562\rep-2\scores.json,f4d1aeb3e410de8917d515a629234fde9a579f5e5c971d1ce549625f570636b4
591,24562,2.6.36,Qwen3-14B,3,"C2,C1,D1,B2,B1,A,D2",complete,True,,runs\main\saner-main-v1\local-qwen3-14b\task-24562\rep-3\summary.json,de1d1cf39b2a59d69a674ba2992e47daad15fbd852871630d4722725f314a5c3,runs\main\saner-main-v1\local-qwen3-14b\task-24562\rep-3\scores.json,fa1d304659dbc52c018a77a5778ec8ebb4d528310cb8787514509c12dded001b
592,24562,2.6.36,qwen-plus-2025-12-01,1,"D2,C2,D1,B2,C1,A,B1",complete,True,,runs\main\saner-main-v1\service-qwen-plus\task-24562\rep-1\summary.json,b688a5f877a45c6a1ee23c804ba64d6db77c51c78d2ae2eab76146af8bea1239,runs\main\saner-main-v1\service-qwen-plus\task-24562\rep-1\scores.json,15e72a8fcc6317e7e54860a7330314c88fb897324984d62dbaca2f2a511d9fcc
593,24562,2.6.36,qwen-plus-2025-12-01,2,"C2,A,D1,B2,B1,C1,D2",complete,True,,runs\main\saner-main-v1\service-qwen-plus\task-24562\rep-2\summary.json,90a0529052c0b6b1dcae73650e90f7a4e546e70baba2208d144648e28892a485,runs\main\saner-main-v1\service-qwen-plus\task-24562\rep-2\scores.json,5ced3f5e67fda4260e7a10cbd3a054d6d1c3c043682f2c9d3add4c68f4b41390
594,24562,2.6.36,qwen-plus-2025-12-01,3,"B1,C1,C2,A,D2,D1,B2",complete,True,,runs\main\saner-main-v1\service-qwen-plus\task-24562\rep-3\summary.json,cbcd482d172b64e91dd743c845de7846b4a8162a49dd69bdd9a70bc89bf9b599,runs\main\saner-main-v1\service-qwen-plus\task-24562\rep-3\scores.json,aae0035ca96673b23ef377d28acbcf662e88daf537b923905847813a0fa3b34f
595,10486,2.6.24,Qwen3-14B,1,"C2,D1,D2,A,C1,B1,B2",complete,True,,runs\main\saner-main-v1\local-qwen3-14b\task-10486\rep-1\summary.json,394b55f082bc5215f048b863a27c720e3ec0f7ef257b9ca5695f3bcfe271b649,runs\main\saner-main-v1\local-qwen3-14b\task-10486\rep-1\scores.json,b2658d0aaf6ee3761782b4d4a919e33b5e9595b0799eaf6f50963a8fa94aa696
596,10486,2.6.24,Qwen3-14B,2,"D2,B2,C1,C2,D1,B1,A",complete,True,,runs\main\saner-main-v1\local-qwen3-14b\task-10486\rep-2\summary.json,712bdc13357cf586e95cf8f3a57d500a4881270ea79585d450d95ffd4d96b853,runs\main\saner-main-v1\local-qwen3-14b\task-10486\rep-2\scores.json,e1ed71229a75390cba60910fbc55adf291f2081523b5e49b7e5995beb8eb929e
597,10486,2.6.24,Qwen3-14B,3,"C1,B1,D2,A,C2,D1,B2",complete,True,,runs\main\saner-main-v1\local-qwen3-14b\task-10486\rep-3\summary.json,550ea610a295b21ad7391446a71716c1849e25c8c3ca362da68f64b6206b950a,runs\main\saner-main-v1\local-qwen3-14b\task-10486\rep-3\scores.json,f96e301a44adb866167b2aa5b39c7ee602117fbf38b44bfa76c8b1433d953fe3
598,10486,2.6.24,qwen-plus-2025-12-01,1,"C1,B2,D2,D1,C2,A,B1",complete,True,,runs\main\saner-main-v1\service-qwen-plus\task-10486\rep-1\summary.json,8e93af66fc87777e8593c7e55033ff4ee672deb678a0e41d62a223484a4d7fd7,runs\main\saner-main-v1\service-qwen-plus\task-10486\rep-1\scores.json,f6775eea905697910a354d19b2d93a9771260575f726353aa4e649c0325379a9
599,10486,2.6.24,qwen-plus-2025-12-01,2,"B1,C1,B2,D2,C2,A,D1",complete,True,,runs\main\saner-main-v1\service-qwen-plus\task-10486\rep-2\summary.json,b15da6df7c7b2287be70f77d5aa366c007f09d9a4b992b034c8b8cd7a2e6cb12,runs\main\saner-main-v1\service-qwen-plus\task-10486\rep-2\scores.json,7cde007b6783618e2f7d6bf3a1806e1773bae19bcc207088fbca66ace7e674d9
600,10486,2.6.24,qwen-plus-2025-12-01,3,"B1,C1,C2,D1,D2,A,B2",complete,True,,runs\main\saner-main-v1\service-qwen-plus\task-10486\rep-3\summary.json,66e442afe83fc9f17e081b82e4c1c1200c5aec9cad48fc6c77a71845e0dcad93,runs\main\saner-main-v1\service-qwen-plus\task-10486\rep-3\scores.json,4bb82424a2100d4e0e67af0d1161432c4461f235d3f7174c823fb62f97765b86
601,41342,3.0-rc2,Qwen3-14B,1,"D1,D2,A,B2,C1,B1,C2",complete,True,,runs\main\saner-main-v1\local-qwen3-14b\task-41342\rep-1\summary.json,568c44d207405cb1761eb93a18483f1f1b2104cc56088ff9e0a50cb6baa88339,runs\main\saner-main-v1\local-qwen3-14b\task-41342\rep-1\scores.json,43f56aaf3d40e0d0e550b03708252a37698bbc44079e707403967be540c739ef
602,41342,3.0-rc2,Qwen3-14B,2,"C1,D1,B1,A,B2,D2,C2",complete,True,,runs\main\saner-main-v1\local-qwen3-14b\task-41342\rep-2\summary.json,a2f2238eafba124bffbe170e62132a716cf41077d0ead0d204e42c781c1fb789,runs\main\saner-main-v1\local-qwen3-14b\task-41342\rep-2\scores.json,3c4aed5ef03307369d3333f6529a36f78e77edfa2c6bed692a4a3fdb25f56cb0
603,41342,3.0-rc2,Qwen3-14B,3,"B1,A,B2,D2,C2,D1,C1",complete,True,,runs\main\saner-main-v1\local-qwen3-14b\task-41342\rep-3\summary.json,6eaf72ac3daa8d264cec7f3ea41294eee3161584c242716ae06a384e3ec21e14,runs\main\saner-main-v1\local-qwen3-14b\task-41342\rep-3\scores.json,11941c4a276963868454fff2b2d3789e25f2bcc52f37a4ff03f48d20e505e8e3
604,41342,3.0-rc2,qwen-plus-2025-12-01,1,"D1,B1,D2,B2,C1,C2,A",complete,True,,runs\main\saner-main-v1\service-qwen-plus\task-41342\rep-1\summary.json,1ec76cd1ec2306635b3ec507266cf24731a07577e512c9bbe7e97ae3fc51e0ea,runs\main\saner-main-v1\service-qwen-plus\task-41342\rep-1\scores.json,db66d71506b154b50ca3d77ec192198b474462f9dc40b7d75f9f8d3a9625c35f
605,41342,3.0-rc2,qwen-plus-2025-12-01,2,"A,D2,C2,C1,B2,B1,D1",complete,True,,runs\main\saner-main-v1\service-qwen-plus\task-41342\rep-2\summary.json,6961312ac59978f51e6f101996e69603fffb4de4fd712b7b9e2c328195d5f93d,runs\main\saner-main-v1\service-qwen-plus\task-41342\rep-2\scores.json,f803581434549a111d08a5ae761fd2c084ce3d89b99119521cba7f8bac8799e1
606,41342,3.0-rc2,qwen-plus-2025-12-01,3,"B1,B2,D1,A,C2,D2,C1",complete,True,,runs\main\saner-main-v1\service-qwen-plus\task-41342\rep-3\summary.json,9f4a47be9b721475ffae39b1e26f8fb815386a20032b5b090015d115d4270802,runs\main\saner-main-v1\service-qwen-plus\task-41342\rep-3\scores.json,05c837e61923850fb5ee7237d0c4ca700239941cf3c4c539066855049870a790
607,5992,2.6.15,Qwen3-14B,1,"D2,A,D1,B2,C2,C1,B1",complete,True,,runs\main\saner-main-v1\local-qwen3-14b\task-5992\rep-1\summary.json,e124e759650ca8750344f279a567fe9525f81bb61f9488b5c7c9cd9716101de4,runs\main\saner-main-v1\local-qwen3-14b\task-5992\rep-1\scores.json,b469ca8e4f2e226578363a91d788b3f1d4d5901e1d5b14c1ba8b0f35d5130a6a
608,5992,2.6.15,Qwen3-14B,2,"D2,C1,B1,D1,A,B2,C2",complete,True,,runs\main\saner-main-v1\local-qwen3-14b\task-5992\rep-2\summary.json,2b4efdd330b5bae79a46ce09e6f0d1b048684f5ebbef6d97dd4a2af550ddb805,runs\main\saner-main-v1\local-qwen3-14b\task-5992\rep-2\scores.json,a63a847b940d3e866f64f8da2665120e23571d13e8e047b30a5f20b3642914ae
609,5992,2.6.15,Qwen3-14B,3,"C2,A,D2,B2,D1,C1,B1",complete,True,,runs\main\saner-main-v1\local-qwen3-14b\task-5992\rep-3\summary.json,5e91357804f26d2d245c2d5aa029b2040fb8840d6c731440473f9e39bef86ea9,runs\main\saner-main-v1\local-qwen3-14b\task-5992\rep-3\scores.json,9287aa6e7bf5a36c8ec52e823c4f6fba3298f0c1e13c23ddfa527cd4d95e84cb
610,5992,2.6.15,qwen-plus-2025-12-01,1,"B2,D2,C1,C2,B1,A,D1",complete,True,,runs\main\saner-main-v1\service-qwen-plus\task-5992\rep-1\summary.json,390158fe48f4421b2812a811b09140022b8bfa6109682edc93eab9cce731f258,runs\main\saner-main-v1\service-qwen-plus\task-5992\rep-1\scores.json,1d01f3f93944b52d25812e87fce2d5a3871338e2ac7dd3db839df2895a119871
611,5992,2.6.15,qwen-plus-2025-12-01,2,"C2,B1,D2,C1,B2,A,D1",complete,True,,runs\main\saner-main-v1\service-qwen-plus\task-5992\rep-2\summary.json,bd9246d98a611cdbee1b847d93995a8b689c7a8db12dab98232b41f0bb8ca358,runs\main\saner-main-v1\service-qwen-plus\task-5992\rep-2\scores.json,407c3d0b541e6706dfb23a0ba91bb457ee3894781e3840380e70fae251570327
612,5992,2.6.15,qwen-plus-2025-12-01,3,"A,D2,C2,B1,C1,D1,B2",complete,True,,runs\main\saner-main-v1\service-qwen-plus\task-5992\rep-3\summary.json,2a457e9f73ff08f2ceec0172238a4bb3343000d5aaab33824df0c89e14ef6ae8,runs\main\saner-main-v1\service-qwen-plus\task-5992\rep-3\scores.json,43b72bc08c072cc3ba521bd1ec473dd1f752e061d5e05e42bdf231e1427075c9
613,53441,3.7.6,Qwen3-14B,1,"C2,D2,B2,D1,A,B1,C1",complete,True,,runs\main\saner-main-v1\local-qwen3-14b\task-53441\rep-1\summary.json,14630e02cef6e4ac2f4a244d5f288b32fa8bc14777787c09806db53dbc7d4979,runs\main\saner-main-v1\local-qwen3-14b\task-53441\rep-1\scores.json,7563a92991d249a2d4b4d026cabb1227ff460b831fb0e9873abf7183fbd7bf87
614,53441,3.7.6,Qwen3-14B,2,"D2,C2,C1,A,D1,B2,B1",complete,True,,runs\main\saner-main-v1\local-qwen3-14b\task-53441\rep-2\summary.json,5d0a1e7067ba01b0cebbe670f1a6b52a0b1b2183d8f4a07432d34ad14b2f70e8,runs\main\saner-main-v1\local-qwen3-14b\task-53441\rep-2\scores.json,077a1a511f8af2396f6f6aa706f6914b6502031820f26929ecd0e81542df2646
615,53441,3.7.6,Qwen3-14B,3,"A,B1,B2,C2,C1,D1,D2",complete,True,,runs\main\saner-main-v1\local-qwen3-14b\task-53441\rep-3\summary.json,5a6cfa799f7cd72c6f6a25bf9fde55022bd2e0ea8b60210927d1dedd63cc505d,runs\main\saner-main-v1\local-qwen3-14b\task-53441\rep-3\scores.json,98c5e0cf71ef3bf094efa5447eff800dbfafd4b84da3d01399817ea5e64f1b46
616,53441,3.7.6,qwen-plus-2025-12-01,1,"C1,B1,B2,C2,D2,A,D1",complete,True,,runs\main\saner-main-v1\service-qwen-plus\task-53441\rep-1\summary.json,a58c110ebf86a55bad03d835cadfc44688bdae25d2072e7b73eff0fc25865504,runs\main\saner-main-v1\service-qwen-plus\task-53441\rep-1\scores.json,771d114d61aabd46bc023dc9ec4c631edca8e87e72fc3c5626965a7de5392bb4
617,53441,3.7.6,qwen-plus-2025-12-01,2,"C2,C1,B1,D1,B2,A,D2",complete,True,,runs\main\saner-main-v1\service-qwen-plus\task-53441\rep-2\summary.json,c9472b0704467234bc6dbc26ca5c27d93d3ebb3beee08b7483e1b5b52e742b0c,runs\main\saner-main-v1\service-qwen-plus\task-53441\rep-2\scores.json,182264ea259204a768d1e3f94ee8116e152edc27221f06a6df51122d08f7b3bc
618,53441,3.7.6,qwen-plus-2025-12-01,3,"A,C1,C2,B2,D2,B1,D1",complete,True,,runs\main\saner-main-v1\service-qwen-plus\task-53441\rep-3\summary.json,c5380150713dc9c81b6410e3814e7b231a388e8d5eb1bb43e4390d8492141a27,runs\main\saner-main-v1\service-qwen-plus\task-53441\rep-3\scores.json,ae36d354983e70f975cf0260861519ff491cbfc7d2b5abef5788b858febd4baa
619,15979,2.6.32,Qwen3-14B,1,"D1,B1,C2,D2,A,C1,B2",complete,True,,runs\main\saner-main-v1\local-qwen3-14b\task-15979\rep-1\summary.json,52f9c04553c301e173925e9aff51d665a136b70b246e883a8fea9fae8f507e01,runs\main\saner-main-v1\local-qwen3-14b\task-15979\rep-1\scores.json,a84f6986f7d8d075ddb359dc2bed64e0237007365b59bf656b74479cf0b61e91
620,15979,2.6.32,Qwen3-14B,2,"B2,D2,D1,A,C2,C1,B1",complete,True,,runs\main\saner-main-v1\local-qwen3-14b\task-15979\rep-2\summary.json,191730eea5496643946d0e1e31842970e01392a2753b1fae4497b97d5075213c,runs\main\saner-main-v1\local-qwen3-14b\task-15979\rep-2\scores.json,e4d127a0f25f8ef806f910695b08483277e01eac0153bf3cdf78d359e77e19c2
621,15979,2.6.32,Qwen3-14B,3,"D2,C2,B2,A,B1,D1,C1",complete,True,,runs\main\saner-main-v1\local-qwen3-14b\task-15979\rep-3\summary.json,330dc9ea58f7abb2aef2075e34633f9cfecdb9d01b2a16b6e045d424284d0403,runs\main\saner-main-v1\local-qwen3-14b\task-15979\rep-3\scores.json,5d1db52d32795b13c16e0b848ff01fac399ce2fe16b03d3cb5d4eaa6c0e743ac
622,15979,2.6.32,qwen-plus-2025-12-01,1,"C2,D1,C1,A,B2,D2,B1",complete,True,,runs\main\saner-main-v1\service-qwen-plus\task-15979\rep-1\summary.json,38d1404569507cfacb19c092dc3a23df50f23c6cb840c963e08cdf2eabb49f26,runs\main\saner-main-v1\service-qwen-plus\task-15979\rep-1\scores.json,7dbb5650478af182654445c31be9a0d4cb066d737c70ea45b1639f27339b7530
623,15979,2.6.32,qwen-plus-2025-12-01,2,"D2,C1,B2,C2,D1,A,B1",complete,True,,runs\main\saner-main-v1\service-qwen-plus\task-15979\rep-2\summary.json,e0400f6129c34f18db48c49bf65c8e2a6e0ce2b970464a9d488956e8065e6aa2,runs\main\saner-main-v1\service-qwen-plus\task-15979\rep-2\scores.json,cb3090102e0624e7136044437f30ad884e8bd7b47c31f62a823ca1a1456f523f
624,15979,2.6.32,qwen-plus-2025-12-01,3,"D2,B1,C1,B2,A,D1,C2",complete,True,,runs\main\saner-main-v1\service-qwen-plus\task-15979\rep-3\summary.json,54a1fe462ac98ffc3251cbb16af5422c202e22a1db2cbbe61b917fa6f8e5c9f5,runs\main\saner-main-v1\service-qwen-plus\task-15979\rep-3\scores.json,d4d036e7ead0e1daf9bb57b7dd2fbaba55357a038d95142f9b6e08063396d7aa
625,13761,2.6.31-rc2,Qwen3-14B,1,"C1,B1,D2,B2,A,D1,C2",complete,True,,runs\main\saner-main-v1\local-qwen3-14b\task-13761\rep-1\summary.json,332f35b64887cb84743ebcf373ec637c4257aa3661be76d6516f74ceb2e4d89a,runs\main\saner-main-v1\local-qwen3-14b\task-13761\rep-1\scores.json,e51c051489ec28853505ee1164879d649b1592600ac2b8af3710a3746f2528aa
626,13761,2.6.31-rc2,Qwen3-14B,2,"C1,A,B2,B1,D2,D1,C2",complete,True,,runs\main\saner-main-v1\local-qwen3-14b\task-13761\rep-2\summary.json,15df7d51ac57b5c70c527b60b9e523ce672e1af40458843f03e2ad120e97dfb3,runs\main\saner-main-v1\local-qwen3-14b\task-13761\rep-2\scores.json,f9659d5649b50f373b3fed558b8b821d7ecf9d2b6158c92b369c33516f336396
627,13761,2.6.31-rc2,Qwen3-14B,3,"C2,B1,D2,B2,A,C1,D1",complete,True,,runs\main\saner-main-v1\local-qwen3-14b\task-13761\rep-3\summary.json,5f825e567add9816e4da2496e2548482ccb013e0d35ce4fd617f677790e28114,runs\main\saner-main-v1\local-qwen3-14b\task-13761\rep-3\scores.json,3567a89eb61665f3f9b983b6d9c41081c8716d40bae44c5911e3e0f547152b58
628,13761,2.6.31-rc2,qwen-plus-2025-12-01,1,"B2,D2,B1,A,C1,D1,C2",complete,True,,runs\main\saner-main-v1\service-qwen-plus\task-13761\rep-1\summary.json,0ad8da0f77a4397da96f214a22a119d41d80cddf3ac10b3355fd011765ce73dc,runs\main\saner-main-v1\service-qwen-plus\task-13761\rep-1\scores.json,5378c813b92c7d0b74b7a792c4ddfcac73884dce8dc1bc0d31cfd5ab6db4bd19
629,13761,2.6.31-rc2,qwen-plus-2025-12-01,2,"D2,C1,B2,D1,B1,A,C2",complete,True,,runs\main\saner-main-v1\service-qwen-plus\task-13761\rep-2\summary.json,cb93005f91ba6cd26d68df7066c3f243b2f8b4ec5571de3df3fd7109c3f56c6f,runs\main\saner-main-v1\service-qwen-plus\task-13761\rep-2\scores.json,f26a6df65d8252ecaf0c5088091b2d74521d89d33e8caa724095cb0e1268d2ed
630,13761,2.6.31-rc2,qwen-plus-2025-12-01,3,"B1,A,D1,C1,C2,D2,B2",complete,True,,runs\main\saner-main-v1\service-qwen-plus\task-13761\rep-3\summary.json,61c8383a3c98fc191ff31a7c9a48cf9d5f88c67e3e83c7c1d9dd6048f5bf0b41,runs\main\saner-main-v1\service-qwen-plus\task-13761\rep-3\scores.json,77b84d2fd77ce9756b681da5066b35029094e5be38224cde7ab2beca140a1b26
631,8450,2.6.21,Qwen3-14B,1,"B2,B1,D2,C1,A,C2,D1",complete,True,,runs\main\saner-main-v1\local-qwen3-14b\task-8450\rep-1\summary.json,299f88d348ae482bc332ebfa4a02fe47a7c66242f629d8b03434763bed429763,runs\main\saner-main-v1\local-qwen3-14b\task-8450\rep-1\scores.json,e98e4c7a62ec90e6e324414e821c69fd1a12e6d222550a6ce65f1cdd039812b8
632,8450,2.6.21,Qwen3-14B,2,"D2,C1,D1,C2,B1,A,B2",complete,True,,runs\main\saner-main-v1\local-qwen3-14b\task-8450\rep-2\summary.json,8b0de0e6343ab0cb163f1bc4d27a6a4583f256415d2b4ec678109e448b4512da,runs\main\saner-main-v1\local-qwen3-14b\task-8450\rep-2\scores.json,68329a2e0343507ab285418dc1ecba99b8d831c8b200e10e723012011327716d
633,8450,2.6.21,Qwen3-14B,3,"D1,B2,B1,A,D2,C1,C2",complete,True,,runs\main\saner-main-v1\local-qwen3-14b\task-8450\rep-3\summary.json,1ead64dda90b1a93eb8dc56390899851a74ec2dbc6295f29226d9d930a87440b,runs\main\saner-main-v1\local-qwen3-14b\task-8450\rep-3\scores.json,083575e9ee9e7b76dcb3563060158c18a0878afacebacf76171402fff615e4dc
634,8450,2.6.21,qwen-plus-2025-12-01,1,"C1,D2,B1,A,C2,B2,D1",complete,True,,runs\main\saner-main-v1\service-qwen-plus\task-8450\rep-1\summary.json,ef42318a165bb02373ceee19cf44a7b70b19be247951461136175baa97e709d5,runs\main\saner-main-v1\service-qwen-plus\task-8450\rep-1\scores.json,5e846e3ae1f156db9510a0a7927f126fe74db31eb661ff676b8191aa805c76a8
635,8450,2.6.21,qwen-plus-2025-12-01,2,"C1,B1,A,D1,D2,B2,C2",complete,True,,runs\main\saner-main-v1\service-qwen-plus\task-8450\rep-2\summary.json,7d41d84d6ea32f1ee4b40d5d55c69a03daac802ab18a3480ae3ed9af452e18e1,runs\main\saner-main-v1\service-qwen-plus\task-8450\rep-2\scores.json,d3c8bae9e19b4b279edc13e086c219b7544aa9379d54a1732c38bd8bd818e3c7
636,8450,2.6.21,qwen-plus-2025-12-01,3,"A,D1,C1,D2,B2,C2,B1",complete,True,,runs\main\saner-main-v1\service-qwen-plus\task-8450\rep-3\summary.json,3c8ccc6c152f1ac7823e19d050354b7dcc5752479b038749905f503e19a0a993,runs\main\saner-main-v1\service-qwen-plus\task-8450\rep-3\scores.json,af38788896441acc87ff2824e396c85ce5667165d9a32d9fecc7d51ec85be102
637,12646,2.6.29-rc3,Qwen3-14B,1,"D2,C2,A,B1,C1,B2,D1",complete,True,,runs\main\saner-main-v1\local-qwen3-14b\task-12646\rep-1\summary.json,fd4ae3a5efafefc0df99e7cfb3b491cd2c94f3d0fdfc509e29d1552bb6114e4b,runs\main\saner-main-v1\local-qwen3-14b\task-12646\rep-1\scores.json,f41cc67eee1de2d193761ecd599bc1d58f709ca661c491baf0451e7a84134b69
638,12646,2.6.29-rc3,Qwen3-14B,2,"D1,B1,B2,A,C2,C1,D2",complete,True,,runs\main\saner-main-v1\local-qwen3-14b\task-12646\rep-2\summary.json,4e0c2b0de6b0accdfc5d696ab1d7103c572f2d1e87b10430b9ef8b822e5537ef,runs\main\saner-main-v1\local-qwen3-14b\task-12646\rep-2\scores.json,37e98665d40e353c6ccb7debd0dded22b92bf96793ba71d9aa100b356ea5c5fb
639,12646,2.6.29-rc3,Qwen3-14B,3,"A,C1,C2,B2,B1,D1,D2",complete,True,,runs\main\saner-main-v1\local-qwen3-14b\task-12646\rep-3\summary.json,59b9b63aad37fdc3ad3bf3ce8cab9feb6751644c907df8000d187c32205ddd2c,runs\main\saner-main-v1\local-qwen3-14b\task-12646\rep-3\scores.json,a7dbc3feced9e36f9a2f16557ba16f7961d3291e357224c0e1db37202f3fd727
640,12646,2.6.29-rc3,qwen-plus-2025-12-01,1,"C1,D1,D2,B2,C2,B1,A",complete,True,,runs\main\saner-main-v1\service-qwen-plus\task-12646\rep-1\summary.json,920e8da54a74b7786848a63c7858888e474aebdd320bf9b790b78c163c38eca1,runs\main\saner-main-v1\service-qwen-plus\task-12646\rep-1\scores.json,4c4d9a028dee1b819ea1e2b4f4bb8f1dce851e486b778b12fb6fd8e265854e04
641,12646,2.6.29-rc3,qwen-plus-2025-12-01,2,"C1,C2,A,B2,D1,B1,D2",complete,True,,runs\main\saner-main-v1\service-qwen-plus\task-12646\rep-2\summary.json,4e4d528dab1e1fb630e10c8babbe3a432eafe2f33f96f1e329fef09513d8c49e,runs\main\saner-main-v1\service-qwen-plus\task-12646\rep-2\scores.json,c959ab6bd69a5af35af12ddecf9693a8c329d61e983189afebc1f1f44c417e46
642,12646,2.6.29-rc3,qwen-plus-2025-12-01,3,"D1,B1,C2,C1,A,D2,B2",complete,True,,runs\main\saner-main-v1\service-qwen-plus\task-12646\rep-3\summary.json,a96941cde3725921498e8a5393052d82a97850b6b6974f568e7739d181665300,runs\main\saner-main-v1\service-qwen-plus\task-12646\rep-3\scores.json,d38b6872149fcb128e53d27999ab3090a4f8c3866862524ac6266b835a034815
643,15287,2.6.34-rc1,Qwen3-14B,1,"A,C1,C2,D1,D2,B1,B2",complete,True,,runs\main\saner-main-v1\local-qwen3-14b\task-15287\rep-1\summary.json,9b9ec242f4d35c923970587d3a6db616a2a8d5621b4517befb4afc2188272330,runs\main\saner-main-v1\local-qwen3-14b\task-15287\rep-1\scores.json,8307b1db9c8d9f5a6c60e8b4a50cb149dc74c2befdb79e4939a05a3515b1d7bd
644,15287,2.6.34-rc1,Qwen3-14B,2,"D2,A,B1,C1,C2,D1,B2",complete,True,,runs\main\saner-main-v1\local-qwen3-14b\task-15287\rep-2\summary.json,e76576797de7ed652a7b3c2f4ff06b82e2fc793f43c4af7b22ba8a420eb96706,runs\main\saner-main-v1\local-qwen3-14b\task-15287\rep-2\scores.json,ca8232c3ae87e1b9d8527ecd23ee320ddd82fce30ede78d1b8d5ee27e5dcaeb5
645,15287,2.6.34-rc1,Qwen3-14B,3,"C1,C2,D2,D1,A,B1,B2",complete,True,,runs\main\saner-main-v1\local-qwen3-14b\task-15287\rep-3\summary.json,7bbfd93c9d27191dfa4b432c9a46e1fbec71f20ec4efa6dc81e284788b84b544,runs\main\saner-main-v1\local-qwen3-14b\task-15287\rep-3\scores.json,b8c5e72ab7de0648349273e0f25469e875bae524376d5bf9354e691652bc009f
646,15287,2.6.34-rc1,qwen-plus-2025-12-01,1,"B1,C2,D2,A,C1,D1,B2",complete,True,,runs\main\saner-main-v1\service-qwen-plus\task-15287\rep-1\summary.json,de9a12aed776236d95d66fa605d08318427ae3101495619d8f2c2254bc941176,runs\main\saner-main-v1\service-qwen-plus\task-15287\rep-1\scores.json,ca9b35bfcb9c245ef365a50c2400e5dbafc958e7afd059d59d02ef7061268c1f
647,15287,2.6.34-rc1,qwen-plus-2025-12-01,2,"B2,C1,C2,B1,D2,A,D1",complete,True,,runs\main\saner-main-v1\service-qwen-plus\task-15287\rep-2\summary.json,7d096441deadd25e2c4824d0fc42cd39ca5e33c20999034628dac22d21c3cb9c,runs\main\saner-main-v1\service-qwen-plus\task-15287\rep-2\scores.json,eb42a32b8f8ca9d325c4fef3ae55297885bfae513ce84eead62ed5a7609f995b
648,15287,2.6.34-rc1,qwen-plus-2025-12-01,3,"B2,B1,C2,A,C1,D2,D1",complete,True,,runs\main\saner-main-v1\service-qwen-plus\task-15287\rep-3\summary.json,311d147e2359c49b72132fdf64f333e6086e0c14e83c7af4f4d9e3daca875e65,runs\main\saner-main-v1\service-qwen-plus\task-15287\rep-3\scores.json,1078232d9a0c2bf6c4d2f3c096bae9ee3cc7ee4e80d7f9ef7d857e750ae9e751
649,4625,2.6.13,Qwen3-14B,1,"B1,D1,C2,B2,D2,A,C1",complete,True,,runs\main\saner-main-v1\local-qwen3-14b\task-4625\rep-1\summary.json,341c2c538232f8e000a0b4c77068a8e998f161ef207ea979992d7363c9b5229b,runs\main\saner-main-v1\local-qwen3-14b\task-4625\rep-1\scores.json,306040110b7d515ca76e301cbed514d9cba8143e61d2834132418f2778c1f196
650,4625,2.6.13,Qwen3-14B,2,"C2,A,B1,D1,D2,C1,B2",complete,True,,runs\main\saner-main-v1\local-qwen3-14b\task-4625\rep-2\summary.json,a0f02852fb4dc784b511b0d887877ebe979b376220177915b60a5dedb7e9fa91,runs\main\saner-main-v1\local-qwen3-14b\task-4625\rep-2\scores.json,0a7b020b17deebe3d91d1ce1ec0beac630173c3c55d07f0030783dc44c9bb2b4
651,4625,2.6.13,Qwen3-14B,3,"B2,B1,A,C1,D1,C2,D2",complete,True,,runs\main\saner-main-v1\local-qwen3-14b\task-4625\rep-3\summary.json,c23a5028e6ddfaa1916deb69da026213c2e17241fff22a450f26a9854d98f96e,runs\main\saner-main-v1\local-qwen3-14b\task-4625\rep-3\scores.json,2227e2abaf72de71fc82af4137b5ff00410c9bfbe858d188bc9f9f474c39920c
652,4625,2.6.13,qwen-plus-2025-12-01,1,"D1,B2,D2,C2,B1,C1,A",complete,True,,runs\main\saner-main-v1\service-qwen-plus\task-4625\rep-1\summary.json,9a0f94517fc09ed78f41ad8e4f7a7ad5d2ccc66ed6444939bbdf29b7d818b33c,runs\main\saner-main-v1\service-qwen-plus\task-4625\rep-1\scores.json,3030eeb779b57820267667da802d877bb36563e2e70c8ecf1864aa5876a0f245
653,4625,2.6.13,qwen-plus-2025-12-01,2,"D2,B1,C2,D1,A,C1,B2",complete,True,,runs\main\saner-main-v1\service-qwen-plus\task-4625\rep-2\summary.json,d326fef3d10de7f8194a42478da7fedbaddcd8c95d127c331f34aca23ede790d,runs\main\saner-main-v1\service-qwen-plus\task-4625\rep-2\scores.json,5670cf4cb25a990009e5f98032a3713bf9cfa122daca2d5db3c8c8602aa9e9dc
654,4625,2.6.13,qwen-plus-2025-12-01,3,"D1,B2,C1,A,D2,B1,C2",complete,True,,runs\main\saner-main-v1\service-qwen-plus\task-4625\rep-3\summary.json,3d1e94687fd48eaa9fb2c4d73837b64ba371c992956b603ea84eebd3443c738f,runs\main\saner-main-v1\service-qwen-plus\task-4625\rep-3\scores.json,789a4e4497894329a8f5ad586842e7c2950ff034f2d1f18591396e3854a871b5
655,8262,2.6.20,Qwen3-14B,1,"D2,D1,B2,C1,B1,A,C2",complete,True,,runs\main\saner-main-v1\local-qwen3-14b\task-8262\rep-1\summary.json,c50773ca24a0dca9f809e751824ce44d6ba2c0185c0611b295059b5874201c3c,runs\main\saner-main-v1\local-qwen3-14b\task-8262\rep-1\scores.json,d8941faef59999c105c8c72db3ceaf0d56c0d76205de7cda91b4144aad3fc817
656,8262,2.6.20,Qwen3-14B,2,"D2,C1,B2,A,C2,B1,D1",complete,True,,runs\main\saner-main-v1\local-qwen3-14b\task-8262\rep-2\summary.json,0f3f6a99bc34ebd9e15b28353f58a34b66a1602363785caf46c3e6af36154d6c,runs\main\saner-main-v1\local-qwen3-14b\task-8262\rep-2\scores.json,a51e046e16ce7e230f3fc8afae94c1a700a19071923ced07d5b83144647d3d1d
657,8262,2.6.20,Qwen3-14B,3,"C2,B2,B1,A,D1,C1,D2",complete,True,,runs\main\saner-main-v1\local-qwen3-14b\task-8262\rep-3\summary.json,2c2b431ddde0f112a901c4bb5756c399de10f6d0a2049148707ada5416da868d,runs\main\saner-main-v1\local-qwen3-14b\task-8262\rep-3\scores.json,e21f10b59653c0f03813833d84659ceebbf7831c2928d30193baaec742581e8e
658,8262,2.6.20,qwen-plus-2025-12-01,1,"C1,B1,D2,D1,C2,A,B2",complete,True,,runs\main\saner-main-v1\service-qwen-plus\task-8262\rep-1\summary.json,5104137b43297e66e71cf1572bc22b69240b2406be3712416a64de733e8ed2cf,runs\main\saner-main-v1\service-qwen-plus\task-8262\rep-1\scores.json,2bbdad63bb97d911f46aa4ebca5b2fcd97044461e8991bbae022761a89cee216
659,8262,2.6.20,qwen-plus-2025-12-01,2,"D2,B1,B2,C1,A,D1,C2",complete,True,,runs\main\saner-main-v1\service-qwen-plus\task-8262\rep-2\summary.json,e173658aaaed14fceb89d57891841652f83aab40881e9a809589a57b0ff3cbac,runs\main\saner-main-v1\service-qwen-plus\task-8262\rep-2\scores.json,2c102f301230916939605066216a8c7f43a12f04090d4eb9fb6784fdd85ed09d
660,8262,2.6.20,qwen-plus-2025-12-01,3,"C1,C2,D2,B2,D1,B1,A",complete,True,,runs\main\saner-main-v1\service-qwen-plus\task-8262\rep-3\summary.json,dd843a7c42cbf79ca024e5106cb0456addecf15b1bc5afcaa7f730e635dfebda,runs\main\saner-main-v1\service-qwen-plus\task-8262\rep-3\scores.json,f86934d5272617479d398148965312fc6769cbf886b03c4a6bdc36efb13be11f
661,10389,2.6.24,Qwen3-14B,1,"C2,B1,C1,A,D2,D1,B2",complete,True,,runs\main\saner-main-v1\local-qwen3-14b\task-10389\rep-1\summary.json,3d6b07440ceae51ce32c2ce80852f37220692ce4bdc841900db19cc615645e62,runs\main\saner-main-v1\local-qwen3-14b\task-10389\rep-1\scores.json,37d2a67382c623a8a4be2983a3231f4bb351ad8c8811b1f41ac254fcffc26afa
662,10389,2.6.24,Qwen3-14B,2,"B2,C1,C2,D1,A,B1,D2",complete,True,,runs\main\saner-main-v1\local-qwen3-14b\task-10389\rep-2\summary.json,490c07db517e08e707dcc872ec68615f528cf513783d65762b83a7138d2854f4,runs\main\saner-main-v1\local-qwen3-14b\task-10389\rep-2\scores.json,63b1cadb8de56e01803f9a1024059e6d36641fe7c33dc8b34e4ae69f3957fd9b
663,10389,2.6.24,Qwen3-14B,3,"B2,C2,A,D1,C1,B1,D2",complete,True,,runs\main\saner-main-v1\local-qwen3-14b\task-10389\rep-3\summary.json,1463de42dfe4c4d4d5ab608a1f2a77367ed1457305771c85461caca200e3a03c,runs\main\saner-main-v1\local-qwen3-14b\task-10389\rep-3\scores.json,b674ca6785ecdfa0261ce82784a61035c21f923d92811bd1aa95cd57a3612d51
664,10389,2.6.24,qwen-plus-2025-12-01,1,"B2,A,B1,D2,C2,C1,D1",complete,True,,runs\main\saner-main-v1\service-qwen-plus\task-10389\rep-1\summary.json,bdc31766544fa2c78f3bb32516b6558d439ae2deae306068ad40707702134e49,runs\main\saner-main-v1\service-qwen-plus\task-10389\rep-1\scores.json,67a019813b14b7184172c6fea40b6ccf9736123bfe62f4d7abb0bb5e8233f9d1
665,10389,2.6.24,qwen-plus-2025-12-01,2,"D2,B1,A,B2,D1,C1,C2",complete,True,,runs\main\saner-main-v1\service-qwen-plus\task-10389\rep-2\summary.json,c793066411f1d89a81595b6ffd8dfab12065cbd4f61edae16fb18dd8ea75b166,runs\main\saner-main-v1\service-qwen-plus\task-10389\rep-2\scores.json,66b616f1dfeab2c2765b1a4596b1c0007d1de0380cd637155dd762e0c1f1c595
666,10389,2.6.24,qwen-plus-2025-12-01,3,"C1,B1,A,C2,D1,B2,D2",complete,True,,runs\main\saner-main-v1\service-qwen-plus\task-10389\rep-3\summary.json,c6045d24f4e2faefe1d0936d1638375ed9eb1d409076b62f0f354f770aa5e186,runs\main\saner-main-v1\service-qwen-plus\task-10389\rep-3\scores.json,6286c1caddb5b42d8d81443725db4d08a3f3dbe273c9b89dd69d6b10078634c9
667,7800,2.6.19,Qwen3-14B,1,"D2,D1,A,C2,C1,B2,B1",complete,True,,runs\main\saner-main-v1\local-qwen3-14b\task-7800\rep-1\summary.json,dd9d0d13082ddd34667a28e1e8d06f7df9e46ffcdd1f80f30883059abe6810f1,runs\main\saner-main-v1\local-qwen3-14b\task-7800\rep-1\scores.json,2927cb6497cd8cf25547fc03f9e11e0b707152a3437e0f7d60e959f5b3aa2ea3
668,7800,2.6.19,Qwen3-14B,2,"C1,B2,B1,A,C2,D1,D2",complete,True,,runs\main\saner-main-v1\local-qwen3-14b\task-7800\rep-2\summary.json,786c26143fbb13399bd7f6f6f5433be143a09f9ab9d8a87f7f0df25f784d03e1,runs\main\saner-main-v1\local-qwen3-14b\task-7800\rep-2\scores.json,84f6a27cf03d78bdc12083f786d74bf1c43e31b9d0e7531f12f0aded5809d369
669,7800,2.6.19,Qwen3-14B,3,"C1,B2,D2,C2,D1,A,B1",complete,True,,runs\main\saner-main-v1\local-qwen3-14b\task-7800\rep-3\summary.json,0a08ef88d498434c46275663216884d04d4511b9dc504ba68cf15063371b3949,runs\main\saner-main-v1\local-qwen3-14b\task-7800\rep-3\scores.json,2b49445458b65e71abd035a850337b776797d2de9a03bd8661fae9f30abebab2
670,7800,2.6.19,qwen-plus-2025-12-01,1,"B1,D1,B2,C1,A,C2,D2",complete,True,,runs\main\saner-main-v1\service-qwen-plus\task-7800\rep-1\summary.json,41025f7df393bfde97888f4c8998a812b11283e827f86762af40b6ef86057bf6,runs\main\saner-main-v1\service-qwen-plus\task-7800\rep-1\scores.json,503f55303444ddf180d8e66ccd0b0d32a14f207071e9740c6c660fe7491bee63
671,7800,2.6.19,qwen-plus-2025-12-01,2,"D1,C1,C2,D2,A,B2,B1",complete,True,,runs\main\saner-main-v1\service-qwen-plus\task-7800\rep-2\summary.json,9c9109ffd078eb9ff70ed4c615a29f0ba21048320e2be1dca687c5f7726878fb,runs\main\saner-main-v1\service-qwen-plus\task-7800\rep-2\scores.json,3749962ebe136f8483780d1344be89238d5ee1bda2cb6f98b7a1b0292511d47e
672,7800,2.6.19,qwen-plus-2025-12-01,3,"C1,D2,C2,B1,D1,A,B2",complete,True,,runs\main\saner-main-v1\service-qwen-plus\task-7800\rep-3\summary.json,3a1e2cdc75d7656546d257ec94b8c310e148625776bad162331551d9844f8521,runs\main\saner-main-v1\service-qwen-plus\task-7800\rep-3\scores.json,b4e5d956c6a2a2224c54fc4b87240b4163e8c5b1472487279a74fa46285d1a39
673,7153,2.6.17,Qwen3-14B,1,"B2,C1,B1,D2,A,D1,C2",complete,True,,runs\main\saner-main-v1\local-qwen3-14b\task-7153\rep-1\summary.json,aff8a5e2a3257e3ac25160dcb73b26a427a4639dbcbe24a4c7be2bdd127044c0,runs\main\saner-main-v1\local-qwen3-14b\task-7153\rep-1\scores.json,6f75936cc789f2b6ad0f5b0797455f1766437b51fa61d71e68a97b78ec558403
674,7153,2.6.17,Qwen3-14B,2,"C2,B1,C1,B2,D2,A,D1",complete,True,,runs\main\saner-main-v1\local-qwen3-14b\task-7153\rep-2\summary.json,52122aec3d7b044656efc823a47788a6d793c0883edaeaf9d9ea8bc4bed1c3e0,runs\main\saner-main-v1\local-qwen3-14b\task-7153\rep-2\scores.json,4690cd1956abbf30a72954a243f8594e5b89c8c022c61708961014e06c0c3863
675,7153,2.6.17,Qwen3-14B,3,"D2,A,C2,D1,B1,C1,B2",complete,True,,runs\main\saner-main-v1\local-qwen3-14b\task-7153\rep-3\summary.json,f1b22807822eef1726738a869e5e87fabcac56c3eceed692e4f23501ef22e32f,runs\main\saner-main-v1\local-qwen3-14b\task-7153\rep-3\scores.json,21e4b3c8c86970bcf1712aa2be1cbcf55ace0ecda28fc32b4710ec24685e4bfb
676,7153,2.6.17,qwen-plus-2025-12-01,1,"C1,C2,B1,D1,B2,D2,A",complete,True,,runs\main\saner-main-v1\service-qwen-plus\task-7153\rep-1\summary.json,4fd31c1c396841251b4a49cfc138bc6b96e603b09d0a7aef6fe2f39f09f4fbbd,runs\main\saner-main-v1\service-qwen-plus\task-7153\rep-1\scores.json,1831e8f66eca0ef04d58991ca8fa963b8e8ffb24e4b44b73ce5363c6d9b4ea40
677,7153,2.6.17,qwen-plus-2025-12-01,2,"D2,D1,C2,B1,C1,B2,A",complete,True,,runs\main\saner-main-v1\service-qwen-plus\task-7153\rep-2\summary.json,a90a8a7b28a04b1f71e8f104da0764b1be2c35fa8231e956eef86d858447fdc9,runs\main\saner-main-v1\service-qwen-plus\task-7153\rep-2\scores.json,d49a360c878e66b80a12540be7f85eadc72a94ce6701d0c64b45c39c848b0a53
678,7153,2.6.17,qwen-plus-2025-12-01,3,"A,C2,C1,B1,D1,B2,D2",complete,True,,runs\main\saner-main-v1\service-qwen-plus\task-7153\rep-3\summary.json,f10ac073ebc7814be4a81d6f749893e166b2cc72c1d1c7e9266f4b5c58b013ba,runs\main\saner-main-v1\service-qwen-plus\task-7153\rep-3\scores.json,73177af11d2a8bd10e9d7b18c3b2a28d0edbc6558a95eb28f97f078232e3086e
679,60577,3.9.9,Qwen3-14B,1,"D1,B2,B1,C2,C1,D2,A",complete,True,,runs\main\saner-main-v1\local-qwen3-14b\task-60577\rep-1\summary.json,c4d121a15b45d0763ae9cb823896a6c12de274bddd485453365a07739118d0bb,runs\main\saner-main-v1\local-qwen3-14b\task-60577\rep-1\scores.json,03b9ed44bc567f07a17e0d9dd8b9fae4080ddc61d31ae9b55974aaf1b9bda766
680,60577,3.9.9,Qwen3-14B,2,"A,B1,D2,D1,B2,C1,C2",complete,True,,runs\main\saner-main-v1\local-qwen3-14b\task-60577\rep-2\summary.json,d44a181aaad6c837f3a491199ba6304337b1eac7642e8b1126d02835dc88065f,runs\main\saner-main-v1\local-qwen3-14b\task-60577\rep-2\scores.json,d030381573fa1b5d9bda2a31f55c265d975c8e6e715352c3984eb45f4256c1f8
681,60577,3.9.9,Qwen3-14B,3,"B2,B1,C1,D1,C2,D2,A",complete,True,,runs\main\saner-main-v1\local-qwen3-14b\task-60577\rep-3\summary.json,bc3aa6bd8c58a7b0d61a4cf84c9e3bd29418b53f9ad5ec005264f83669af94e7,runs\main\saner-main-v1\local-qwen3-14b\task-60577\rep-3\scores.json,b7b449528f31f5bb22a1310af214fdb536c22a142a2d7895922c982c7957d822
682,60577,3.9.9,qwen-plus-2025-12-01,1,"D2,A,C1,C2,B1,D1,B2",complete,True,,runs\main\saner-main-v1\service-qwen-plus\task-60577\rep-1\summary.json,1197d58e01b43acb19296b63143e86aaa0410f6cb559a54efdae4075592cbe2f,runs\main\saner-main-v1\service-qwen-plus\task-60577\rep-1\scores.json,59f8510b94adeefa5e94be11cba364567f0f34a4de7802cb4437ba71289111c0
683,60577,3.9.9,qwen-plus-2025-12-01,2,"B1,A,D1,C1,C2,D2,B2",complete,True,,runs\main\saner-main-v1\service-qwen-plus\task-60577\rep-2\summary.json,23a6836d043ec66950b9f09d862f9f184237a4a2de59a345856b953360789456,runs\main\saner-main-v1\service-qwen-plus\task-60577\rep-2\scores.json,76a0218300f2bca1cd041d182f66e342970895e0469f9245ef04dec2b6a7ce98
684,60577,3.9.9,qwen-plus-2025-12-01,3,"C1,D1,B1,C2,D2,B2,A",complete,True,,runs\main\saner-main-v1\service-qwen-plus\task-60577\rep-3\summary.json,1d7015b5a3c5f82794a8504b85d86a74d027b94a10d0e3ba1349cde7c01ced93,runs\main\saner-main-v1\service-qwen-plus\task-60577\rep-3\scores.json,794442c81eef0b803ed5f0a0f13563b3946665d68a240dd399dd2f50b609ddf7
685,13498,2.6.27,Qwen3-14B,1,"D1,B2,B1,C1,C2,D2,A",complete,True,,runs\main\saner-main-v1\local-qwen3-14b\task-13498\rep-1\summary.json,21ba97d599b01626dac76dcd5933a09809c3c10db0dae1d9f79d44f559c710aa,runs\main\saner-main-v1\local-qwen3-14b\task-13498\rep-1\scores.json,2326c20421a00025d3968595a016893d6eb00a8ab4d039cc084199850a088ae5
686,13498,2.6.27,Qwen3-14B,2,"C1,B1,B2,D1,A,D2,C2",complete,True,,runs\main\saner-main-v1\local-qwen3-14b\task-13498\rep-2\summary.json,3a7101a5f97e6adb16bbfaa859ae5c36d9f32ef03656a8db2b19f686b8098a95,runs\main\saner-main-v1\local-qwen3-14b\task-13498\rep-2\scores.json,7e06fea69e60e8aab6a4f7f010572d2ba9cbb5edc1e9ae9d577445c0810ebaf5
687,13498,2.6.27,Qwen3-14B,3,"B2,C2,D1,C1,B1,D2,A",complete,True,,runs\main\saner-main-v1\local-qwen3-14b\task-13498\rep-3\summary.json,cbec36594530fc26e4f14f52c009a02684c9072298740da0978095069fec99d2,runs\main\saner-main-v1\local-qwen3-14b\task-13498\rep-3\scores.json,92a48718ab54aaa6080f3fd2a7cb4c64b7823a9012d45c446a6cbe7f82eb3d9f
688,13498,2.6.27,qwen-plus-2025-12-01,1,"B2,B1,D1,A,C2,C1,D2",complete,True,,runs\main\saner-main-v1\service-qwen-plus\task-13498\rep-1\summary.json,1d0e4738cabd6bade8c32c03ea3c608ba5d30591f5e75120647693ea26e7c653,runs\main\saner-main-v1\service-qwen-plus\task-13498\rep-1\scores.json,233e7e4fe8d313508ed4ab095435c3fd30b3958cdf5859acadba95046c124c75
689,13498,2.6.27,qwen-plus-2025-12-01,2,"C2,B1,B2,A,D2,C1,D1",complete,True,,runs\main\saner-main-v1\service-qwen-plus\task-13498\rep-2\summary.json,df337f1a7ee55c8d0350044977d2da2134cf1f59352de788920a61fc596ca0e5,runs\main\saner-main-v1\service-qwen-plus\task-13498\rep-2\scores.json,198a1a051123bb1a574432ab47a38fc1c68104793711f30d5a1afa60c40fdc21
690,13498,2.6.27,qwen-plus-2025-12-01,3,"D1,D2,B1,C2,B2,A,C1",complete,True,,runs\main\saner-main-v1\service-qwen-plus\task-13498\rep-3\summary.json,f06c266ea5577206e79cae0f16fbe66602544a0c3b55585caceb23a68d2d12a5,runs\main\saner-main-v1\service-qwen-plus\task-13498\rep-3\scores.json,3195cb993e6fbc5d0f931e146c73508955fa91d17362344cfcd5273e81bc59c3
691,1865,2.6.1,Qwen3-14B,1,"B1,D2,C2,B2,A,C1,D1",complete,True,,runs\main\saner-main-v1\local-qwen3-14b\task-1865\rep-1\summary.json,d82ddfbe434fdba8b2723b28483f3171ef16054dd1bdcc8d70bcbb644b9f1c09,runs\main\saner-main-v1\local-qwen3-14b\task-1865\rep-1\scores.json,3bd4a931b616fcaf374a78ca2171b0cb596a1daec95e053f6f826b13b1d65ae3
692,1865,2.6.1,Qwen3-14B,2,"D2,C1,D1,B2,A,C2,B1",complete,True,,runs\main\saner-main-v1\local-qwen3-14b\task-1865\rep-2\summary.json,877a30fa81c4d50d3ce8ca35038386066d8bdf7f25d39962d8b1b3770d8fa592,runs\main\saner-main-v1\local-qwen3-14b\task-1865\rep-2\scores.json,526b8d3a96292604cc09de5dc1c55a9c75506a81f67310acf51378feb16f6efe
693,1865,2.6.1,Qwen3-14B,3,"D1,C2,A,D2,C1,B1,B2",complete,True,,runs\main\saner-main-v1\local-qwen3-14b\task-1865\rep-3\summary.json,172a2e59aa20a48b602379c9c4a13d1faad4483ed7e7a8ff613725654c26eb70,runs\main\saner-main-v1\local-qwen3-14b\task-1865\rep-3\scores.json,c86511fae7eb5f8c664b5e92dbd643cf4d83758c75e4beec78a7b5ed3c74cc8d
694,1865,2.6.1,qwen-plus-2025-12-01,1,"B2,A,D2,B1,D1,C2,C1",complete,True,,runs\main\saner-main-v1\service-qwen-plus\task-1865\rep-1\summary.json,60fcf187b26ed758e720aa9dce7bc55a631a850ce702d9e8f44773514c741c78,runs\main\saner-main-v1\service-qwen-plus\task-1865\rep-1\scores.json,cefc84a7a88dd54df502363bfae7e47c5e42a70e0a55c77ed4a0994c94304534
695,1865,2.6.1,qwen-plus-2025-12-01,2,"D2,A,B2,C1,D1,B1,C2",complete,True,,runs\main\saner-main-v1\service-qwen-plus\task-1865\rep-2\summary.json,43d9fb5b0db7ce8984c5c8b7d22ba7e823cc165773de04deac25453ca59fd87d,runs\main\saner-main-v1\service-qwen-plus\task-1865\rep-2\scores.json,b45ce2998940e40b24cc4c9d6ab414a1bcc0dad305c9bf746800b4b13c4f8445
696,1865,2.6.1,qwen-plus-2025-12-01,3,"D2,C2,A,C1,D1,B1,B2",complete,True,,runs\main\saner-main-v1\service-qwen-plus\task-1865\rep-3\summary.json,bfa958cbb8db0a328c7d562bb87131faaf1b06ea84ab188a159a4498f983771d,runs\main\saner-main-v1\service-qwen-plus\task-1865\rep-3\scores.json,9e53c771dc9dca0190972776951283ca98819688072146ce9620a2c95abb300c
697,8374,2.6.21,Qwen3-14B,1,"B2,D1,D2,C2,A,C1,B1",complete,True,,runs\main\saner-main-v1\local-qwen3-14b\task-8374\rep-1\summary.json,60dac90fdd7797e67a2234197f3825c8492b5fddd06900337450dd93ece55633,runs\main\saner-main-v1\local-qwen3-14b\task-8374\rep-1\scores.json,34ed6068f8ea50d16f1154193fbe28fcb2717d9a29287f9dc14a4fd44c621d67
698,8374,2.6.21,Qwen3-14B,2,"D1,D2,B1,A,B2,C1,C2",complete,True,,runs\main\saner-main-v1\local-qwen3-14b\task-8374\rep-2\summary.json,246ba80333004a51b21a1f114671a48ee30ec04846fcd3475e5c1efd6a63d2e4,runs\main\saner-main-v1\local-qwen3-14b\task-8374\rep-2\scores.json,c3477ed06eb30144799f4c06896c6970ea4ca419252a44b4334f6e3d7af73ee0
699,8374,2.6.21,Qwen3-14B,3,"A,C2,D1,C1,B1,D2,B2",complete,True,,runs\main\saner-main-v1\local-qwen3-14b\task-8374\rep-3\summary.json,1ce194d166ac5e226c5a3a1c1d8cb6f70c49a4073af279ef483e9ff6b494f246,runs\main\saner-main-v1\local-qwen3-14b\task-8374\rep-3\scores.json,b50eef2cc0b4048c57f79a3f1e1fb99a3c44ef43946fc76fc72670cd29e0d2c4
700,8374,2.6.21,qwen-plus-2025-12-01,1,"D1,D2,B1,C1,A,B2,C2",complete,True,,runs\main\saner-main-v1\service-qwen-plus\task-8374\rep-1\summary.json,1dd4e7462c5c1cf0238a7fedc984039637e4f35c4df5403b5b741b96d2cf6751,runs\main\saner-main-v1\service-qwen-plus\task-8374\rep-1\scores.json,6f2d822e2a223f7e629a6aea60b641a96a4778e307a9a9f7d0676a0d94d691e2
701,8374,2.6.21,qwen-plus-2025-12-01,2,"A,D1,C1,D2,B2,B1,C2",complete,True,,runs\main\saner-main-v1\service-qwen-plus\task-8374\rep-2\summary.json,9874e2581668fa13ed0208f6d4e665b2e6ea5f5ffb15045cd308fd9717932021,runs\main\saner-main-v1\service-qwen-plus\task-8374\rep-2\scores.json,4433eb02a2dc8e4952fa252431600525e25eaf23c04917c9ee6c4c493c0edcd4
702,8374,2.6.21,qwen-plus-2025-12-01,3,"D2,A,C2,B1,B2,C1,D1",complete,True,,runs\main\saner-main-v1\service-qwen-plus\task-8374\rep-3\summary.json,4259d9be58106366844000e66af1cff305ec36f1df4adde3c7ed3c004b065036,runs\main\saner-main-v1\service-qwen-plus\task-8374\rep-3\scores.json,35537818fcf2138f9a0c5da489fcc045cae0e987b109278c9c3072ed7428ad51
703,8671,2.6.22,Qwen3-14B,1,"B1,B2,A,C1,C2,D2,D1",complete,True,,runs\main\saner-main-v1\local-qwen3-14b\task-8671\rep-1\summary.json,1a259d31d5683d20e0b78c4d6b11e2063743f28499b5e3cf9389e1fa38c2ffa6,runs\main\saner-main-v1\local-qwen3-14b\task-8671\rep-1\scores.json,85b051a4efab29dd77b718abeafef8aa3ddba8daea94ac4071a849a1247c1610
704,8671,2.6.22,Qwen3-14B,2,"C2,D2,D1,B2,C1,B1,A",complete,True,,runs\main\saner-main-v1\local-qwen3-14b\task-8671\rep-2\summary.json,f169e4eb5d56054b43d3dcbc95652a41762bdce4c7570d802f748a681c62be31,runs\main\saner-main-v1\local-qwen3-14b\task-8671\rep-2\scores.json,7156aed3c4865323f8bcf8eac6e2ed37a8fc81e3613c892ba2cdf601572015b3
705,8671,2.6.22,Qwen3-14B,3,"B1,C2,A,D1,D2,B2,C1",complete,True,,runs\main\saner-main-v1\local-qwen3-14b\task-8671\rep-3\summary.json,d8d57c0ecd972ef33f6eef00507e0e3c708d74bdbb9ff71906baf064298248a1,runs\main\saner-main-v1\local-qwen3-14b\task-8671\rep-3\scores.json,36493d88a2063b08974441c506e6bbab3a399c4f8d2a0eba91e11c2e7daebd4b
706,8671,2.6.22,qwen-plus-2025-12-01,1,"A,B2,D1,D2,C1,C2,B1",complete,True,,runs\main\saner-main-v1\service-qwen-plus\task-8671\rep-1\summary.json,4bd6b03506d06829671c8db862415637ef57702a11b2ae6f6f3eaedb84388b02,runs\main\saner-main-v1\service-qwen-plus\task-8671\rep-1\scores.json,2c1706caabaf646a98ae7cb39f693dc88a82c8a581ad7add918bf2a5ad39eb2b
707,8671,2.6.22,qwen-plus-2025-12-01,2,"B1,C1,A,D2,C2,D1,B2",complete,True,,runs\main\saner-main-v1\service-qwen-plus\task-8671\rep-2\summary.json,34198bcd2459cc01ced575c3060c3c87162320c5cd295e50890615c7f58cd8d7,runs\main\saner-main-v1\service-qwen-plus\task-8671\rep-2\scores.json,131ed69c2c0f17cbfdb650dca86b4cd282ba5f886984a60be51e80776dbd4183
708,8671,2.6.22,qwen-plus-2025-12-01,3,"C2,A,D2,C1,B2,D1,B1",complete,True,,runs\main\saner-main-v1\service-qwen-plus\task-8671\rep-3\summary.json,1ab528a52f9d6c53887eb43f910e76e61218b4e71dc6df8f7aebd78a9778f2c3,runs\main\saner-main-v1\service-qwen-plus\task-8671\rep-3\scores.json,9c80285eec3d41fce47026ce9623a9c0440649d4ee778b2bc04f3896bcfb8e5c
709,12216,2.6.28-rc8,Qwen3-14B,1,"D2,B2,A,D1,C2,B1,C1",complete,True,,runs\main\saner-main-v1\local-qwen3-14b\task-12216\rep-1\summary.json,0885f2fa398990f7e9f6ac7a071ab9d34207b193e4a20ddc14be0f4ce2a28bbd,runs\main\saner-main-v1\local-qwen3-14b\task-12216\rep-1\scores.json,deeb86d54e2643b84b25122c775b9f9d0ecfb6223b636a8c6eb218b2f833826a
710,12216,2.6.28-rc8,Qwen3-14B,2,"A,C2,C1,D1,B1,B2,D2",complete,True,,runs\main\saner-main-v1\local-qwen3-14b\task-12216\rep-2\summary.json,c9bc390952ac3680c1bf1217bc29e566bb25f99a2f2b8633fd73dc85be764ab9,runs\main\saner-main-v1\local-qwen3-14b\task-12216\rep-2\scores.json,f6cee26fa6a82217a94dc441e53861d6b3c0579d4e8d2642613e8538e7f0790f
711,12216,2.6.28-rc8,Qwen3-14B,3,"B2,C2,A,B1,D2,C1,D1",complete,True,,runs\main\saner-main-v1\local-qwen3-14b\task-12216\rep-3\summary.json,9e91727bd268c780561bc710438d02ea27158a5b32783c02efa404aeb3097cd8,runs\main\saner-main-v1\local-qwen3-14b\task-12216\rep-3\scores.json,e6e019afb0cef71e903f5fed968aa2f6c596a0c73d5c5b180ccf07fb913b28c4
712,12216,2.6.28-rc8,qwen-plus-2025-12-01,1,"D2,C1,D1,B2,A,C2,B1",complete,True,,runs\main\saner-main-v1\service-qwen-plus\task-12216\rep-1\summary.json,7515b0480f5487b69951ca290955ed5f14cc90f90cc36c36fcfc95229e6aba98,runs\main\saner-main-v1\service-qwen-plus\task-12216\rep-1\scores.json,aa1a941d392df39d7893fb91edaabe45868e7d9be411f9d40e7e3421984bed93
713,12216,2.6.28-rc8,qwen-plus-2025-12-01,2,"B1,C2,A,D1,C1,D2,B2",complete,True,,runs\main\saner-main-v1\service-qwen-plus\task-12216\rep-2\summary.json,7b6c7bbf54291ad279b941f0e984e850337fc4e60b86fa8c84580a7246cc20cc,runs\main\saner-main-v1\service-qwen-plus\task-12216\rep-2\scores.json,03711384493f62c55f20ae6b71566dfa0e1008e9e3062786dc19090770b8328f
714,12216,2.6.28-rc8,qwen-plus-2025-12-01,3,"A,C2,C1,B2,D1,B1,D2",complete,True,,runs\main\saner-main-v1\service-qwen-plus\task-12216\rep-3\summary.json,996de4e68c9f5d9244d10a1d813bb7e324d7c4f40c6fca76259feb2307d405ee,runs\main\saner-main-v1\service-qwen-plus\task-12216\rep-3\scores.json,09ca1c583dc501548151c31952ebdfd634eca22de93414d2397f0094bf9397b9
715,7385,2.6.19-rc2,Qwen3-14B,1,"C2,C1,D1,A,B1,D2,B2",complete,True,,runs\main\saner-main-v1\local-qwen3-14b\task-7385\rep-1\summary.json,598e573e1b0af6b9aef0106f6cfbf7a53c854830b58d8ec20707645d16182f31,runs\main\saner-main-v1\local-qwen3-14b\task-7385\rep-1\scores.json,bad4cdd7dc1002da2297b252d6d469f536614f371e8e18a4c2c96f74e1800bb9
716,7385,2.6.19-rc2,Qwen3-14B,2,"C1,B1,A,D1,D2,B2,C2",complete,True,,runs\main\saner-main-v1\local-qwen3-14b\task-7385\rep-2\summary.json,d4d7c56b7eea7b6e4a6bdc8771502472bd9b2f3015e0fa399bb8f26a0c9d0eca,runs\main\saner-main-v1\local-qwen3-14b\task-7385\rep-2\scores.json,b5f98295818f1ab73f1ac213eeccd46ab7a9a0af6d4d5391ac25543fa6d75c5a
717,7385,2.6.19-rc2,Qwen3-14B,3,"C1,D2,B1,D1,A,C2,B2",complete,True,,runs\main\saner-main-v1\local-qwen3-14b\task-7385\rep-3\summary.json,fb73374bb416f87a7820342434a6a9283ec7458c5b7422084da2a164574dbc71,runs\main\saner-main-v1\local-qwen3-14b\task-7385\rep-3\scores.json,ba555e44fec784aee72fe67fff3fcde34a4394ea5050cd48b31593235a3f5d39
718,7385,2.6.19-rc2,qwen-plus-2025-12-01,1,"B2,C2,D1,C1,D2,A,B1",complete,True,,runs\main\saner-main-v1\service-qwen-plus\task-7385\rep-1\summary.json,dcb8e07aa2db75586c12d06ce0c1a602fc87556a2b2811399575f1761ee8a2fc,runs\main\saner-main-v1\service-qwen-plus\task-7385\rep-1\scores.json,d4035bff6aa1ffe55cef93f5512ed495a83d3681dac79553a63618c58588eca0
719,7385,2.6.19-rc2,qwen-plus-2025-12-01,2,"A,D2,B2,C1,B1,C2,D1",complete,True,,runs\main\saner-main-v1\service-qwen-plus\task-7385\rep-2\summary.json,447f2d345e2a3838d8faff1ffd0fbadea5b029f6ffa6cb4b3f32df458872c783,runs\main\saner-main-v1\service-qwen-plus\task-7385\rep-2\scores.json,b2f3eae6362d2efaf9c192ff924f25fe856d18a18516b6253515fd4c1f1236cf
720,7385,2.6.19-rc2,qwen-plus-2025-12-01,3,"D2,C1,C2,A,B1,D1,B2",complete,True,,runs\main\saner-main-v1\service-qwen-plus\task-7385\rep-3\summary.json,e7e3de9cdffb72769948e3d27afca412e950193e05d3d74d9afc2ec578f6390f,runs\main\saner-main-v1\service-qwen-plus\task-7385\rep-3\scores.json,6f4e7bf4fcb56d6136a3827a8d82bda5e3c74f38c847289860599d7d57236982
721,16043,2.6.33.5,Qwen3-14B,1,"B1,C2,B2,D1,D2,C1,A",complete,True,,runs\main\saner-main-v1\local-qwen3-14b\task-16043\rep-1\summary.json,e7cd19352bc562405e546dcc1800b172caf2f0f27915f05208ad2c00bc4fe5ba,runs\main\saner-main-v1\local-qwen3-14b\task-16043\rep-1\scores.json,46598d089cc2b09d04d8cb95f6709e4970afb7321cc0d54298e327a0f7ef713a
722,16043,2.6.33.5,Qwen3-14B,2,"B2,A,D1,D2,C2,B1,C1",complete,True,,runs\main\saner-main-v1\local-qwen3-14b\task-16043\rep-2\summary.json,c168f4befa680f2a5bb3239f82b14114bf9b9f9fe6c7a4ee10112518c94c023e,runs\main\saner-main-v1\local-qwen3-14b\task-16043\rep-2\scores.json,154fefe27aade9d5697a9a616d3c824a915771082f7bc4b3c61a09654022eead
723,16043,2.6.33.5,Qwen3-14B,3,"B1,D2,D1,C2,C1,B2,A",complete,True,,runs\main\saner-main-v1\local-qwen3-14b\task-16043\rep-3\summary.json,e2e1c3506106a611f7a813431817f35b753633d9bd49b1d52d0ef74244bfa487,runs\main\saner-main-v1\local-qwen3-14b\task-16043\rep-3\scores.json,07f056c06c574e2284cb635cd801f17a6a69843c465cab4e34b1b540b236c24d
724,16043,2.6.33.5,qwen-plus-2025-12-01,1,"A,C1,B2,B1,C2,D1,D2",complete,True,,runs\main\saner-main-v1\service-qwen-plus\task-16043\rep-1\summary.json,1ab94b6302f09d527b347d4f7253ee877d63bbf06c2343a9a8508da22a1cbadf,runs\main\saner-main-v1\service-qwen-plus\task-16043\rep-1\scores.json,608c8eb61a475a756ea91d8b3f2018bfc503818ce0d936ee42979a9522a38f68
725,16043,2.6.33.5,qwen-plus-2025-12-01,2,"A,C2,B1,D2,C1,D1,B2",complete,True,,runs\main\saner-main-v1\service-qwen-plus\task-16043\rep-2\summary.json,acacae814d3bce7bd28943875061552cf12e4337e44efee53c695a2a3c8b6acb,runs\main\saner-main-v1\service-qwen-plus\task-16043\rep-2\scores.json,b596ee74f25bb8007b39e1f827ef3b055fa65bb189e5a7ad6ab09fda822bc4bc
726,16043,2.6.33.5,qwen-plus-2025-12-01,3,"A,D2,C2,D1,C1,B1,B2",complete,True,,runs\main\saner-main-v1\service-qwen-plus\task-16043\rep-3\summary.json,4e1887a29d32598e6c651d89ec30c1a232359e4a6fcb3c0aa953f7cb8a299e15,runs\main\saner-main-v1\service-qwen-plus\task-16043\rep-3\scores.json,715f9f16350709017d686b8397fc4f2fa3424dfc09ffa6b7b8dd5b626fd40a81
727,195869,4.12-rc1,Qwen3-14B,1,"A,D2,B2,B1,D1,C1,C2",complete,True,,runs\main\saner-main-v1\local-qwen3-14b\task-195869\rep-1\summary.json,1985b7033dd625c3ec53fc621e7b14817174fc3b4399bc2e6697f6270974f796,runs\main\saner-main-v1\local-qwen3-14b\task-195869\rep-1\scores.json,9a716426134c52616873ec89eb4a992db4fce810606676268186e57fb0f74e43
728,195869,4.12-rc1,Qwen3-14B,2,"C2,B1,D1,C1,A,D2,B2",complete,True,,runs\main\saner-main-v1\local-qwen3-14b\task-195869\rep-2\summary.json,9c7cd5cc7cd51f9ae7ff31ba007483df005c97a7eef40449ec3596a75754b457,runs\main\saner-main-v1\local-qwen3-14b\task-195869\rep-2\scores.json,417365a20a317c7285ea50256dbabad58e791252b5ab503aadd30f97d80b3b92
729,195869,4.12-rc1,Qwen3-14B,3,"A,B1,B2,C2,D1,C1,D2",complete,True,,runs\main\saner-main-v1\local-qwen3-14b\task-195869\rep-3\summary.json,fcb5bc60ef227083d477dcf44b8673dd20bd212baf064a9f568a947da012dfbb,runs\main\saner-main-v1\local-qwen3-14b\task-195869\rep-3\scores.json,7263031b9f87c476df4ddd632a77d4f35d7e9e4f04cec5464fdbe102b9ecb652
730,195869,4.12-rc1,qwen-plus-2025-12-01,1,"D1,C2,C1,D2,B1,B2,A",complete,True,,runs\main\saner-main-v1\service-qwen-plus\task-195869\rep-1\summary.json,ba5cb25adcedecded27d9baf9d33ac8c552a000c21492a3553c419f3acce680e,runs\main\saner-main-v1\service-qwen-plus\task-195869\rep-1\scores.json,3c9e02f35d678c73a8d985154c013318651ddc403969b30984136aee22778bc1
731,195869,4.12-rc1,qwen-plus-2025-12-01,2,"A,C1,D2,C2,B1,D1,B2",complete,True,,runs\main\saner-main-v1\service-qwen-plus\task-195869\rep-2\summary.json,c296cb15c4a13eb24d077568abc9834e4a60a5d43a8f7a5885b2ec8bbb199054,runs\main\saner-main-v1\service-qwen-plus\task-195869\rep-2\scores.json,b2a83303f7bbc185564a318c817b35607d04debbcebdf713bd9ccfaadf632c73
732,195869,4.12-rc1,qwen-plus-2025-12-01,3,"D2,B1,C1,A,B2,D1,C2",complete,True,,runs\main\saner-main-v1\service-qwen-plus\task-195869\rep-3\summary.json,9f2372cbcfbbbcaa272b06baf64c4881e8176357f707176750c4eabf47d45936,runs\main\saner-main-v1\service-qwen-plus\task-195869\rep-3\scores.json,7b2fabd5213053ea312fa4b941961cfe5cd87242cda94303b2f3e28d9e425c39
733,7601,2.6.19,Qwen3-14B,1,"D2,B1,C2,B2,C1,A,D1",complete,True,,runs\main\saner-main-v1\local-qwen3-14b\task-7601\rep-1\summary.json,42492bcd0d6e2a26ba82348e5d119bba4fab077eeb422f14e48e0f492c0f6562,runs\main\saner-main-v1\local-qwen3-14b\task-7601\rep-1\scores.json,04eaa723c8e35020f69e1154e7110a6aeff926c48d6fb98efbbf3e3df40fc1ec
734,7601,2.6.19,Qwen3-14B,2,"A,B2,C1,D1,B1,D2,C2",complete,True,,runs\main\saner-main-v1\local-qwen3-14b\task-7601\rep-2\summary.json,59b93ae73cf0724a5dcc5f5e597a36630c57aead2ed3a2882daae9e314ceb164,runs\main\saner-main-v1\local-qwen3-14b\task-7601\rep-2\scores.json,3dfa6efcbb2cbf74ccb0741091787be89761a3d04742fb0099ec515ed5c6bc77
735,7601,2.6.19,Qwen3-14B,3,"B1,C1,C2,B2,A,D2,D1",complete,True,,runs\main\saner-main-v1\local-qwen3-14b\task-7601\rep-3\summary.json,082fcdaeb87ca74ad00a32b26eb98345fe0a1e821a4cf785af8362c77546f391,runs\main\saner-main-v1\local-qwen3-14b\task-7601\rep-3\scores.json,9398e10ddd33ffb3dd7cd7de3efcb21ffd6bf5142b64b68387c5d0e7e2fdb6d4
736,7601,2.6.19,qwen-plus-2025-12-01,1,"B1,D2,C2,D1,A,B2,C1",complete,True,,runs\main\saner-main-v1\service-qwen-plus\task-7601\rep-1\summary.json,91ddeee36a0c19aaa2b50381809b689bc1b44495e182b75c9e5e2a6502c1b79e,runs\main\saner-main-v1\service-qwen-plus\task-7601\rep-1\scores.json,1e5e432135619d299098ed490ba6e1d018e509b0bbb0ba4847a9d4062186ccd1
737,7601,2.6.19,qwen-plus-2025-12-01,2,"C2,D2,D1,A,C1,B2,B1",complete,True,,runs\main\saner-main-v1\service-qwen-plus\task-7601\rep-2\summary.json,d80b8c6893932bc597ee0b87a04229a7d3c3791ec532b4931af36e99338ece59,runs\main\saner-main-v1\service-qwen-plus\task-7601\rep-2\scores.json,5b7d1a2fb86fa567429647c04d3df6ae9759b281452c082fa856a9cf6158132d
738,7601,2.6.19,qwen-plus-2025-12-01,3,"B2,A,C2,B1,C1,D2,D1",complete,True,,runs\main\saner-main-v1\service-qwen-plus\task-7601\rep-3\summary.json,cdcf63d1b35b56bb3cb3ea2d8ae254f456405b6ae66f7655392f4611d483a8fa,runs\main\saner-main-v1\service-qwen-plus\task-7601\rep-3\scores.json,f10f26a2c7db7bfe5ebf9d0571a9a071e992505c96f78a3f6562e67986580efa
739,203617,5.1,Qwen3-14B,1,"B2,C1,D1,D2,B1,C2,A",complete,True,,runs\main\saner-main-v1\local-qwen3-14b\task-203617\rep-1\summary.json,7c0e0ae342aabaac1dd82ed4ba3a723c4d48cc40d5138994ac0036c3b2944703,runs\main\saner-main-v1\local-qwen3-14b\task-203617\rep-1\scores.json,2c14d1a33b12e9b83e990d13a9c0f9f2d7352bf64a2038f798fba3fe13e3ae8d
740,203617,5.1,Qwen3-14B,2,"C1,C2,A,B2,B1,D1,D2",complete,True,,runs\main\saner-main-v1\local-qwen3-14b\task-203617\rep-2\summary.json,19163870686139ba55d1d6526319167295b648636700dbc009755838b7b77f4d,runs\main\saner-main-v1\local-qwen3-14b\task-203617\rep-2\scores.json,4ee9feb744daf966debeceb0b241b3cbc0d06f374601e27e8277acf584939e5d
741,203617,5.1,Qwen3-14B,3,"C1,B1,A,D1,D2,B2,C2",complete,True,,runs\main\saner-main-v1\local-qwen3-14b\task-203617\rep-3\summary.json,ebb6f7355922c3fee7756fa4bb95a1fb4588698045e158b9cb24077f5031b5a4,runs\main\saner-main-v1\local-qwen3-14b\task-203617\rep-3\scores.json,08c1d8b5480b9f173738454819bc7ada796c81698d19080fd32c6abaee35a97d
742,203617,5.1,qwen-plus-2025-12-01,1,"A,C1,B2,D1,B1,D2,C2",complete,True,,runs\main\saner-main-v1\service-qwen-plus\task-203617\rep-1\summary.json,19b6cb9f11bc6068f7589a71dd9ea2f0bdffc2372fbca87037cabd9216c3943a,runs\main\saner-main-v1\service-qwen-plus\task-203617\rep-1\scores.json,784bb5457c2f9dc78105bb664de9249437adae2121f2814e8a2b794e9611de79
743,203617,5.1,qwen-plus-2025-12-01,2,"D2,A,D1,C2,B2,C1,B1",complete,True,,runs\main\saner-main-v1\service-qwen-plus\task-203617\rep-2\summary.json,a52d1d4f362b6613c096f9b44e83e2cccb917e4545f13d68735e52b98de45d59,runs\main\saner-main-v1\service-qwen-plus\task-203617\rep-2\scores.json,493d06e13a3047c86d351cec995db5223d18ed6892ba56f5f74b1db18f1a665d
744,203617,5.1,qwen-plus-2025-12-01,3,"C2,C1,B1,A,D1,B2,D2",complete,True,,runs\main\saner-main-v1\service-qwen-plus\task-203617\rep-3\summary.json,94755482c7d0bf24e7249a872fc1e7002e3ec72e6599fa8e8adf9a3839a64d00,runs\main\saner-main-v1\service-qwen-plus\task-203617\rep-3\scores.json,87e6843736dc42f8e82702f6da103b28ced7d2b20cf3664126c6baf0cbcc3900
745,12239,2.6.27,Qwen3-14B,1,"B2,D2,C1,C2,D1,A,B1",complete,True,,runs\main\saner-main-v1\local-qwen3-14b\task-12239\rep-1\summary.json,f6642890d3dedef3243f35e94f03971693180a71750ebb043de356104300fa38,runs\main\saner-main-v1\local-qwen3-14b\task-12239\rep-1\scores.json,4b2921e5e13b6a3dc72452ce08ffda354d4ca62656547e907c8fb12f66ebe150
746,12239,2.6.27,Qwen3-14B,2,"B2,C1,D2,A,C2,B1,D1",complete,True,,runs\main\saner-main-v1\local-qwen3-14b\task-12239\rep-2\summary.json,73179c8eef8e8a7301165bb9e611bd4eaf93d5fe7a4d9903b4147995ebf7a313,runs\main\saner-main-v1\local-qwen3-14b\task-12239\rep-2\scores.json,abc4bfcd1aecffd55f346836dd7ac392480839dbc791c7632926cf4d408cb216
747,12239,2.6.27,Qwen3-14B,3,"A,B1,D2,D1,C1,C2,B2",complete,True,,runs\main\saner-main-v1\local-qwen3-14b\task-12239\rep-3\summary.json,875845b6717c15230ff073394457eedc9146cbacb8474663e8742aa36b7375ce,runs\main\saner-main-v1\local-qwen3-14b\task-12239\rep-3\scores.json,3ab40eb5c8661e850a117abcda14ec6580d25cfd10150a4a14ad0d277f31bf1b
748,12239,2.6.27,qwen-plus-2025-12-01,1,"B1,A,C2,D1,D2,B2,C1",complete,True,,runs\main\saner-main-v1\service-qwen-plus\task-12239\rep-1\summary.json,d2a5b46b59db37dfaa17490131f46ddd045ec3417efd8c6021fb9154b6c840ca,runs\main\saner-main-v1\service-qwen-plus\task-12239\rep-1\scores.json,2f38dd2108842ea729f3a70bdffaf7aa6b5c1f7c25a8f2c11830295903d83f06
749,12239,2.6.27,qwen-plus-2025-12-01,2,"B1,A,C2,D1,B2,D2,C1",complete,True,,runs\main\saner-main-v1\service-qwen-plus\task-12239\rep-2\summary.json,d75ab95b4760f08c75fe1a8f2066fbaf31a374a8d3399b4cf0d954674ab3cc6b,runs\main\saner-main-v1\service-qwen-plus\task-12239\rep-2\scores.json,9aedeabac4002d5dc45bd341265c2848b39d4c4b49a92f9bbd4661828c32aae5
750,12239,2.6.27,qwen-plus-2025-12-01,3,"A,D1,C2,D2,C1,B1,B2",complete,True,,runs\main\saner-main-v1\service-qwen-plus\task-12239\rep-3\summary.json,aab6149f8a7dd16cbec9e29fe3b08ae8d9a545ddd73a19e43dd0dc6c637664a4,runs\main\saner-main-v1\service-qwen-plus\task-12239\rep-3\scores.json,9244c8651cb913d48d0308ed41f1aa74a3571360988bf5887862879f1cd54ebb
751,43088,3.2.14,Qwen3-14B,1,"B2,B1,C1,C2,D1,A,D2",complete,True,,runs\main\saner-main-v1\local-qwen3-14b\task-43088\rep-1\summary.json,0818065e4c62efd2b5ce5996b41a06f051be6ff35a4865a9aa5e8f846e8b692d,runs\main\saner-main-v1\local-qwen3-14b\task-43088\rep-1\scores.json,01b24ae1d70e02bb5f0a4249a54e59483fe6d63b9f39d16af0a7c8a4fca74d28
752,43088,3.2.14,Qwen3-14B,2,"B2,C2,A,B1,D1,D2,C1",complete,True,,runs\main\saner-main-v1\local-qwen3-14b\task-43088\rep-2\summary.json,76e14748d28582a42130922f201ab133179b2788f49947d8aeef0bc45018b42f,runs\main\saner-main-v1\local-qwen3-14b\task-43088\rep-2\scores.json,5df2fbff75f469ccff93f84c6a89d8525da663b40d59e82dae55a7367dee5dcb
753,43088,3.2.14,Qwen3-14B,3,"A,B1,D2,C2,C1,D1,B2",complete,True,,runs\main\saner-main-v1\local-qwen3-14b\task-43088\rep-3\summary.json,cf810c05012b56fa592834e475c9170633e13a240b454a0515b30c58e4749e9b,runs\main\saner-main-v1\local-qwen3-14b\task-43088\rep-3\scores.json,5ca32cf72ff6aafa6d692ce5e1654b65f2c4fb15a3b364dbc0b901664eb2fd3a
754,43088,3.2.14,qwen-plus-2025-12-01,1,"C2,C1,A,D2,B1,B2,D1",complete,True,,runs\main\saner-main-v1\service-qwen-plus\task-43088\rep-1\summary.json,82a449c67ce43ef3ba67570c12b75b3a1502e3ff5a61af1b5fea6e93d2defe8b,runs\main\saner-main-v1\service-qwen-plus\task-43088\rep-1\scores.json,bfa7e6d0d645f1cab02a1c56d045f8904eb751e11e80f8852772694ce412b1ae
755,43088,3.2.14,qwen-plus-2025-12-01,2,"C2,A,D1,C1,D2,B1,B2",complete,True,,runs\main\saner-main-v1\service-qwen-plus\task-43088\rep-2\summary.json,47d18fe22506282fee58c58c06ed488bf8f3016e3409a6329075a9309bcd5054,runs\main\saner-main-v1\service-qwen-plus\task-43088\rep-2\scores.json,f4f61fad230ecf3d136f5a37380adab41c3c66ffed8b6fed6021fe4b6096c9a9
756,43088,3.2.14,qwen-plus-2025-12-01,3,"D2,B1,C2,C1,A,D1,B2",complete,True,,runs\main\saner-main-v1\service-qwen-plus\task-43088\rep-3\summary.json,cc3ca7e51b10c2349b68824e2c4434666db8afddec07348792c3347f90af5aa3,runs\main\saner-main-v1\service-qwen-plus\task-43088\rep-3\scores.json,18a2d9eac2fe49f9d14dc85b5e390315b8f272fee486e60a4b57f29c1081e4d0
757,16027,2.6.29,Qwen3-14B,1,"A,B1,C2,B2,C1,D1,D2",complete,True,,runs\main\saner-main-v1\local-qwen3-14b\task-16027\rep-1\summary.json,b947ac3017a3ed11805feeb49383ec110b5029b1afa6b3e116062e4304d41f14,runs\main\saner-main-v1\local-qwen3-14b\task-16027\rep-1\scores.json,a6ec9f9c787b9b81fa1c669aa7d06435d1702175c4db61bb639622e0d4c144fb
758,16027,2.6.29,Qwen3-14B,2,"B1,B2,D2,C2,D1,A,C1",complete,True,,runs\main\saner-main-v1\local-qwen3-14b\task-16027\rep-2\summary.json,b9ac5f829a1ae6fbddc7b20bd7aea94fd872c342b5f4ae3436fe7fe24af8891c,runs\main\saner-main-v1\local-qwen3-14b\task-16027\rep-2\scores.json,ce3607a7cbda96261af52309fdcf8eeb777ff35574719f281fed41314a20cbab
759,16027,2.6.29,Qwen3-14B,3,"A,B1,D1,D2,C2,C1,B2",complete,True,,runs\main\saner-main-v1\local-qwen3-14b\task-16027\rep-3\summary.json,985bb9b7bcf98958d3739d64365e914a71566ee80071e29f0a777da803bcf343,runs\main\saner-main-v1\local-qwen3-14b\task-16027\rep-3\scores.json,785dee6b23d869ac26a2104af177194bfe2c588bde1d8409b7ccda14b3f33fa2
760,16027,2.6.29,qwen-plus-2025-12-01,1,"B1,B2,D2,A,C2,D1,C1",complete,True,,runs\main\saner-main-v1\service-qwen-plus\task-16027\rep-1\summary.json,301893d2d2f461938e2a0bfddccf2a5dc70de08f1fbd05086d37ba889cb4e84d,runs\main\saner-main-v1\service-qwen-plus\task-16027\rep-1\scores.json,75c9b16ec60f413006eecb220b926b1ac6884cc0cb12370d0a4ca57ea673e7c6
761,16027,2.6.29,qwen-plus-2025-12-01,2,"C2,B1,B2,A,D2,C1,D1",complete,True,,runs\main\saner-main-v1\service-qwen-plus\task-16027\rep-2\summary.json,cadc49cd92b85bf301855109c2b1abba139b989c61c435bf892fbc4f24839cfe,runs\main\saner-main-v1\service-qwen-plus\task-16027\rep-2\scores.json,5d39e087c171fbf41a90f12f0a23a252c58d323634b43d7273be6e767b058044
762,16027,2.6.29,qwen-plus-2025-12-01,3,"C2,B2,C1,D2,D1,A,B1",complete,True,,runs\main\saner-main-v1\service-qwen-plus\task-16027\rep-3\summary.json,0fe38723ffa5fb9feb6849fa5e0bbca8ccac3296edd8688832ce8f3128a6cc38,runs\main\saner-main-v1\service-qwen-plus\task-16027\rep-3\scores.json,a31807372b443a6ec7c4a23dd9b5729ecbd702bae66aaf45e41d8acb15fe679b
763,104121,4.2-rc5,Qwen3-14B,1,"B2,B1,A,C2,D2,C1,D1",complete,True,,runs\main\saner-main-v1\local-qwen3-14b\task-104121\rep-1\summary.json,01d5c883929f73273928c8b919e8a92d45ba4c944a51f9fef683ff2aed692f91,runs\main\saner-main-v1\local-qwen3-14b\task-104121\rep-1\scores.json,d3d68033ccfa7ebd5c9c47b6bd86b92fb81b784967cfefc78198acb1e62e20cb
764,104121,4.2-rc5,Qwen3-14B,2,"D2,C2,A,B1,C1,B2,D1",complete,True,,runs\main\saner-main-v1\local-qwen3-14b\task-104121\rep-2\summary.json,03dca8e13122d6a24efd64a9158e5d3cef8f268841eea85f57a2b8b90b8e844b,runs\main\saner-main-v1\local-qwen3-14b\task-104121\rep-2\scores.json,107c7a12af2a6c4e85579ebb3b2e690f479e9806ef53aabcec7da33cf9ab4c10
765,104121,4.2-rc5,Qwen3-14B,3,"B1,B2,D1,C2,C1,D2,A",complete,True,,runs\main\saner-main-v1\local-qwen3-14b\task-104121\rep-3\summary.json,b7048ea4b19762742c330bfda50401cbf4ed8b92033a690bb940d54776281da2,runs\main\saner-main-v1\local-qwen3-14b\task-104121\rep-3\scores.json,f21bd5cd3df44f843fd47a712f80b24ff21c3b2e20041daa5d725f13c3935549
766,104121,4.2-rc5,qwen-plus-2025-12-01,1,"D1,D2,C1,A,B2,C2,B1",complete,True,,runs\main\saner-main-v1\service-qwen-plus\task-104121\rep-1\summary.json,c7863c9332a8d5a24b239d73c17127d3f37dafb0d8c01b277c4e8f6572b914f3,runs\main\saner-main-v1\service-qwen-plus\task-104121\rep-1\scores.json,36c896a975a93c58668953bf2e0a6ba3045e16e4234395002f02c697dc98ccc1
767,104121,4.2-rc5,qwen-plus-2025-12-01,2,"C2,D2,D1,A,B2,C1,B1",complete,True,,runs\main\saner-main-v1\service-qwen-plus\task-104121\rep-2\summary.json,82de6dd217edff3400f525cf389e935820388d1234aa440db8f4c87ac8e91ed2,runs\main\saner-main-v1\service-qwen-plus\task-104121\rep-2\scores.json,2cc5543d4b74c16d9e9e1f7befb0f014a0cfbdc817a0136e130b672e884a001a
768,104121,4.2-rc5,qwen-plus-2025-12-01,3,"C1,D2,C2,A,D1,B2,B1",complete,True,,runs\main\saner-main-v1\service-qwen-plus\task-104121\rep-3\summary.json,fd5775c1ff1df91f54feba5cb4d0022b565137da532c725f1fa5e257cb8fe624,runs\main\saner-main-v1\service-qwen-plus\task-104121\rep-3\scores.json,fea3a52b4720d15f247a2fb535c8c45f7db01785f19c86a26a2897c41d2c7a4f
769,12632,2.6.29-rc3,Qwen3-14B,1,"B2,B1,A,D1,C2,D2,C1",complete,True,,runs\main\saner-main-v1\local-qwen3-14b\task-12632\rep-1\summary.json,d38f14ed340730f3ce1e4957b3b3e9caed1995da88a0f8c1f0aa9129f1fba84e,runs\main\saner-main-v1\local-qwen3-14b\task-12632\rep-1\scores.json,2a9b0e6a6c82bbe894417db0935418dd59bbfc9c0bc458299dd99e3d670d39e5
770,12632,2.6.29-rc3,Qwen3-14B,2,"D1,B2,D2,B1,C2,A,C1",complete,True,,runs\main\saner-main-v1\local-qwen3-14b\task-12632\rep-2\summary.json,3ef76557ff5ef9aaa2a1d0bf85dbe0f65a11487133e511827f896de165ede8ca,runs\main\saner-main-v1\local-qwen3-14b\task-12632\rep-2\scores.json,d85373aab43688cd4c5d09ff969c1ab2d99ce401f5c24cbfdb8fd0b7ddcc77a0
771,12632,2.6.29-rc3,Qwen3-14B,3,"D2,A,D1,B2,C1,C2,B1",complete,True,,runs\main\saner-main-v1\local-qwen3-14b\task-12632\rep-3\summary.json,5133c477640f76165c167f9586548c9f7477644536f7f3c77cba478ff245ce97,runs\main\saner-main-v1\local-qwen3-14b\task-12632\rep-3\scores.json,9c49883cea7fb456b593321e22656cb85a7080cd664c18263434b2f04fbd2dfc
772,12632,2.6.29-rc3,qwen-plus-2025-12-01,1,"C2,D1,B1,B2,A,C1,D2",complete,True,,runs\main\saner-main-v1\service-qwen-plus\task-12632\rep-1\summary.json,757d81a6c00bb777a371ca9df8696ef7f06ae91e4e9c690abde5caaad0fa5126,runs\main\saner-main-v1\service-qwen-plus\task-12632\rep-1\scores.json,a28758f60922aa191b6aff05b0888f115194869bf5628045adc177b301cd2766
773,12632,2.6.29-rc3,qwen-plus-2025-12-01,2,"B1,D1,C2,A,C1,D2,B2",complete,True,,runs\main\saner-main-v1\service-qwen-plus\task-12632\rep-2\summary.json,6b6753b18b0385b1301008a5cb92b9733744b65c53a91e2b619bf51a858c5973,runs\main\saner-main-v1\service-qwen-plus\task-12632\rep-2\scores.json,181c736af84d12ce2878d18c849ddaf8d87691552582dcc4df48f44aa2b9905b
774,12632,2.6.29-rc3,qwen-plus-2025-12-01,3,"D1,C1,B2,B1,C2,A,D2",complete,True,,runs\main\saner-main-v1\service-qwen-plus\task-12632\rep-3\summary.json,7852d73af933032128bd3154c6c73ccc41b08c2d6b77d12fe80d18662162ba26,runs\main\saner-main-v1\service-qwen-plus\task-12632\rep-3\scores.json,123c1b0faa198455a26bd6c75f127c30c88b9a0583ab379ab657ca93c2373165
775,33812,2.6.38,Qwen3-14B,1,"A,B2,B1,D2,C2,D1,C1",complete,True,,runs\main\saner-main-v1\local-qwen3-14b\task-33812\rep-1\summary.json,1a20dbc0b98b812ae81226233f47d4af1e2f577fb70479cbf05848adbabf906a,runs\main\saner-main-v1\local-qwen3-14b\task-33812\rep-1\scores.json,e3e26115ed9fc4dc413abdcc5fccbd5405a17e0ec0c70a2b2c6fc965c576daf5
776,33812,2.6.38,Qwen3-14B,2,"C2,A,B1,D1,B2,C1,D2",complete,True,,runs\main\saner-main-v1\local-qwen3-14b\task-33812\rep-2\summary.json,fd88aea54eefe015e32697bdb680af7381fe31f9b3aa1b7f13db1c59162d6ede,runs\main\saner-main-v1\local-qwen3-14b\task-33812\rep-2\scores.json,896a0cdef4edbd71fc94d57c589c233f92bb34f2c148ae870606fdd09ac21690
777,33812,2.6.38,Qwen3-14B,3,"C1,A,B2,B1,D2,D1,C2",complete,True,,runs\main\saner-main-v1\local-qwen3-14b\task-33812\rep-3\summary.json,8ac91cdb17adec4be6d8cec98c09e1e1a3efd782861bab28c88e57bd9a15f6e0,runs\main\saner-main-v1\local-qwen3-14b\task-33812\rep-3\scores.json,1c7e5295c3d8b1828175b70945abfc23c3caad3050de90a805e1f551829c478d
778,33812,2.6.38,qwen-plus-2025-12-01,1,"C2,B2,D2,A,D1,C1,B1",complete,True,,runs\main\saner-main-v1\service-qwen-plus\task-33812\rep-1\summary.json,5cec304a04ed3384bfaede74a8797d1a38268178bca97cf0ce156ceda3f165ce,runs\main\saner-main-v1\service-qwen-plus\task-33812\rep-1\scores.json,0b0f01b0e228ec0245f69eedfbfcc47396c8accc78274b7ffbe7efa774aa4ab3
779,33812,2.6.38,qwen-plus-2025-12-01,2,"B1,C1,B2,C2,A,D1,D2",complete,True,,runs\main\saner-main-v1\service-qwen-plus\task-33812\rep-2\summary.json,8c4265844148049f333bb4feed760473c7b251928ee6682445a6169fb74cd6a7,runs\main\saner-main-v1\service-qwen-plus\task-33812\rep-2\scores.json,da27d615dd8d8b3518e94963d48e34ce0c0c34c560627a0dbb2c16ffa75defb3
780,33812,2.6.38,qwen-plus-2025-12-01,3,"D2,B2,D1,C1,C2,B1,A",complete,True,,runs\main\saner-main-v1\service-qwen-plus\task-33812\rep-3\summary.json,91d26b99374571447e8dfdca60b5a0aed4733798eae4589a918b50672bc8eaba,runs\main\saner-main-v1\service-qwen-plus\task-33812\rep-3\scores.json,047fedd3965fe0b0c61a384faf691ec0298b6430f810b9f4972f5b2c9a8200dc
781,9761,2.6.24,Qwen3-14B,1,"B2,C2,C1,B1,D1,D2,A",complete,True,,runs\main\saner-main-v1\local-qwen3-14b\task-9761\rep-1\summary.json,a3069fc5fd155f2c2b72d58c231a75b87a1b207422c707d326fc6784443ece33,runs\main\saner-main-v1\local-qwen3-14b\task-9761\rep-1\scores.json,280f91770fada0057c5f90e8701a8241a6cc4ccac0aba908f6aa55d628ff014f
782,9761,2.6.24,Qwen3-14B,2,"B1,C2,A,D2,D1,C1,B2",complete,True,,runs\main\saner-main-v1\local-qwen3-14b\task-9761\rep-2\summary.json,ce0da641fc5b07bfa398ea199518915c59c80846ca57d841f90ddf062af9b0e3,runs\main\saner-main-v1\local-qwen3-14b\task-9761\rep-2\scores.json,0fee599961bf8163a20004c36583333cf2b9f7ac7512422aa8de0263f82e11a5
783,9761,2.6.24,Qwen3-14B,3,"C1,C2,B2,B1,A,D2,D1",complete,True,,runs\main\saner-main-v1\local-qwen3-14b\task-9761\rep-3\summary.json,68491ded195db93372c9475d25b7eabc5bd24ff8fa8ac0fbe1823bdc99d1bc36,runs\main\saner-main-v1\local-qwen3-14b\task-9761\rep-3\scores.json,bb92c8490167b6e8fd22d1e03ca57e0105f82f3fc60a29c2842753c5d4da2dc1
784,9761,2.6.24,qwen-plus-2025-12-01,1,"B2,C2,C1,B1,D2,D1,A",complete,True,,runs\main\saner-main-v1\service-qwen-plus\task-9761\rep-1\summary.json,d4063e3878148c8df6e69353b1a1f2536a92b3c1373193d55738902f8400c351,runs\main\saner-main-v1\service-qwen-plus\task-9761\rep-1\scores.json,a2c7a35192c72cdcb96514dd33f7c41edfb05e58f1097712286f55000dc23cff
785,9761,2.6.24,qwen-plus-2025-12-01,2,"B2,D1,A,C1,D2,B1,C2",complete,True,,runs\main\saner-main-v1\service-qwen-plus\task-9761\rep-2\summary.json,bfd861a88171ad515349beb9bcf93b9b6bca34d797d3518b43cf52eff40dfbd3,runs\main\saner-main-v1\service-qwen-plus\task-9761\rep-2\scores.json,06c431732bdc0495aa90419a09c9a30075836045229af4b12c7d7ec8a3ebdbd7
786,9761,2.6.24,qwen-plus-2025-12-01,3,"C2,B1,D2,D1,A,C1,B2",complete,True,,runs\main\saner-main-v1\service-qwen-plus\task-9761\rep-3\summary.json,e492844b46b287ab392c8ff6e8f4e4b5531bd0990fb9892673cfa7de0871c21f,runs\main\saner-main-v1\service-qwen-plus\task-9761\rep-3\scores.json,1b4afbea895eb9c5aa51c61c6692eee343042c7d7dd0e5d716a437861da7aca2
787,640,2.5.68,Qwen3-14B,1,"B1,B2,C1,C2,D2,D1,A",complete,True,,runs\main\saner-main-v1\local-qwen3-14b\task-640\rep-1\summary.json,9f8d6055162debc84eea87748fa97ae50987b5cc5d2805a1eb78cc9e935b73f4,runs\main\saner-main-v1\local-qwen3-14b\task-640\rep-1\scores.json,123c8f2cbafc8ca43d8b81da2abdcc6a0477771e40025e1f904a193d0cf5985c
788,640,2.5.68,Qwen3-14B,2,"C1,C2,A,D2,B1,B2,D1",complete,True,,runs\main\saner-main-v1\local-qwen3-14b\task-640\rep-2\summary.json,452bfc4abc4cac3a84c22055624c7f23359c785201c4cdaed128c091c59cb8f0,runs\main\saner-main-v1\local-qwen3-14b\task-640\rep-2\scores.json,1157e6ed0484714f4c219b5d09a20fa61cfbda53ca12204f7a64bfa21a7ee186
789,640,2.5.68,Qwen3-14B,3,"A,B1,B2,C1,C2,D1,D2",complete,True,,runs\main\saner-main-v1\local-qwen3-14b\task-640\rep-3\summary.json,bcc4152975677028bc9c9b7b98f532f01b3fd9939b2b3ea7a8b7d7c604b7fa95,runs\main\saner-main-v1\local-qwen3-14b\task-640\rep-3\scores.json,09ac98a65da9c94d5bd91825203123f94b786f88c20df543e2567408ad307909
790,640,2.5.68,qwen-plus-2025-12-01,1,"B1,B2,D1,D2,C2,A,C1",complete,True,,runs\main\saner-main-v1\service-qwen-plus\task-640\rep-1\summary.json,095c2b3ea03a5e7f47ff2215f2222a6e05d30c343e880306b80a34a746b7ab65,runs\main\saner-main-v1\service-qwen-plus\task-640\rep-1\scores.json,6164813a08064233ed0abed21deb6d8eea786cac6cf08a1466d70901f2115417
791,640,2.5.68,qwen-plus-2025-12-01,2,"C1,B2,C2,D2,B1,D1,A",complete,True,,runs\main\saner-main-v1\service-qwen-plus\task-640\rep-2\summary.json,f5996f6d47aeccda29c01d6e4f893f4a11b4169ec7767676a7cb7fde2fe06685,runs\main\saner-main-v1\service-qwen-plus\task-640\rep-2\scores.json,11062fc4f33d84f896360b316885b8a16c51ad4b50946b5ffea61c08e6ef72f3
792,640,2.5.68,qwen-plus-2025-12-01,3,"C2,D2,D1,B1,B2,C1,A",complete,True,,runs\main\saner-main-v1\service-qwen-plus\task-640\rep-3\summary.json,4d312e8ad2208b20ebd3042f09bbf5174dea0808b29292fdfebcf63239fc0a66,runs\main\saner-main-v1\service-qwen-plus\task-640\rep-3\scores.json,0df2479614b2b75b1219cadb25eb6adb31450b900d47b1af8964d942b7632591
793,14957,2.6.33-rc2,Qwen3-14B,1,"D2,C2,B1,C1,B2,A,D1",complete,True,,runs\main\saner-main-v1\local-qwen3-14b\task-14957\rep-1\summary.json,27fdbd64dfe071de3d1bf867f69ad065bb9e3aee03188f167e5039df6b74b8e7,runs\main\saner-main-v1\local-qwen3-14b\task-14957\rep-1\scores.json,9b3d292efd89a0e1b27117c0f9dbdb3749f8d087a9b3aeec5e60b1b5929b9352
794,14957,2.6.33-rc2,Qwen3-14B,2,"D1,C2,A,C1,B2,D2,B1",complete,True,,runs\main\saner-main-v1\local-qwen3-14b\task-14957\rep-2\summary.json,bb2e5b7c3ac1e3fc5ceba2706c5c2dd2299b24828e853d202143d3b21d291d18,runs\main\saner-main-v1\local-qwen3-14b\task-14957\rep-2\scores.json,88a890c2bdc83c12a511384f7b5717b3cad75fc27509a2f7a91ef111d80dc417
795,14957,2.6.33-rc2,Qwen3-14B,3,"A,D1,B2,C2,D2,C1,B1",complete,True,,runs\main\saner-main-v1\local-qwen3-14b\task-14957\rep-3\summary.json,ceac6df20664e2b5fe92fa06ed0e728bba742c4ebb02f4bf424108e3419febb1,runs\main\saner-main-v1\local-qwen3-14b\task-14957\rep-3\scores.json,2c102f4b4147a36a397ca5d14c6468b08a0d46c1cd71aadeda369c1356f0935c
796,14957,2.6.33-rc2,qwen-plus-2025-12-01,1,"D1,C1,C2,B1,B2,D2,A",complete,True,,runs\main\saner-main-v1\service-qwen-plus\task-14957\rep-1\summary.json,9146446d9114f9112eb3d31d8232e5d3402eb6a7537e7050cf6d578ca97b39ef,runs\main\saner-main-v1\service-qwen-plus\task-14957\rep-1\scores.json,845fe39204ca84264c36bff34b84f38291f3ff61fa24b6ba3cadfb2a6ed38e88
797,14957,2.6.33-rc2,qwen-plus-2025-12-01,2,"C2,B1,D1,B2,C1,A,D2",complete,True,,runs\main\saner-main-v1\service-qwen-plus\task-14957\rep-2\summary.json,104b94219d68a3bcae35c8908f271d3d97fd3f3091560af5b4055135167f2866,runs\main\saner-main-v1\service-qwen-plus\task-14957\rep-2\scores.json,2f92eb001491f16f1231d3faddaee2a51e65648d15cc67db164760de4d41fb92
798,14957,2.6.33-rc2,qwen-plus-2025-12-01,3,"D2,C2,D1,B1,A,C1,B2",complete,True,,runs\main\saner-main-v1\service-qwen-plus\task-14957\rep-3\summary.json,8d61e6e8ffd45dc3be7431451892f873fe64903173fd5653ebf29e4d8c040f30,runs\main\saner-main-v1\service-qwen-plus\task-14957\rep-3\scores.json,02847cba82a95a57809b3a67b475bc5d1441ebe63d7ced21664d8d0a2634fbf8
799,32032,2.6.38,Qwen3-14B,1,"B2,C1,B1,D2,A,D1,C2",complete,True,,runs\main\saner-main-v1\local-qwen3-14b\task-32032\rep-1\summary.json,a7dce6d067aa56d40a69ccd76a0d4f07f7a2282af667576c4d0416612e55ed88,runs\main\saner-main-v1\local-qwen3-14b\task-32032\rep-1\scores.json,6400764406a098ba95cd07f710edca9917918952230d792f6545286c9ae77eb7
800,32032,2.6.38,Qwen3-14B,2,"B1,C1,D1,B2,D2,A,C2",complete,True,,runs\main\saner-main-v1\local-qwen3-14b\task-32032\rep-2\summary.json,8ef0dbcb644817764494a11034426916ef2fd05181efe9aecc221799081a9587,runs\main\saner-main-v1\local-qwen3-14b\task-32032\rep-2\scores.json,ce1e0969ee7334211f4adf5dd003ca94050cc6a6f56a063831769f5a4ff71db2
801,32032,2.6.38,Qwen3-14B,3,"D1,D2,C1,B2,A,B1,C2",complete,True,,runs\main\saner-main-v1\local-qwen3-14b\task-32032\rep-3\summary.json,bc3a40eab34aa4eafb6e09b4b471b35651c00ba3273ebe11a007df5283bc15f6,runs\main\saner-main-v1\local-qwen3-14b\task-32032\rep-3\scores.json,d3fc412f934e530bda95d9f4daf0980ccf6e91b86e0d593df61f2e85d3e0745a
802,32032,2.6.38,qwen-plus-2025-12-01,1,"B2,C2,B1,C1,D2,D1,A",complete,True,,runs\main\saner-main-v1\service-qwen-plus\task-32032\rep-1\summary.json,c2e07225a2d553474410096538bbe0052c5aab14434c2ac9aa7169f083082dc3,runs\main\saner-main-v1\service-qwen-plus\task-32032\rep-1\scores.json,4c2057d868c72a6a4128a75a850b16b8ba3b5022b03ad6381fd7f7e13c798e98
803,32032,2.6.38,qwen-plus-2025-12-01,2,"D2,C2,C1,B1,B2,D1,A",complete,True,,runs\main\saner-main-v1\service-qwen-plus\task-32032\rep-2\summary.json,ca798870140fe2778973c834f217831d293ae7e8235fcf9bd56a5d02c2aa7a51,runs\main\saner-main-v1\service-qwen-plus\task-32032\rep-2\scores.json,ac42d68560b3a779c3f28ecad49b7beb109789e4d36bcd16963c1fb800d38788
804,32032,2.6.38,qwen-plus-2025-12-01,3,"C1,B1,A,D2,D1,B2,C2",complete,True,,runs\main\saner-main-v1\service-qwen-plus\task-32032\rep-3\summary.json,aebece9c4239496e6e3c3723917dd9a502558cd294387cab4e06a4478a82d200,runs\main\saner-main-v1\service-qwen-plus\task-32032\rep-3\scores.json,dc6c3678f1ad9efe4f7d2907fdc3f61b3a785da6adbb4f88f404c899a51af075
805,203369,5.0,Qwen3-14B,1,"D1,A,B1,B2,C1,D2,C2",complete,True,,runs\main\saner-main-v1\local-qwen3-14b\task-203369\rep-1\summary.json,0198ac9a69ae50e47156f4c260d31eacbdd355c4ac405a99eae8de09ab7344b7,runs\main\saner-main-v1\local-qwen3-14b\task-203369\rep-1\scores.json,da4c1679146937fa14df9a986efad6a385548ecb04df0d502498263aeecf4733
806,203369,5.0,Qwen3-14B,2,"D2,B2,B1,D1,C2,C1,A",complete,True,,runs\main\saner-main-v1\local-qwen3-14b\task-203369\rep-2\summary.json,55ea89d7481c5f56832b5d797fc37b63e87b0c194260ad894a86a9f98866f98d,runs\main\saner-main-v1\local-qwen3-14b\task-203369\rep-2\scores.json,ddd851190be01a9bf26a41f7d896aab99ee850bd9417fde06faf3baa0669014c
807,203369,5.0,Qwen3-14B,3,"D2,B2,D1,C2,C1,A,B1",complete,True,,runs\main\saner-main-v1\local-qwen3-14b\task-203369\rep-3\summary.json,847be823c7da041ce94d69929d22040d16cc011aba1e7c1ed4987f6f7bd9beca,runs\main\saner-main-v1\local-qwen3-14b\task-203369\rep-3\scores.json,1b8f609e071c3e268b71ac1eb9c4d0bcb6d517cefa3503e0cf487cd2a979dc09
808,203369,5.0,qwen-plus-2025-12-01,1,"B1,C2,B2,D2,A,D1,C1",complete,True,,runs\main\saner-main-v1\service-qwen-plus\task-203369\rep-1\summary.json,7cf7dcbd70536b5346bcf581b1676a126dffd478e86a65e2c1d6907cf7d8d7d3,runs\main\saner-main-v1\service-qwen-plus\task-203369\rep-1\scores.json,2636b5f32846b3e6403a65685b9431e83e418354a7458798f205768602aff3d6
809,203369,5.0,qwen-plus-2025-12-01,2,"D2,B2,C1,A,B1,C2,D1",complete,True,,runs\main\saner-main-v1\service-qwen-plus\task-203369\rep-2\summary.json,7b7d97f9299bda5c818f70516945ef8489d23e79063f09de1b942ce7ec05b2b3,runs\main\saner-main-v1\service-qwen-plus\task-203369\rep-2\scores.json,e0e2c037f6d513850b0c9b82f999371069f7de622d9f5832db7baea4aea3f119
810,203369,5.0,qwen-plus-2025-12-01,3,"B1,C1,C2,A,D2,D1,B2",complete,True,,runs\main\saner-main-v1\service-qwen-plus\task-203369\rep-3\summary.json,73d889130e0860e073867cab28adab15f968d30ddacab1d12b0ca64bd2da1443,runs\main\saner-main-v1\service-qwen-plus\task-203369\rep-3\scores.json,b8634a2f0d761288e0b17cf1a9005b050a08efac94cb62f0295e381435c34b19
811,11735,2.6.27,Qwen3-14B,1,"B1,D1,C1,C2,B2,A,D2",complete,True,,runs\main\saner-main-v1\local-qwen3-14b\task-11735\rep-1\summary.json,56b8e34cf6088fb9eb0e413201b520f7eaff1ea603d01cccc6927df6d8821353,runs\main\saner-main-v1\local-qwen3-14b\task-11735\rep-1\scores.json,628319181b4e0ca9cb3bfdaddcc0747fbbade19dc867e1865f5ca5ca5987d6ad
812,11735,2.6.27,Qwen3-14B,2,"B1,B2,C2,C1,D1,D2,A",complete,True,,runs\main\saner-main-v1\local-qwen3-14b\task-11735\rep-2\summary.json,b9fc514fdc9d6095fd1ece45b6b2fd4d8ec2293dffa1adae58274257bd526a31,runs\main\saner-main-v1\local-qwen3-14b\task-11735\rep-2\scores.json,3cd7089accdce8255d5dd819a7447033ebbbb28fa37bc6cb59e10dd71016165b
813,11735,2.6.27,Qwen3-14B,3,"B1,C2,A,C1,B2,D1,D2",complete,True,,runs\main\saner-main-v1\local-qwen3-14b\task-11735\rep-3\summary.json,fbc42a9923c1a3c888cbffd881aa627e4c4e144db9c3d1fc3bfcd6a58a8cc65b,runs\main\saner-main-v1\local-qwen3-14b\task-11735\rep-3\scores.json,af8ac2a52d76fbc57328b0c22c64acfbd06f05572e69c41690277bf53a3869d5
814,11735,2.6.27,qwen-plus-2025-12-01,1,"A,D1,D2,C2,B2,B1,C1",complete,True,,runs\main\saner-main-v1\service-qwen-plus\task-11735\rep-1\summary.json,43476a82deda3f5825d32769d36fa8b89693ac910a98f78e11e85574dc0be70c,runs\main\saner-main-v1\service-qwen-plus\task-11735\rep-1\scores.json,485ca547dba57dd2bdd77baa6f91e257eed001ad2a42e7a006fcde6168b89965
815,11735,2.6.27,qwen-plus-2025-12-01,2,"C1,B1,D2,C2,A,B2,D1",complete,True,,runs\main\saner-main-v1\service-qwen-plus\task-11735\rep-2\summary.json,f2d80829bc5a837a37f8b7322660f21e62973437ba5fe49f1bd440364ff661ef,runs\main\saner-main-v1\service-qwen-plus\task-11735\rep-2\scores.json,8c11481a1754cceeb4ed65349c19927a23b8ee190bb5d7a1e397ad4e84c26589
816,11735,2.6.27,qwen-plus-2025-12-01,3,"B2,D1,C1,A,C2,B1,D2",complete,True,,runs\main\saner-main-v1\service-qwen-plus\task-11735\rep-3\summary.json,de9a2a3c82daa9bd1327df40e8d3767750b320a6e9ceb3d8cd21a3b9a3230361,runs\main\saner-main-v1\service-qwen-plus\task-11735\rep-3\scores.json,31ce1124a647ccfe45ccb44372291c01ec83cf7cb6aa088a0252fd19e04fc35f
817,60519,2.6.34,Qwen3-14B,1,"C2,D2,B2,C1,A,B1,D1",complete,True,,runs\main\saner-main-v1\local-qwen3-14b\task-60519\rep-1\summary.json,58f14b2771a861d2078a48494225d4d16593157914221f5d4e085afbc587e2c7,runs\main\saner-main-v1\local-qwen3-14b\task-60519\rep-1\scores.json,53d48d4d6050152d75fdf5407ed8f817acec5d83a8544ce70b27b2fba37a3572
818,60519,2.6.34,Qwen3-14B,2,"A,D2,B2,C2,D1,C1,B1",complete,True,,runs\main\saner-main-v1\local-qwen3-14b\task-60519\rep-2\summary.json,6f1b5f288c172fbdd0d42063ef602dace582e7acee725227d677c4296745915e,runs\main\saner-main-v1\local-qwen3-14b\task-60519\rep-2\scores.json,04e9537a91c49f55d1665aa324c0b7fa3868af5f615e1da1360693b2df3ef698
819,60519,2.6.34,Qwen3-14B,3,"A,B2,D2,D1,C2,C1,B1",complete,True,,runs\main\saner-main-v1\local-qwen3-14b\task-60519\rep-3\summary.json,4555742f2106bb48fb1bbfe14a9b65dcd66e29aac60f89a247d0369e4bd7dc11,runs\main\saner-main-v1\local-qwen3-14b\task-60519\rep-3\scores.json,9a8597480ad1f09cd5730da60705455d97a5072bd55abf1473e854abcdd0b7ce
820,60519,2.6.34,qwen-plus-2025-12-01,1,"B2,B1,A,C1,C2,D1,D2",complete,True,,runs\main\saner-main-v1\service-qwen-plus\task-60519\rep-1\summary.json,2340262e4eab4317ba35da3c068762e2722725b2fbef1d1460c2a7a0016c2536,runs\main\saner-main-v1\service-qwen-plus\task-60519\rep-1\scores.json,44172d28aaa2f5fc2435591415deea5f89d83bbc9f05741d3e98d5d769a20826
821,60519,2.6.34,qwen-plus-2025-12-01,2,"C1,A,B2,D1,B1,C2,D2",complete,True,,runs\main\saner-main-v1\service-qwen-plus\task-60519\rep-2\summary.json,17a28f913162fb09435b00c5b3637d5394a919f45e9fcc2323884913bfd45d1a,runs\main\saner-main-v1\service-qwen-plus\task-60519\rep-2\scores.json,c3988b623dd669a4428b67f13a948f7f7703b46bb5b15e7dc85a76030afb96c5
822,60519,2.6.34,qwen-plus-2025-12-01,3,"A,B1,C1,D1,B2,C2,D2",complete,True,,runs\main\saner-main-v1\service-qwen-plus\task-60519\rep-3\summary.json,2e316f9ca1636afda3273bc9cada04ed1f8499fc8af118bd7f91f15f5ad26a3d,runs\main\saner-main-v1\service-qwen-plus\task-60519\rep-3\scores.json,ab3e87bcda3b78998946a1cc017badcbd43a618c12a0c89faeff68b37cac8a51
823,6200,2.4.32,Qwen3-14B,1,"D2,D1,C1,C2,B2,B1,A",complete,True,,runs\main\saner-main-v1\local-qwen3-14b\task-6200\rep-1\summary.json,68ca92ce5296532e81d81032cd3bee6f160886949a6707cbafe9db3aeea075b7,runs\main\saner-main-v1\local-qwen3-14b\task-6200\rep-1\scores.json,5a45f7d1ec0a0c60a4ae73f2a555799f2783a0eff060206033405623ccbafd41
824,6200,2.4.32,Qwen3-14B,2,"B2,D2,C2,A,D1,C1,B1",complete,True,,runs\main\saner-main-v1\local-qwen3-14b\task-6200\rep-2\summary.json,f6436f7bc55ddea881e5baee0d74d01390eea09ba3d993f6aa175404d7af66ab,runs\main\saner-main-v1\local-qwen3-14b\task-6200\rep-2\scores.json,188ed30e5d916c2495022671db2feb82579e6710f8b341cfd1e227c9e9289ef0
825,6200,2.4.32,Qwen3-14B,3,"B1,C2,D2,C1,D1,B2,A",complete,True,,runs\main\saner-main-v1\local-qwen3-14b\task-6200\rep-3\summary.json,867908aece93d88238e48b7f6344cc3880e2c84e789dd2e1a2f7be4af626c322,runs\main\saner-main-v1\local-qwen3-14b\task-6200\rep-3\scores.json,3b8b3fa3f8af7c5538c64dd7858279c47ac41e676b4da5501681f61b66b42c15
826,6200,2.4.32,qwen-plus-2025-12-01,1,"B1,D2,C2,D1,C1,B2,A",complete,True,,runs\main\saner-main-v1\service-qwen-plus\task-6200\rep-1\summary.json,8eec83c2ab7d53b920cab223bc2dad90723150f083ffe4e2fe017c7a33401be8,runs\main\saner-main-v1\service-qwen-plus\task-6200\rep-1\scores.json,719c37ed4be76de729f5ff7c205b5e0f33c277cb23c18bedbfc1bb08b6b27975
827,6200,2.4.32,qwen-plus-2025-12-01,2,"D2,B2,C2,D1,C1,B1,A",complete,True,,runs\main\saner-main-v1\service-qwen-plus\task-6200\rep-2\summary.json,9ff724e5e366825dce6a81c55b1886cb75e50a91392f56756cc9e491032163e2,runs\main\saner-main-v1\service-qwen-plus\task-6200\rep-2\scores.json,a86d5611d0996d785d4922a004fa8f2e18e8719d8e9165984143e9a8b8d0dc55
828,6200,2.4.32,qwen-plus-2025-12-01,3,"C1,C2,B2,A,D1,B1,D2",complete,True,,runs\main\saner-main-v1\service-qwen-plus\task-6200\rep-3\summary.json,602762f84b109da812266472dd4183ad33d67e7b05e7f299ecd59c112168bcc6,runs\main\saner-main-v1\service-qwen-plus\task-6200\rep-3\scores.json,094873910d1368bf8172ec273db0d9cb0ff5b56f679c446b9b1d60dac2462697
829,16213,2.6.33,Qwen3-14B,1,"B2,C2,D2,D1,B1,C1,A",complete,True,,runs\main\saner-main-v1\local-qwen3-14b\task-16213\rep-1\summary.json,8f469fbe4989c4228ae4b894f3139a240bb083eb9b7e584121b5f545d09edcb2,runs\main\saner-main-v1\local-qwen3-14b\task-16213\rep-1\scores.json,f985e9d6a7fe097bde9c5ca99a120afb448f6c3ecde910b6d919ca1ba85dcd98
830,16213,2.6.33,Qwen3-14B,2,"A,C1,D1,C2,B1,D2,B2",complete,True,,runs\main\saner-main-v1\local-qwen3-14b\task-16213\rep-2\summary.json,32673f44966d587b55191cabbde5a7fb5be08fcfede7562e5020ac05fd7b276e,runs\main\saner-main-v1\local-qwen3-14b\task-16213\rep-2\scores.json,be0ccc29a5eabe5d1eebcf13943f00f6b1100e1109879e7030e0d5cc47f95e23
831,16213,2.6.33,Qwen3-14B,3,"B2,C2,D1,C1,D2,A,B1",complete,True,,runs\main\saner-main-v1\local-qwen3-14b\task-16213\rep-3\summary.json,51024c18aa27d11b1c8eeead6356309def5e4178f0fa19ef649a426ecc8ad822,runs\main\saner-main-v1\local-qwen3-14b\task-16213\rep-3\scores.json,dda45ae7d8aaedfd5caeef119d4f891f95b85b9c0066e27027b070a880a1a47e
832,16213,2.6.33,qwen-plus-2025-12-01,1,"A,D2,C2,C1,D1,B2,B1",complete,True,,runs\main\saner-main-v1\service-qwen-plus\task-16213\rep-1\summary.json,4857573802b5aea7fdbdc8e3e28152854a1c3cff1838658d325f0740c254a893,runs\main\saner-main-v1\service-qwen-plus\task-16213\rep-1\scores.json,9ffd5058b5338e75b8ae936541454917e9cfa8462b85f650718fc2b55d952bcf
833,16213,2.6.33,qwen-plus-2025-12-01,2,"D2,C1,B2,B1,D1,C2,A",complete,True,,runs\main\saner-main-v1\service-qwen-plus\task-16213\rep-2\summary.json,31e4d9f4f96a61c12382d83ce8703ba95beece825d1dbb5b7448be59e6121b57,runs\main\saner-main-v1\service-qwen-plus\task-16213\rep-2\scores.json,eaca6b17ea073c7038a2907a08a1808ba806d260b798caa490c66af9febccd2b
834,16213,2.6.33,qwen-plus-2025-12-01,3,"B2,D2,C2,A,B1,C1,D1",complete,True,,runs\main\saner-main-v1\service-qwen-plus\task-16213\rep-3\summary.json,6bb4eed6a9554d9da53149db24b07ce7df34816abc2cfcd8a3caf585f1d71c66,runs\main\saner-main-v1\service-qwen-plus\task-16213\rep-3\scores.json,10d210faa8b2fd8748a27ce9bcf3b72340719de77f2988530ec1ff6c93c7a5af
835,5475,2.6.13,Qwen3-14B,1,"D2,C2,A,B1,C1,D1,B2",complete,True,,runs\main\saner-main-v1\local-qwen3-14b\task-5475\rep-1\summary.json,8eb92387694c0959772a073ea5e8b4926af19297436dd4f33e82e6067e57be0c,runs\main\saner-main-v1\local-qwen3-14b\task-5475\rep-1\scores.json,f0d302ecb3415f1eb8814a74c62fdfa09baa8e9cde4af2b5d20b47bc63d3fa04
836,5475,2.6.13,Qwen3-14B,2,"B1,A,D1,B2,D2,C2,C1",complete,True,,runs\main\saner-main-v1\local-qwen3-14b\task-5475\rep-2\summary.json,0510ed5ec1137acf614752534a31837d55a1d000d6fd21f895888cea6040bab2,runs\main\saner-main-v1\local-qwen3-14b\task-5475\rep-2\scores.json,ba59852e7aba51711aa6f7924ac154116e7b00cd57504faf03a66f774f5816be
837,5475,2.6.13,Qwen3-14B,3,"B1,A,C1,D1,C2,B2,D2",complete,True,,runs\main\saner-main-v1\local-qwen3-14b\task-5475\rep-3\summary.json,5415a0dfa32bf7f3dcef4ec8c1fd209aacae977b3ae653fbf2ea3c69daa9db74,runs\main\saner-main-v1\local-qwen3-14b\task-5475\rep-3\scores.json,2f5ce8572ef1949d38af80ac6da472f0034731c9050c290b75367827154a4b63
838,5475,2.6.13,qwen-plus-2025-12-01,1,"D1,C1,D2,B1,C2,A,B2",complete,True,,runs\main\saner-main-v1\service-qwen-plus\task-5475\rep-1\summary.json,c9f2b30d1b3ec74e3fc5afcd2b198ae5510601c00f449d888218656b1865cdea,runs\main\saner-main-v1\service-qwen-plus\task-5475\rep-1\scores.json,f63f6463d033ea74b9400ad7942bbdd60c941a73d3763e27625a912aa81475a9
839,5475,2.6.13,qwen-plus-2025-12-01,2,"D1,C1,B2,D2,A,B1,C2",complete,True,,runs\main\saner-main-v1\service-qwen-plus\task-5475\rep-2\summary.json,d5d15026567678281f8860fad3a30ea1bf0b765b0161b21c6daa18491ab8f907,runs\main\saner-main-v1\service-qwen-plus\task-5475\rep-2\scores.json,0d184a058935b4b9e7518085bd66b9c229e3c3b27e9c63d4ddbe4908acd986c6
840,5475,2.6.13,qwen-plus-2025-12-01,3,"D2,B2,B1,A,D1,C2,C1",complete,True,,runs\main\saner-main-v1\service-qwen-plus\task-5475\rep-3\summary.json,c5498ca20c51cdd16f01d60a1d193bcf9946aa00f39925d08b4ba6820d84d922,runs\main\saner-main-v1\service-qwen-plus\task-5475\rep-3\scores.json,8c113caf77c8f8346cfd1b55b14cb6158a29dfad5069965ef6ffc4e1f26fccb2
841,196741,4.12.8,Qwen3-14B,1,"B2,D1,B1,C2,A,D2,C1",complete,True,,runs\main\saner-main-v1\local-qwen3-14b\task-196741\rep-1\summary.json,805278090e6f9b113435e1ccdb98c010a02f8f30114d78d16a5c983fced295f9,runs\main\saner-main-v1\local-qwen3-14b\task-196741\rep-1\scores.json,8d87f7182d3a5c8efe21ad93547c2041469cde935c0129b4ccb23448295df87c
842,196741,4.12.8,Qwen3-14B,2,"C1,C2,D1,B2,D2,A,B1",complete,True,,runs\main\saner-main-v1\local-qwen3-14b\task-196741\rep-2\summary.json,6c6f0588d01bd1523b5c0611a8a6417f8c853b15aae2b014c9fbc08dbe170e64,runs\main\saner-main-v1\local-qwen3-14b\task-196741\rep-2\scores.json,a9e41528304219b3ea33a631b22eece7c3e76e818e52d41fde40e9768ec725e1
843,196741,4.12.8,Qwen3-14B,3,"B1,C2,D2,A,D1,B2,C1",complete,True,,runs\main\saner-main-v1\local-qwen3-14b\task-196741\rep-3\summary.json,c03c14c080f85a034ffc1715e801a15f440eca1b0c4171581dcac4e932b9bf9e,runs\main\saner-main-v1\local-qwen3-14b\task-196741\rep-3\scores.json,459394fcbebc24ef6634785ee3f297e83618c74ac638500c7318b2194a4e1e6b
844,196741,4.12.8,qwen-plus-2025-12-01,1,"B2,C1,A,D2,D1,C2,B1",complete,True,,runs\main\saner-main-v1\service-qwen-plus\task-196741\rep-1\summary.json,959f768d308602405242af770cb47807e6da58825ac17ed1a988576a6bd4aa39,runs\main\saner-main-v1\service-qwen-plus\task-196741\rep-1\scores.json,87a9eaafcbf6fe9d4871d684eff6df7b6b0dc998767d46943038fc5de0f2386a
845,196741,4.12.8,qwen-plus-2025-12-01,2,"D2,C2,D1,A,C1,B1,B2",complete,True,,runs\main\saner-main-v1\service-qwen-plus\task-196741\rep-2\summary.json,eb5c627ad21736dfd0fc36976dd5573ecc7e81985d66335351a1909b85ed9fb7,runs\main\saner-main-v1\service-qwen-plus\task-196741\rep-2\scores.json,a5a23b4f1513c5909e88c3f931597c5fddcf07e790585e3ca68835c0b3dd282a
846,196741,4.12.8,qwen-plus-2025-12-01,3,"C2,D2,B1,B2,A,C1,D1",complete,True,,runs\main\saner-main-v1\service-qwen-plus\task-196741\rep-3\summary.json,4782bffa0c46d37849cb425a56399f951cf360d80527e301ea09cd02c9e0da00,runs\main\saner-main-v1\service-qwen-plus\task-196741\rep-3\scores.json,676069ed554f781311353ab59ecea66cd705c728e2bfd3fd2539a3ca2247b037
847,13776,2.6.31-rc3,Qwen3-14B,1,"D2,B1,C2,B2,A,D1,C1",complete,True,,runs\main\saner-main-v1\local-qwen3-14b\task-13776\rep-1\summary.json,cc808717f6181e1deeb8eaa72159f60ddc1138e8a3d8aef7d6b1818e12a9c700,runs\main\saner-main-v1\local-qwen3-14b\task-13776\rep-1\scores.json,d93d84368b9f60ae9a70441d373085f880bb076dcb34af1a7873684233ff894c
848,13776,2.6.31-rc3,Qwen3-14B,2,"A,C2,B1,D1,D2,B2,C1",complete,True,,runs\main\saner-main-v1\local-qwen3-14b\task-13776\rep-2\summary.json,3f4f596cda433d4b84255f7e64035d440ab0098a7c618c66bdcea3b4e3f9635c,runs\main\saner-main-v1\local-qwen3-14b\task-13776\rep-2\scores.json,854315bdad0d5a49b17e0c2395b1aa27edd2fbda2415d436f4a462f648ae32b8
849,13776,2.6.31-rc3,Qwen3-14B,3,"D1,D2,B2,C1,C2,A,B1",complete,True,,runs\main\saner-main-v1\local-qwen3-14b\task-13776\rep-3\summary.json,d85b0ef412df2281de06ff32c3f317aa5b0fc2b36514cc7702d01f4aa506e500,runs\main\saner-main-v1\local-qwen3-14b\task-13776\rep-3\scores.json,9d30349ebe2d51c4a1df4db17d1d600128994fe3e41dfcfa522d6bb497d360cb
850,13776,2.6.31-rc3,qwen-plus-2025-12-01,1,"D2,C1,A,C2,B1,D1,B2",complete,True,,runs\main\saner-main-v1\service-qwen-plus\task-13776\rep-1\summary.json,762e27a529a370bb2b8a44052589ab911dcdba520d3f05a3265a9ae8b21810a5,runs\main\saner-main-v1\service-qwen-plus\task-13776\rep-1\scores.json,5746d5c974c90adbcf8f3243a43001f1a12af8dd8133898f987578427b48fc77
851,13776,2.6.31-rc3,qwen-plus-2025-12-01,2,"B2,D2,D1,B1,C2,C1,A",complete,True,,runs\main\saner-main-v1\service-qwen-plus\task-13776\rep-2\summary.json,254b501f96396ada7ddd916c9002d51a636c736ecbb22cfcb877729a3726f908,runs\main\saner-main-v1\service-qwen-plus\task-13776\rep-2\scores.json,e402dac41ae8d04b0d3a5209c55f8109e2ff482b857984df9715b9333b70ec1f
852,13776,2.6.31-rc3,qwen-plus-2025-12-01,3,"B1,D2,B2,C2,A,C1,D1",complete,True,,runs\main\saner-main-v1\service-qwen-plus\task-13776\rep-3\summary.json,fa3946b1431825fa25501a15118b7c6d9b019f662d2cbac4dd8404a35d4319e1,runs\main\saner-main-v1\service-qwen-plus\task-13776\rep-3\scores.json,d6e6a483de180b208607ae98d9b56ec0faaa995c038d5d766a61699f81e64043
853,1930,2.6.1,Qwen3-14B,1,"A,D1,C2,C1,B2,D2,B1",complete,True,,runs\main\saner-main-v1\local-qwen3-14b\task-1930\rep-1\summary.json,9936bfdd1e62f87157d834073de8dc08c870c3f0da490b2c8968369e2a2811f8,runs\main\saner-main-v1\local-qwen3-14b\task-1930\rep-1\scores.json,00fe61f531632062417111d758f1b0f0d08451ec6c252d51bbb2ec2a047a1484
854,1930,2.6.1,Qwen3-14B,2,"D2,D1,B1,B2,C1,C2,A",complete,True,,runs\main\saner-main-v1\local-qwen3-14b\task-1930\rep-2\summary.json,a284286d796a97eda7f7b847835ed45f9405839d51bc2f091e9fdd00e92d7e63,runs\main\saner-main-v1\local-qwen3-14b\task-1930\rep-2\scores.json,3ca42eff012ba44f94c359f2b019b021b49b3306a7310c21d0fd5fb12e32b288
855,1930,2.6.1,Qwen3-14B,3,"A,D2,B1,C1,D1,C2,B2",complete,True,,runs\main\saner-main-v1\local-qwen3-14b\task-1930\rep-3\summary.json,5ae64c63cf0035f5cfc58e0ebcdb99a38422759bdc3614bb1e73e9d16199c4ae,runs\main\saner-main-v1\local-qwen3-14b\task-1930\rep-3\scores.json,de068855e13016e5358a78345991f4e574a9d01c3c76870c7b1bb1b0f90c6cf2
856,1930,2.6.1,qwen-plus-2025-12-01,1,"A,C2,B1,D1,B2,D2,C1",complete,True,,runs\main\saner-main-v1\service-qwen-plus\task-1930\rep-1\summary.json,94c27b8488654ecf8367bd6777537c77c015b494a3b268e4c62bbd368353b7fd,runs\main\saner-main-v1\service-qwen-plus\task-1930\rep-1\scores.json,a3d128f8b521ae9c1e35c9b33265c5d3e2a4e00dc3ef1f1858ee274e64881c88
857,1930,2.6.1,qwen-plus-2025-12-01,2,"C1,D1,A,D2,C2,B2,B1",complete,True,,runs\main\saner-main-v1\service-qwen-plus\task-1930\rep-2\summary.json,62f11a3a327d27e37b234330a70711b39757e49075f098f798264942a9560b09,runs\main\saner-main-v1\service-qwen-plus\task-1930\rep-2\scores.json,d48a67d1f6b8840abe9523a4883eac343f3d0978f932fe1770dbe3ab1350757e
858,1930,2.6.1,qwen-plus-2025-12-01,3,"A,C1,D2,B1,C2,B2,D1",complete,True,,runs\main\saner-main-v1\service-qwen-plus\task-1930\rep-3\summary.json,226e7bd60c55d853af6514b7271253977aaa6c15da637a42d6a346eb65d80a56,runs\main\saner-main-v1\service-qwen-plus\task-1930\rep-3\scores.json,9250a8c48f379507dc8d4b84a4084e470257244d1da0e04332a5c741980888bc
859,13134,2.6.29,Qwen3-14B,1,"C1,D2,D1,C2,B2,A,B1",complete,True,,runs\main\saner-main-v1\local-qwen3-14b\task-13134\rep-1\summary.json,c6b51b694851c5534b222bb4fac6bb9c5c9cea70f273c3442ab157b7a38963f2,runs\main\saner-main-v1\local-qwen3-14b\task-13134\rep-1\scores.json,03914b65f9447db1fecfcefa458109eef40cc3c1680cbfe8586a03c81dd35ee8
860,13134,2.6.29,Qwen3-14B,2,"B2,D2,D1,C2,B1,C1,A",complete,True,,runs\main\saner-main-v1\local-qwen3-14b\task-13134\rep-2\summary.json,fef21cce0898067b22ed3d410f840ed15bcc06e477a5876b0a34770e97430009,runs\main\saner-main-v1\local-qwen3-14b\task-13134\rep-2\scores.json,fdf6df79aa2750f66f75249cf636098656c5b8aaf291dc7843e21accf5f8ba25
861,13134,2.6.29,Qwen3-14B,3,"C1,C2,B1,B2,D1,D2,A",complete,True,,runs\main\saner-main-v1\local-qwen3-14b\task-13134\rep-3\summary.json,7116e336a072f0bf54747d671390567918dbdb9457d7f4e2e1549274029c4191,runs\main\saner-main-v1\local-qwen3-14b\task-13134\rep-3\scores.json,63f922dc078f512951d3728b594b755aa2684872537e437b99e2feb1a5ca9b1f
862,13134,2.6.29,qwen-plus-2025-12-01,1,"B1,B2,C2,C1,A,D2,D1",complete,True,,runs\main\saner-main-v1\service-qwen-plus\task-13134\rep-1\summary.json,863278879245d205caae8f5f026c82fc294a5dc1fd61b3837e4b699807d4c50a,runs\main\saner-main-v1\service-qwen-plus\task-13134\rep-1\scores.json,8cf9559ff49c3c9997d87783f4f000e27f027f50eae091eb1e381b2985aec6f3
863,13134,2.6.29,qwen-plus-2025-12-01,2,"A,C1,B1,C2,D1,B2,D2",complete,True,,runs\main\saner-main-v1\service-qwen-plus\task-13134\rep-2\summary.json,6a7a8127bab4098ce52aa773485bc07baedec103d8a718984f134d6cc7e453ae,runs\main\saner-main-v1\service-qwen-plus\task-13134\rep-2\scores.json,a1721f006149680ffcd6fac60e6ad46b23c300d3adf1a64169f12c094cf5718d
864,13134,2.6.29,qwen-plus-2025-12-01,3,"D2,C1,B1,D1,C2,A,B2",complete,True,,runs\main\saner-main-v1\service-qwen-plus\task-13134\rep-3\summary.json,822e98f667f1bc0bdb7e4e30c0edb3dda3baaa0691e45f2ccbe1bd8f8f8b5afd,runs\main\saner-main-v1\service-qwen-plus\task-13134\rep-3\scores.json,b6127e1a9e70cfef48f2de1f9813b0d20e7d9dafef40b0838ccaa3ff03da892b
865,4380,2.6.8,Qwen3-14B,1,"B1,C1,C2,A,D1,D2,B2",complete,True,,runs\main\saner-main-v1\local-qwen3-14b\task-4380\rep-1\summary.json,9be02689456269179046eb2002cf2c6953d4eec3684ea5d659e185a779a4b296,runs\main\saner-main-v1\local-qwen3-14b\task-4380\rep-1\scores.json,025b89939ed5a0657fc73625064b0d1cf98f5ab3be8d4ae97526717b4a1b0340
866,4380,2.6.8,Qwen3-14B,2,"D2,B1,C1,C2,B2,D1,A",complete,True,,runs\main\saner-main-v1\local-qwen3-14b\task-4380\rep-2\summary.json,82d8d5d6bb521d4f579e2d69059c05d7266f940dd014ce65c23a5e0ccffcd1ec,runs\main\saner-main-v1\local-qwen3-14b\task-4380\rep-2\scores.json,062c4bad56c6c533418ca1446d25afab87322e584b074da8a9ee081f69ad76fb
867,4380,2.6.8,Qwen3-14B,3,"A,C1,B2,D2,B1,C2,D1",complete,True,,runs\main\saner-main-v1\local-qwen3-14b\task-4380\rep-3\summary.json,7f51dbbe575300395b48e4d22ecb53938beb5ea5eee53ffe3bff8dc9ce8d6528,runs\main\saner-main-v1\local-qwen3-14b\task-4380\rep-3\scores.json,0dd0057d382794617b9accd3b3878b62d79c524fa3de1d44d626fc598539f64f
868,4380,2.6.8,qwen-plus-2025-12-01,1,"C2,A,B2,D2,B1,D1,C1",complete,True,,runs\main\saner-main-v1\service-qwen-plus\task-4380\rep-1\summary.json,7f781b017e5ec7583a2232c2fab46d11d2165680c0ed71183785dcaef07800fd,runs\main\saner-main-v1\service-qwen-plus\task-4380\rep-1\scores.json,5d5f91e698e9b6f916c75473a2b770d42ed7fb27b5243a9678f0a60b82177e00
869,4380,2.6.8,qwen-plus-2025-12-01,2,"C2,D1,A,B2,D2,C1,B1",complete,True,,runs\main\saner-main-v1\service-qwen-plus\task-4380\rep-2\summary.json,c8cbb3d2d230772ee7be70bd578406c6e02c56f2280d213949328037721020b3,runs\main\saner-main-v1\service-qwen-plus\task-4380\rep-2\scores.json,cf597e82b80d2cb5883d8fc336f337918ebfa56f4c3953da345c556eef600ca6
870,4380,2.6.8,qwen-plus-2025-12-01,3,"B2,D2,A,C2,D1,B1,C1",complete,True,,runs\main\saner-main-v1\service-qwen-plus\task-4380\rep-3\summary.json,c210e23cb088a9306e73b4b8fd6be7a5fd54136a12db93dab19dd77438c2b57b,runs\main\saner-main-v1\service-qwen-plus\task-4380\rep-3\scores.json,03e4b23284e10f30e45363123759b415ada2c5f8770637d062b7ef155735143c
871,45921,3.5,Qwen3-14B,1,"C1,D1,A,D2,B2,B1,C2",complete,True,,runs\main\saner-main-v1\local-qwen3-14b\task-45921\rep-1\summary.json,4be895c2e3429b5453ea877b0cfea5b91038a3c421a6632fc25a236dd7223e41,runs\main\saner-main-v1\local-qwen3-14b\task-45921\rep-1\scores.json,70ec60675e7883025dc8ed0a630771beef3b21062aed67c47fd5041d85251465
872,45921,3.5,Qwen3-14B,2,"D1,C1,C2,D2,B2,B1,A",complete,True,,runs\main\saner-main-v1\local-qwen3-14b\task-45921\rep-2\summary.json,4daed27015d4be7a13a84b514acff42817a446daddd367519a25bc9b8d7f7a61,runs\main\saner-main-v1\local-qwen3-14b\task-45921\rep-2\scores.json,64a1ab79f108cec9ee67552936dd484ffa50fcf1bb848e735cadd5499d49ec11
873,45921,3.5,Qwen3-14B,3,"B1,C2,A,D2,D1,B2,C1",complete,True,,runs\main\saner-main-v1\local-qwen3-14b\task-45921\rep-3\summary.json,61fca17b4bc69479c1c7b941418283995d4f969c2ad9e53b46db581fbd612aac,runs\main\saner-main-v1\local-qwen3-14b\task-45921\rep-3\scores.json,cb515d3fb02aee69fc96eae19131cfc4e4c175195b6443c8d2ada8bce27f263a
874,45921,3.5,qwen-plus-2025-12-01,1,"D2,B2,C1,B1,C2,D1,A",complete,True,,runs\main\saner-main-v1\service-qwen-plus\task-45921\rep-1\summary.json,3d13e4b7efff57b852b4b822a67d0b326bfd9fb1a6bb68aa9a6faa7fe0e8f410,runs\main\saner-main-v1\service-qwen-plus\task-45921\rep-1\scores.json,b9016b0df159c4f4f2731c973f08c8f18dd11b441d47238f0341d957c387aa57
875,45921,3.5,qwen-plus-2025-12-01,2,"A,D2,C2,B2,B1,C1,D1",complete,True,,runs\main\saner-main-v1\service-qwen-plus\task-45921\rep-2\summary.json,25ea4b6e856a894520bb140f516d654657877f1f6f8594cd98d1612222154c68,runs\main\saner-main-v1\service-qwen-plus\task-45921\rep-2\scores.json,f50eefb5f47168c5b8ff13c344880da9f6e45829efc307e3b6c7280963852508
876,45921,3.5,qwen-plus-2025-12-01,3,"A,D1,B1,C1,D2,B2,C2",complete,True,,runs\main\saner-main-v1\service-qwen-plus\task-45921\rep-3\summary.json,e540379c8e8bb82660f7176c2c5a0ed2fea91431ed48ada1004297d4d113934c,runs\main\saner-main-v1\service-qwen-plus\task-45921\rep-3\scores.json,85337d96690e077da676115b2277a3de4d7b6028e7083563b323ae73791a9d21
877,14753,2.6.32,Qwen3-14B,1,"B2,A,C2,C1,D1,D2,B1",complete,True,,runs\main\saner-main-v1\local-qwen3-14b\task-14753\rep-1\summary.json,e53582516d238eabf8ff6ecf843f813228ece94543c5332bcd9c44d713085541,runs\main\saner-main-v1\local-qwen3-14b\task-14753\rep-1\scores.json,f5e3ad4e900dade2f2ccbaeaaf341ee218c94e3f2d414c95db3996f5a6850ab9
878,14753,2.6.32,Qwen3-14B,2,"A,B1,D1,C2,D2,C1,B2",complete,True,,runs\main\saner-main-v1\local-qwen3-14b\task-14753\rep-2\summary.json,7d48f431cbb9ab7a7262c6413087288cd73c7f9897e7540c8eda4f4ea7be1a6c,runs\main\saner-main-v1\local-qwen3-14b\task-14753\rep-2\scores.json,2e98a53a8e895e4cc211aea2ef911b796812839241a094c990334d109e1b1277
879,14753,2.6.32,Qwen3-14B,3,"D2,D1,A,B1,B2,C2,C1",complete,True,,runs\main\saner-main-v1\local-qwen3-14b\task-14753\rep-3\summary.json,32736f34377f816af9209b2e81dbd253417ecd7cf519f390f0ce55ee8717bd80,runs\main\saner-main-v1\local-qwen3-14b\task-14753\rep-3\scores.json,3d1dc25b031be44573e463020bb058ed97ed12523c9f099ec0b92f25cab908f3
880,14753,2.6.32,qwen-plus-2025-12-01,1,"B2,C2,B1,C1,D2,A,D1",complete,True,,runs\main\saner-main-v1\service-qwen-plus\task-14753\rep-1\summary.json,549718a2e55817a163039dec254d6c03b6dd5e3234881a4b546d148ff32e155b,runs\main\saner-main-v1\service-qwen-plus\task-14753\rep-1\scores.json,5c1d5ff485f08424f39e942053f66f3458a9cc20eee6db603fc5b7553631a0e8
881,14753,2.6.32,qwen-plus-2025-12-01,2,"B2,C2,D2,A,B1,C1,D1",complete,True,,runs\main\saner-main-v1\service-qwen-plus\task-14753\rep-2\summary.json,572689a9c5114e31bad44bbd1926d4fede92de6e03f4e62c300892087ee51ce0,runs\main\saner-main-v1\service-qwen-plus\task-14753\rep-2\scores.json,f2e4b33679c10b61ede0b047a72a13db9567e1ac8ba574125e7ce972627a1b43
882,14753,2.6.32,qwen-plus-2025-12-01,3,"D2,C1,D1,B1,C2,A,B2",complete,True,,runs\main\saner-main-v1\service-qwen-plus\task-14753\rep-3\summary.json,68f31a66469b789522e2e0a21e7694efee46396cf262f6799e04ffca89268337,runs\main\saner-main-v1\service-qwen-plus\task-14753\rep-3\scores.json,8520253cb0ebb2566ae631058ea24ba3fac4ee7cb3c247a4794d23b439ee84e9
883,19872,2.6.36-rc7,Qwen3-14B,1,"D1,C2,A,B2,B1,C1,D2",complete,True,,runs\main\saner-main-v1\local-qwen3-14b\task-19872\rep-1\summary.json,e7fa89afdba81306f456c659db8817dec360010ef67241c95e4bc55f24c464d2,runs\main\saner-main-v1\local-qwen3-14b\task-19872\rep-1\scores.json,37f0b60d7b1a8e4d5dfcdc3fa25d347e10ff63bc2d257d3abac58a3677efad62
884,19872,2.6.36-rc7,Qwen3-14B,2,"A,C2,D2,C1,D1,B1,B2",complete,True,,runs\main\saner-main-v1\local-qwen3-14b\task-19872\rep-2\summary.json,0a989aa45c47cfc3ca3399545c4e0fd5034886bdb8cf74a8e359ad867354d46a,runs\main\saner-main-v1\local-qwen3-14b\task-19872\rep-2\scores.json,c1683863a3e82c12fa275ad7c39521320d7002625e68c21194e2ac5bde217100
885,19872,2.6.36-rc7,Qwen3-14B,3,"B2,D1,C2,D2,A,C1,B1",complete,True,,runs\main\saner-main-v1\local-qwen3-14b\task-19872\rep-3\summary.json,bece1a0ad4c6d49d6405c4fe1b14a814a5f625c1781230257f69c6df5b4a41e5,runs\main\saner-main-v1\local-qwen3-14b\task-19872\rep-3\scores.json,6c63f0e4061e9a89baf2c1f485c1a07c433a76d82f4ed19f09f8f01ecb699b45
886,19872,2.6.36-rc7,qwen-plus-2025-12-01,1,"C2,D2,A,D1,B1,B2,C1",complete,True,,runs\main\saner-main-v1\service-qwen-plus\task-19872\rep-1\summary.json,eb7497ad9d5cf44a26b46654634f78d658da2b5a89d6d7e4c224c59a78efd159,runs\main\saner-main-v1\service-qwen-plus\task-19872\rep-1\scores.json,b3b75b19f895d06417f4183382277d2686adfb0db3fbfb363fefc8a51ac548ff
887,19872,2.6.36-rc7,qwen-plus-2025-12-01,2,"D1,A,C2,B1,B2,D2,C1",complete,True,,runs\main\saner-main-v1\service-qwen-plus\task-19872\rep-2\summary.json,7a3da58a41808dc75a258abf04a84a63bb49ef50c5f9a4660a03359a7ac33e2c,runs\main\saner-main-v1\service-qwen-plus\task-19872\rep-2\scores.json,2d0a8938c750a5e9eef56fea8509218b0ed99fe098b33e6a86508810df43f9c5
888,19872,2.6.36-rc7,qwen-plus-2025-12-01,3,"D2,C2,C1,A,D1,B2,B1",complete,True,,runs\main\saner-main-v1\service-qwen-plus\task-19872\rep-3\summary.json,43e5eac63ea29b52a2a3377cfa58d47733d3eaa7e81e26cd276de72b389fe03d,runs\main\saner-main-v1\service-qwen-plus\task-19872\rep-3\scores.json,d6a679ebe51c39d80c6f8241e99139dcc1551bcb3be16aea55abd42ab0eb88f3
889,83151,3.16,Qwen3-14B,1,"C1,A,D1,C2,D2,B2,B1",complete,True,,runs\main\saner-main-v1\local-qwen3-14b\task-83151\rep-1\summary.json,ee33d0e95dcbd15b3c98e67bbe63bfa503110d1a3a2215546c9f846aead68d23,runs\main\saner-main-v1\local-qwen3-14b\task-83151\rep-1\scores.json,30074e7b8dd271eb0712f585c2262feda93ea447401f51f0f531ad7f000eb6f3
890,83151,3.16,Qwen3-14B,2,"C1,D2,B1,D1,A,C2,B2",complete,True,,runs\main\saner-main-v1\local-qwen3-14b\task-83151\rep-2\summary.json,4a162af3f003fe93ed50a1ef580272e70a17ff8207d90b3efcbe76d13dc8e72d,runs\main\saner-main-v1\local-qwen3-14b\task-83151\rep-2\scores.json,53469aeb70a0f5041f5715d329e913803f71375c8c9585d9abb5dd046547aab7
891,83151,3.16,Qwen3-14B,3,"C2,A,C1,B1,D2,B2,D1",complete,True,,runs\main\saner-main-v1\local-qwen3-14b\task-83151\rep-3\summary.json,86ea2c50fbacc72c97619c4d7d92aec87557f4c0fa9d28d5cd1fdfa98b95980c,runs\main\saner-main-v1\local-qwen3-14b\task-83151\rep-3\scores.json,b65fe6999e774d4c7f67773eb4ed312f4aa0c36b9b0c15057f24cd20be48811e
892,83151,3.16,qwen-plus-2025-12-01,1,"D2,B2,C2,B1,C1,A,D1",complete,True,,runs\main\saner-main-v1\service-qwen-plus\task-83151\rep-1\summary.json,9a16654a49f143b3a99f8ac91f30cf1d92ec275859c962cdaa333a9c5f1b990e,runs\main\saner-main-v1\service-qwen-plus\task-83151\rep-1\scores.json,31894fd668867d9ffa5ae49be7eae6dd4954cd46150106675607528fdbb16291
893,83151,3.16,qwen-plus-2025-12-01,2,"B2,C2,D2,B1,C1,D1,A",complete,True,,runs\main\saner-main-v1\service-qwen-plus\task-83151\rep-2\summary.json,9dafe4eb32674e4b2aecac971a44478754dbdf428d2608a1167d7465e12ddc18,runs\main\saner-main-v1\service-qwen-plus\task-83151\rep-2\scores.json,b8d07a7d62711b06ab340a07a2b3ede6826e5287e2b44341a2aec76329cf64dd
894,83151,3.16,qwen-plus-2025-12-01,3,"C2,D2,C1,B1,D1,A,B2",complete,True,,runs\main\saner-main-v1\service-qwen-plus\task-83151\rep-3\summary.json,6b22aa6f54ea68ce12ca75d855d954efe5e6f62bb8468ebb638900a65e011104,runs\main\saner-main-v1\service-qwen-plus\task-83151\rep-3\scores.json,648b1a130c34fee059ecaac5390320301fffc56975959c51a0daf3249527bde0
895,5366,2.6.11,Qwen3-14B,1,"C2,D1,D2,C1,A,B1,B2",complete,True,,runs\main\saner-main-v1\local-qwen3-14b\task-5366\rep-1\summary.json,cdcc32f92ae32cba41c0de23ef07557efbe8c13a4e692870c544bf0eee3d8557,runs\main\saner-main-v1\local-qwen3-14b\task-5366\rep-1\scores.json,ee281618fb1b51764996303fc2c812a81c5567f626c73de5737e0cf19a5a45fd
896,5366,2.6.11,Qwen3-14B,2,"C2,C1,D1,B2,B1,A,D2",complete,True,,runs\main\saner-main-v1\local-qwen3-14b\task-5366\rep-2\summary.json,aca1882c8da0fdc99aff059b25f18f733b793ed56df553b4522cdf70eb8ab0ba,runs\main\saner-main-v1\local-qwen3-14b\task-5366\rep-2\scores.json,fab6e26f6ad693ff44dbd756f627d2d18457f387d2a4b9072a0655a2bf18514c
897,5366,2.6.11,Qwen3-14B,3,"A,D1,B2,C2,D2,C1,B1",complete,True,,runs\main\saner-main-v1\local-qwen3-14b\task-5366\rep-3\summary.json,f803d12ff04d03c7fed3ba0112051d40a1b921666e45297096f496eb09770cb1,runs\main\saner-main-v1\local-qwen3-14b\task-5366\rep-3\scores.json,299b8ee19a1c2fb4b753dcb78a6970a41b9140c0ef821ebc36b411a24e3bfa6b
898,5366,2.6.11,qwen-plus-2025-12-01,1,"C2,A,B1,C1,D2,D1,B2",complete,True,,runs\main\saner-main-v1\service-qwen-plus\task-5366\rep-1\summary.json,33e164151481e181f04944730b1d9e45876cf3956e19cb1b53a732abb277aa53,runs\main\saner-main-v1\service-qwen-plus\task-5366\rep-1\scores.json,9feaec7de7127db0e24930bcdd49ff9cb08fd1a976d29801c2473fc66b12b7e9
899,5366,2.6.11,qwen-plus-2025-12-01,2,"B2,C2,C1,D1,D2,B1,A",complete,True,,runs\main\saner-main-v1\service-qwen-plus\task-5366\rep-2\summary.json,b1bcd8eaf3aeabe2e5ede8f810847d781d89a5aae40807a67166fe4a22363e43,runs\main\saner-main-v1\service-qwen-plus\task-5366\rep-2\scores.json,9802cd7795f9b1550d0082d702e56b8f53645cb576fd3b2cdf9f6d09dc20f3be
900,5366,2.6.11,qwen-plus-2025-12-01,3,"D1,A,D2,C2,C1,B1,B2",complete,True,,runs\main\saner-main-v1\service-qwen-plus\task-5366\rep-3\summary.json,b1f6f560c73cdd41a9ef57cf45def3222385ec536e792c58c666f733abe1a8cf,runs\main\saner-main-v1\service-qwen-plus\task-5366\rep-3\scores.json,82bddfc96fb360b38f2664c36a9e1b65a22fa5f6eacc2631d8226d58b43942a6
901,2423,2.6.5,Qwen3-14B,1,"B1,A,D1,D2,C2,B2,C1",complete,True,,runs\main\saner-main-v1\local-qwen3-14b\task-2423\rep-1\summary.json,4d7f09fc6b21af5d7519b27a15641df811433f207320b33f6d2f7e0c7e03fd92,runs\main\saner-main-v1\local-qwen3-14b\task-2423\rep-1\scores.json,b424976ef948ab7fafb42588d9f5d1893ab0d757c24b52851d53f98f78b120c6
902,2423,2.6.5,Qwen3-14B,2,"C1,D1,A,B1,C2,B2,D2",complete,True,,runs\main\saner-main-v1\local-qwen3-14b\task-2423\rep-2\summary.json,29ff4781df119daf566abfeaadd5c1fd7d9654975164a3ccd0dc385f6e7fbbb0,runs\main\saner-main-v1\local-qwen3-14b\task-2423\rep-2\scores.json,d8a6ed168804975c49c8d67a5db5b2fdc052fb3d5f168e951092e1cdc6b8b915
903,2423,2.6.5,Qwen3-14B,3,"B1,B2,D2,A,D1,C1,C2",complete,True,,runs\main\saner-main-v1\local-qwen3-14b\task-2423\rep-3\summary.json,6a987009d84bc4cd2e8f6d276c2e61a2a9959d4d13cca787df649114d8ee4d21,runs\main\saner-main-v1\local-qwen3-14b\task-2423\rep-3\scores.json,9899f787e41c102edddff5b824fbfebbb38082eafc43c637e5696cddb39a66db
904,2423,2.6.5,qwen-plus-2025-12-01,1,"A,B2,B1,C2,C1,D2,D1",complete,True,,runs\main\saner-main-v1\service-qwen-plus\task-2423\rep-1\summary.json,e9afb54120f887d301a7f6fab13f715cbfe856ba721b5d229043d1d6ac7e414b,runs\main\saner-main-v1\service-qwen-plus\task-2423\rep-1\scores.json,378414ad547261e870c3f60a6e02fecf55fcb6397262c947c21994bbe91449f2
905,2423,2.6.5,qwen-plus-2025-12-01,2,"A,D2,B2,C1,B1,D1,C2",complete,True,,runs\main\saner-main-v1\service-qwen-plus\task-2423\rep-2\summary.json,0d3e59559cec4c6ff345b7841b83af3774beaa8d082bb4169b6161342d13d715,runs\main\saner-main-v1\service-qwen-plus\task-2423\rep-2\scores.json,8759937cffe4f5a6ea494e00b61bcdc91e37d582048404782eca48e146f04c2e
906,2423,2.6.5,qwen-plus-2025-12-01,3,"D2,B1,C1,C2,D1,B2,A",complete,True,,runs\main\saner-main-v1\service-qwen-plus\task-2423\rep-3\summary.json,1553694277cec78c5058e052a4706c15ac0f02e4577a2e3957c26a6a24723ea6,runs\main\saner-main-v1\service-qwen-plus\task-2423\rep-3\scores.json,d6dca49b99a6704687083adeaf8e1ae1bfa307877b4e150af0328415fac39408
907,7838,2.6.20,Qwen3-14B,1,"B2,A,C2,C1,D2,B1,D1",complete,True,,runs\main\saner-main-v1\local-qwen3-14b\task-7838\rep-1\summary.json,37e29151379ef0e760b77b59b7c80038e110ceb44c08c163dabfa095e0b3b4b4,runs\main\saner-main-v1\local-qwen3-14b\task-7838\rep-1\scores.json,aab049d01b7b2903df6fb363cd64539f4e5a00880c28711730474963c94de603
908,7838,2.6.20,Qwen3-14B,2,"C1,A,D1,C2,D2,B1,B2",complete,True,,runs\main\saner-main-v1\local-qwen3-14b\task-7838\rep-2\summary.json,18887effc826d6eae0e6a17036f3ecfa1faa3c5f17650c0b4f9c6791255e7b84,runs\main\saner-main-v1\local-qwen3-14b\task-7838\rep-2\scores.json,e447ac0f5184ca330a7e14c6dfa2029205f7b603c716a15b3b695e23a39daae2
909,7838,2.6.20,Qwen3-14B,3,"C2,B1,B2,A,D1,D2,C1",complete,True,,runs\main\saner-main-v1\local-qwen3-14b\task-7838\rep-3\summary.json,70c43b601278e43bc1731cba505f8f08ad1b458b8700ffa38ce349f20f505c1e,runs\main\saner-main-v1\local-qwen3-14b\task-7838\rep-3\scores.json,f496feb95ac01e164c128d6fe83da6e03748e277cccc891ffcd4dc3e88e443dd
910,7838,2.6.20,qwen-plus-2025-12-01,1,"C1,B2,A,C2,D1,B1,D2",complete,True,,runs\main\saner-main-v1\service-qwen-plus\task-7838\rep-1\summary.json,01aad8a5610cb0e51e483bdbf546d5b3f3ffa5dbc77d24b745647d3dca01c0c2,runs\main\saner-main-v1\service-qwen-plus\task-7838\rep-1\scores.json,4e79601e6f66537495a6e85c2e0e5d2738e01d763eab208d7e417ce69957f5c2
911,7838,2.6.20,qwen-plus-2025-12-01,2,"C2,B1,B2,D2,A,D1,C1",complete,True,,runs\main\saner-main-v1\service-qwen-plus\task-7838\rep-2\summary.json,c8765914a54beb6f7f5b705008ecf5db2ef79a2d2fb80a4828a1fb725502a1ba,runs\main\saner-main-v1\service-qwen-plus\task-7838\rep-2\scores.json,bc0c41c1b92519db431813cdedd2d3d6eba776991822f13fc4d044f3ef4f2143
912,7838,2.6.20,qwen-plus-2025-12-01,3,"C2,A,B2,D1,D2,B1,C1",complete,True,,runs\main\saner-main-v1\service-qwen-plus\task-7838\rep-3\summary.json,d0c6b75b145924555f3a4277976c422a0295c71cceeec417d2a266caf5f97d74,runs\main\saner-main-v1\service-qwen-plus\task-7838\rep-3\scores.json,204d2444cdd5206faa1966fd42d4f7eacfcf0731298fcbeff0df9057261f4484
913,43286,3.0,Qwen3-14B,1,"D1,C2,A,C1,B1,B2,D2",complete,True,,runs\main\saner-main-v1\local-qwen3-14b\task-43286\rep-1\summary.json,c5d19b6587c01c4bf018a87e6e7e03a57e4cf9a4b0e8e75a8ba0280d4c479226,runs\main\saner-main-v1\local-qwen3-14b\task-43286\rep-1\scores.json,21e6ff95ad4044f147308203846a56a5800c842fb2820be51a62f14a7d2d02a8
914,43286,3.0,Qwen3-14B,2,"B2,B1,C2,D1,A,C1,D2",complete,True,,runs\main\saner-main-v1\local-qwen3-14b\task-43286\rep-2\summary.json,25d8c7a198e7e9a262f7a288e732a8f454a18f78c25a0799889bdf4c590e3203,runs\main\saner-main-v1\local-qwen3-14b\task-43286\rep-2\scores.json,33cea7ae12c4d1f88914542c01795e1a1d59d4cb1e25d5e63298235b3fc5274d
915,43286,3.0,Qwen3-14B,3,"D2,A,C1,B2,D1,C2,B1",complete,True,,runs\main\saner-main-v1\local-qwen3-14b\task-43286\rep-3\summary.json,7d3f6df2722dbb18acb8e6b561ab36371e60445b44a4533e4f492d6a1d43965a,runs\main\saner-main-v1\local-qwen3-14b\task-43286\rep-3\scores.json,cc8bdef53ac5622729147fbd488a409f31cb44de00d481641845b70f20c0c480
916,43286,3.0,qwen-plus-2025-12-01,1,"B1,A,B2,C2,D2,D1,C1",complete,True,,runs\main\saner-main-v1\service-qwen-plus\task-43286\rep-1\summary.json,f4a2c87a0566f2446a2ed9e211553bcd62411398a20f954d9d49364eb332d8de,runs\main\saner-main-v1\service-qwen-plus\task-43286\rep-1\scores.json,51efb061121de4a82844a13944b47c6f2817916ca6992763d91a3abe903e12db
917,43286,3.0,qwen-plus-2025-12-01,2,"B1,C1,C2,A,D2,B2,D1",complete,True,,runs\main\saner-main-v1\service-qwen-plus\task-43286\rep-2\summary.json,d68e04533cccc3e014d54c982a738ed7840f265381200a3cc59a95ba182b697f,runs\main\saner-main-v1\service-qwen-plus\task-43286\rep-2\scores.json,9ba68066fe7dc82db6034068e756f34929268649be8176a467b9679422b37b7e
918,43286,3.0,qwen-plus-2025-12-01,3,"C1,D1,B2,B1,D2,A,C2",complete,True,,runs\main\saner-main-v1\service-qwen-plus\task-43286\rep-3\summary.json,aef0b306999d49ede640101137658211ffd348f62163d497794ab279862204c7,runs\main\saner-main-v1\service-qwen-plus\task-43286\rep-3\scores.json,6dc39d3b501dae74db6dd0d6c8b148e8eb08c6df5ce18fef096759472c6f69f3
919,12286,2.6.27,Qwen3-14B,1,"D1,B2,C1,B1,D2,C2,A",complete,True,,runs\main\saner-main-v1\local-qwen3-14b\task-12286\rep-1\summary.json,f613bc1830aa68e7d7ff773aad874222c92f20d95cea2819cfc424eaea541bcd,runs\main\saner-main-v1\local-qwen3-14b\task-12286\rep-1\scores.json,45fb6fc58a7ff0b198f96258754113d530560a2900eda4dee272a3514a2245e2
920,12286,2.6.27,Qwen3-14B,2,"B2,C1,A,D1,D2,C2,B1",complete,True,,runs\main\saner-main-v1\local-qwen3-14b\task-12286\rep-2\summary.json,6ddaa5bb29885494f21ce0692e055568c836090a4cd9587d17d0d3d8fe71109f,runs\main\saner-main-v1\local-qwen3-14b\task-12286\rep-2\scores.json,744701b80866c58ef2c2e8910bbad7b57b2859e942d8f9dbf7a4ad096105a679
921,12286,2.6.27,Qwen3-14B,3,"D1,B2,C1,B1,A,D2,C2",complete,True,,runs\main\saner-main-v1\local-qwen3-14b\task-12286\rep-3\summary.json,2044c9cee3351e5c046cc160774646d9b5db8f5065ee6a186f3e58c061ed9ed3,runs\main\saner-main-v1\local-qwen3-14b\task-12286\rep-3\scores.json,5dd4347f003c86cec1df896bb1b2073cc58836e6d10198b9d1286ba53476bfdb
922,12286,2.6.27,qwen-plus-2025-12-01,1,"D2,C1,D1,B1,B2,C2,A",complete,True,,runs\main\saner-main-v1\service-qwen-plus\task-12286\rep-1\summary.json,4944d1953b52ec8e1675e96d0e4a6ad54530e0b832b9eb58a8af70c164999b1d,runs\main\saner-main-v1\service-qwen-plus\task-12286\rep-1\scores.json,73eb68de756f1f0f07bce1f8bb556e5ecc332f32f059e3b56fd4e914e025483a
923,12286,2.6.27,qwen-plus-2025-12-01,2,"A,C1,D2,B1,D1,B2,C2",complete,True,,runs\main\saner-main-v1\service-qwen-plus\task-12286\rep-2\summary.json,aedebc6e3790b8328169fb5773a92a048454aaa76c4521f1f6ed5f07aede8193,runs\main\saner-main-v1\service-qwen-plus\task-12286\rep-2\scores.json,54a1297a283ab90b4df2925e3db2cea57689098af327055924aa34d870d496f5
924,12286,2.6.27,qwen-plus-2025-12-01,3,"B1,B2,A,D1,C2,D2,C1",complete,True,,runs\main\saner-main-v1\service-qwen-plus\task-12286\rep-3\summary.json,41d6c131b4aa750b700ae4ccba0a6e7a790026fee3dfb46c52d7fa6aed7f3af4,runs\main\saner-main-v1\service-qwen-plus\task-12286\rep-3\scores.json,909c1638aa84d17fe6f477066f8ded0171b0242393245253b44fc43c5adcb649
925,75581,3.14.2,Qwen3-14B,1,"C1,D2,C2,A,B2,B1,D1",complete,True,,runs\main\saner-main-v1\local-qwen3-14b\task-75581\rep-1\summary.json,d1f5a2711ffaa5e2685fbacc70bf30a28d3f76579191f89a632d891d1c369296,runs\main\saner-main-v1\local-qwen3-14b\task-75581\rep-1\scores.json,0336831dc2dd2bff2b4b5e6a76a8f9ddec674eebd18307f9a087fbdf2dfff3a7
926,75581,3.14.2,Qwen3-14B,2,"C2,C1,A,B2,D1,B1,D2",complete,True,,runs\main\saner-main-v1\local-qwen3-14b\task-75581\rep-2\summary.json,2b831825b9ad8a93e2a759905bcc737c6d2091f6f5b0a33577065313c68d923f,runs\main\saner-main-v1\local-qwen3-14b\task-75581\rep-2\scores.json,318724cebe82a5b4ccd380553d38189d00902e4b4d9363b84873201d4c061d2e
927,75581,3.14.2,Qwen3-14B,3,"D2,C1,C2,B2,B1,A,D1",complete,True,,runs\main\saner-main-v1\local-qwen3-14b\task-75581\rep-3\summary.json,3c4c73ac79f225ca005164565acfd00e48abb5e88715ead7c5435dfd9c5e8b6d,runs\main\saner-main-v1\local-qwen3-14b\task-75581\rep-3\scores.json,c2abaaaf2b7ec6db08c870d4f77400f09c4a9ba132b26f00f6eac4a0c48c070b
928,75581,3.14.2,qwen-plus-2025-12-01,1,"D2,B1,D1,C1,C2,A,B2",complete,True,,runs\main\saner-main-v1\service-qwen-plus\task-75581\rep-1\summary.json,94af3364e45fc104f86e9edc89febd9e5c1e0c44f3675f4fa0ce7f069721d7a9,runs\main\saner-main-v1\service-qwen-plus\task-75581\rep-1\scores.json,627fccf67733c7f9e5ba63aa1add3842316de99735b8a31a5ba25a961021f751
929,75581,3.14.2,qwen-plus-2025-12-01,2,"D1,C1,B2,C2,A,B1,D2",complete,True,,runs\main\saner-main-v1\service-qwen-plus\task-75581\rep-2\summary.json,8ce65bd2162a2ce14524bb4618bc3d373cabfe206acb87c60e08a067383cf87c,runs\main\saner-main-v1\service-qwen-plus\task-75581\rep-2\scores.json,638000bc285ca0f4aa89357fc79148730d9b6692b92239d5f5d4cd30485eaa2c
930,75581,3.14.2,qwen-plus-2025-12-01,3,"B2,D1,C2,C1,B1,D2,A",complete,True,,runs\main\saner-main-v1\service-qwen-plus\task-75581\rep-3\summary.json,0ff30c25881552ab801144202beecd5bd18262ea202982568964460a7c90fb4f,runs\main\saner-main-v1\service-qwen-plus\task-75581\rep-3\scores.json,3610e1596472313ec25269ade560b647d2f3056ace6a87eeb0c3a624a6620a64
931,11242,2.6.26,Qwen3-14B,1,"C2,C1,D2,B2,B1,D1,A",complete,True,,runs\main\saner-main-v1\local-qwen3-14b\task-11242\rep-1\summary.json,c187fb7731059baf25968919063f753e223236ba2cc3dd3cb065db9a2ca59249,runs\main\saner-main-v1\local-qwen3-14b\task-11242\rep-1\scores.json,ec9efd92f85e0741c5ad240658546b5590bb09661713f6fa0142f9b139142d6f
932,11242,2.6.26,Qwen3-14B,2,"D1,A,C1,D2,B1,B2,C2",complete,True,,runs\main\saner-main-v1\local-qwen3-14b\task-11242\rep-2\summary.json,8fb6e1d08ec7f37c70b1fa725ae244d70836750ea4b4e92f427d41b06beb44d8,runs\main\saner-main-v1\local-qwen3-14b\task-11242\rep-2\scores.json,65fedb5f641255609fc5325f1d1e5577937f0a17e01edd93465fc3b9427de705
933,11242,2.6.26,Qwen3-14B,3,"C1,C2,B1,D2,B2,D1,A",complete,True,,runs\main\saner-main-v1\local-qwen3-14b\task-11242\rep-3\summary.json,c0965d197842caef7a265813ad430b9b706a5144f8e95b65e3ae984309491147,runs\main\saner-main-v1\local-qwen3-14b\task-11242\rep-3\scores.json,ea6fd19e076b70914f7efd91d526681fc375d208ad8b855a378fc717c3031c50
934,11242,2.6.26,qwen-plus-2025-12-01,1,"B2,B1,C1,D2,A,C2,D1",complete,True,,runs\main\saner-main-v1\service-qwen-plus\task-11242\rep-1\summary.json,67e83f2f9653054ac7e44b19cd9518a5cae2fec612deaf473f2b110048e96712,runs\main\saner-main-v1\service-qwen-plus\task-11242\rep-1\scores.json,6419c6646807c6bb0a99ca83c48337431305c889f694878de2b64c3d8cf1ad5c
935,11242,2.6.26,qwen-plus-2025-12-01,2,"C1,D1,D2,B2,B1,C2,A",complete,True,,runs\main\saner-main-v1\service-qwen-plus\task-11242\rep-2\summary.json,7a90543d7198f1cc0ea309237efe60819d5efdf32208205455398c66af71c6b2,runs\main\saner-main-v1\service-qwen-plus\task-11242\rep-2\scores.json,00677cd9bb2eca8a513abdf10409f484a5bb2f5fb2c14158c51f4941090a56e0
936,11242,2.6.26,qwen-plus-2025-12-01,3,"C1,D2,B1,C2,D1,B2,A",complete,True,,runs\main\saner-main-v1\service-qwen-plus\task-11242\rep-3\summary.json,6218a9a27404af68178e720f873b38b700ee760824e952fba76086dd2deebb16,runs\main\saner-main-v1\service-qwen-plus\task-11242\rep-3\scores.json,7f3d3e73cdc858bb1187128ed4e088dcd44b6fabb50875045914c01eede02fe2
937,12360,2.6.28,Qwen3-14B,1,"D2,C1,D1,C2,A,B2,B1",complete,True,,runs\main\saner-main-v1\local-qwen3-14b\task-12360\rep-1\summary.json,689d3bc6a9487a002cbc3d4c6565b0a5375ad49cd3d64401c76661d92bde1651,runs\main\saner-main-v1\local-qwen3-14b\task-12360\rep-1\scores.json,071dd6ba7e1b88ae005f7806685589abb29d87c4ab4415a8418bc597040bb877
938,12360,2.6.28,Qwen3-14B,2,"C1,D1,B2,B1,C2,D2,A",complete,True,,runs\main\saner-main-v1\local-qwen3-14b\task-12360\rep-2\summary.json,735bf9d8fead0a4b8a0308b6250dd83998ec765147926b2a7ab699592cd941ed,runs\main\saner-main-v1\local-qwen3-14b\task-12360\rep-2\scores.json,e04474a08dae2221d1139b22dd915b3c86c077f417bd98d9c74b984cdf4fcfb0
939,12360,2.6.28,Qwen3-14B,3,"D2,A,B2,C1,C2,B1,D1",complete,True,,runs\main\saner-main-v1\local-qwen3-14b\task-12360\rep-3\summary.json,da8d4adc6db457111526007a565917ecec636b8dacd3dee002c25bb5fec74b3a,runs\main\saner-main-v1\local-qwen3-14b\task-12360\rep-3\scores.json,ee37edb5b087032b8c043942968451533b9e49cf6af7156b88c06dc74b229726
940,12360,2.6.28,qwen-plus-2025-12-01,1,"D2,B2,A,B1,C1,C2,D1",complete,True,,runs\main\saner-main-v1\service-qwen-plus\task-12360\rep-1\summary.json,4a16ccdbbd9c57ab3c8e21d218e164b4ec34b98c2acd1e6e87c9bed1b7337bbd,runs\main\saner-main-v1\service-qwen-plus\task-12360\rep-1\scores.json,b9f8a9e572a6796498beba96a165879cbcbed8e97ce19ecc4e5ac8a8165ecd84
941,12360,2.6.28,qwen-plus-2025-12-01,2,"B2,C2,C1,B1,D1,D2,A",complete,True,,runs\main\saner-main-v1\service-qwen-plus\task-12360\rep-2\summary.json,91dd7b72fd95e1d4456e2acda7461f50f8fbe5881aaf63ab6defe97a649c1f2c,runs\main\saner-main-v1\service-qwen-plus\task-12360\rep-2\scores.json,7cc87d72f0205aa4da34155fde5f439af4b6463e0ac230a460175c71c072891c
942,12360,2.6.28,qwen-plus-2025-12-01,3,"A,D1,D2,C1,C2,B1,B2",complete,True,,runs\main\saner-main-v1\service-qwen-plus\task-12360\rep-3\summary.json,84bcc6fd33a2569369c7e2b58d0bfaf7147407b26c495e4cf53e2834eeb7aeea,runs\main\saner-main-v1\service-qwen-plus\task-12360\rep-3\scores.json,3c65e40346bdfd4aa42e18442026b25540e70c5227635a35c1afc7dcd3d73e52
943,13449,2.6.30,Qwen3-14B,1,"D2,C2,A,B1,C1,D1,B2",complete,True,,runs\main\saner-main-v1\local-qwen3-14b\task-13449\rep-1\summary.json,4d384cb0fdd1f9e605e9db13e924d9ea9915dddbb5c7182598097925fa3e6279,runs\main\saner-main-v1\local-qwen3-14b\task-13449\rep-1\scores.json,4516f0d7a6f5c62209b0a58f20bba531014ef9f943a1123d3040dbcf4e2e581a
944,13449,2.6.30,Qwen3-14B,2,"A,D1,C2,C1,D2,B2,B1",complete,True,,runs\main\saner-main-v1\local-qwen3-14b\task-13449\rep-2\summary.json,1c8f1b19216ad70d527048366c5665ae0b2c1986dc2a92303ef347d9a84d916f,runs\main\saner-main-v1\local-qwen3-14b\task-13449\rep-2\scores.json,133fc1bdf09555951f1073f43d15efaa7a8e36c333c584667824128c53671149
945,13449,2.6.30,Qwen3-14B,3,"B2,A,D1,D2,C2,C1,B1",complete,True,,runs\main\saner-main-v1\local-qwen3-14b\task-13449\rep-3\summary.json,ec141e6a70521c62d185d0294b274130dc07eefbdce499a03b2e35fc7c905be6,runs\main\saner-main-v1\local-qwen3-14b\task-13449\rep-3\scores.json,f831fc9f3d2c3d035bdfcaa708a94b5a2395fd14b79c84e1d589e4c85f6f6d57
946,13449,2.6.30,qwen-plus-2025-12-01,1,"B2,B1,A,D1,C2,C1,D2",complete,True,,runs\main\saner-main-v1\service-qwen-plus\task-13449\rep-1\summary.json,d811504e4b6efd09aa01a5020d0b6d4c964b13eb35d6d30e66db638abf8081b4,runs\main\saner-main-v1\service-qwen-plus\task-13449\rep-1\scores.json,bad8e76ba04e87e875c4092e3fa2f0172ba922716110d39bf6f55341b41f38e6
947,13449,2.6.30,qwen-plus-2025-12-01,2,"B1,B2,D2,D1,C2,C1,A",complete,True,,runs\main\saner-main-v1\service-qwen-plus\task-13449\rep-2\summary.json,b94de2aab054c9ce2c268301b65217385e712c07860c78869d90baa536b5956b,runs\main\saner-main-v1\service-qwen-plus\task-13449\rep-2\scores.json,a765d357ece2406264165b1848c6d4bb4caf4baf3563d109bc839e53f01aa056
948,13449,2.6.30,qwen-plus-2025-12-01,3,"C2,C1,B1,B2,A,D2,D1",complete,True,,runs\main\saner-main-v1\service-qwen-plus\task-13449\rep-3\summary.json,38931b8830601170b244aa2920eb5858db4dde1aa98c36c451132ede91b6ed6a,runs\main\saner-main-v1\service-qwen-plus\task-13449\rep-3\scores.json,0b5a38e2ff8ee5f5604cee9e49514d5f9336f527cfdead3d9698b13c1ef5f8c9
949,95061,3.19,Qwen3-14B,1,"D1,B2,C1,B1,A,C2,D2",complete,True,,runs\main\saner-main-v1\local-qwen3-14b\task-95061\rep-1\summary.json,b6e6cfd803b445d114393dcd44f4d26dc9f7787b0d8cec4430b5c64b14788d25,runs\main\saner-main-v1\local-qwen3-14b\task-95061\rep-1\scores.json,aff1ccf6e8e078261c46d9f6486ab7d9fb0aeb0be51239005f0ff0a9f42e6e2d
950,95061,3.19,Qwen3-14B,2,"A,C1,D2,D1,B1,B2,C2",complete,True,,runs\main\saner-main-v1\local-qwen3-14b\task-95061\rep-2\summary.json,a57ae6fc90469840665fb3edd629aa1d78c940dc36df6666faf5b5b82903341e,runs\main\saner-main-v1\local-qwen3-14b\task-95061\rep-2\scores.json,fed44e5cfeb4a85b9a95baa336bfc5b3964964ff92805f872a1d32353ed9ff71
951,95061,3.19,Qwen3-14B,3,"D2,C2,C1,B2,B1,D1,A",complete,True,,runs\main\saner-main-v1\local-qwen3-14b\task-95061\rep-3\summary.json,04f5696445a675ad9564d2a0d46afa157ea83c3771eb3e53bac759aca05e841c,runs\main\saner-main-v1\local-qwen3-14b\task-95061\rep-3\scores.json,5d911a5c0653720378ef32f279450098244e8e2768bd84e63b2c2b5cd5eea761
952,95061,3.19,qwen-plus-2025-12-01,1,"C2,B2,D1,D2,C1,B1,A",complete,True,,runs\main\saner-main-v1\service-qwen-plus\task-95061\rep-1\summary.json,6301b0339b135c6153e902239654c45736021ce51f78a89cfb7bd48aaa95f014,runs\main\saner-main-v1\service-qwen-plus\task-95061\rep-1\scores.json,341b7e9435178589956eac6313ca3629bb1e6fddf20f35009fb8e24b41fbf472
953,95061,3.19,qwen-plus-2025-12-01,2,"D1,B2,C2,A,B1,D2,C1",complete,True,,runs\main\saner-main-v1\service-qwen-plus\task-95061\rep-2\summary.json,42cfcab510cf98e36fecae03623c375ba89b3f5e0f7a443e4057fb0a0eb8d4a9,runs\main\saner-main-v1\service-qwen-plus\task-95061\rep-2\scores.json,bade0d77d10e8aa3ffaa73dd1db04f44ee12f030b96d1a382485e2096ffaaac3
954,95061,3.19,qwen-plus-2025-12-01,3,"D2,A,D1,C1,C2,B2,B1",complete,True,,runs\main\saner-main-v1\service-qwen-plus\task-95061\rep-3\summary.json,89b08b9fa8e991e28fabbfd4d827a3cd2131838251aaca0d38ed98affc5a096f,runs\main\saner-main-v1\service-qwen-plus\task-95061\rep-3\scores.json,d30b3c450aee8a68df1b53ab2889ce3ba8385af30be9b59605fb20eeb94d1a2c
955,15303,2.6.32,Qwen3-14B,1,"C1,D2,C2,B1,B2,A,D1",complete,True,,runs\main\saner-main-v1\local-qwen3-14b\task-15303\rep-1\summary.json,379d4981cdd1d581f939981b71bdd7ee885d30f6644d4622c87e0a8eb90a16db,runs\main\saner-main-v1\local-qwen3-14b\task-15303\rep-1\scores.json,1d1bdbe6b9fc10edbe838a3af33c79b8544617ba382a4ab1db666aecde312ab6
956,15303,2.6.32,Qwen3-14B,2,"C1,D1,A,B1,B2,C2,D2",complete,True,,runs\main\saner-main-v1\local-qwen3-14b\task-15303\rep-2\summary.json,e0412f1d987cffb0ddf3273ce4ad0734b31ed47051302f6ff54e1bf477c7e545,runs\main\saner-main-v1\local-qwen3-14b\task-15303\rep-2\scores.json,7605187341d78d7b1001618b670210d4749ea87601750405337ceab133e03d12
957,15303,2.6.32,Qwen3-14B,3,"D1,A,B2,B1,C2,C1,D2",complete,True,,runs\main\saner-main-v1\local-qwen3-14b\task-15303\rep-3\summary.json,16a1d9420bdccca8a69b1401d8f4828d111c41c1ff76fe8bac1abe3c01a14dcb,runs\main\saner-main-v1\local-qwen3-14b\task-15303\rep-3\scores.json,d3c44b1b0b6a9b0475da13a1fdc677c677195f51b67b13d4393d32825038fb88
958,15303,2.6.32,qwen-plus-2025-12-01,1,"C1,D2,C2,B2,B1,D1,A",complete,True,,runs\main\saner-main-v1\service-qwen-plus\task-15303\rep-1\summary.json,da074f83d59fa25d179b1a1ca470e7870166ee488fa070ca20a99976c8a2377b,runs\main\saner-main-v1\service-qwen-plus\task-15303\rep-1\scores.json,0d66baa3df5a8173ba00e934466207c510b9d20e45a50b791f58d48bbac4f642
959,15303,2.6.32,qwen-plus-2025-12-01,2,"B2,C2,C1,B1,D1,A,D2",complete,True,,runs\main\saner-main-v1\service-qwen-plus\task-15303\rep-2\summary.json,ebc692469aa4ee966641b20f80c4521beed00ebe0576b748ca491bdcecf66061,runs\main\saner-main-v1\service-qwen-plus\task-15303\rep-2\scores.json,61baf6c8f3e96587d9fa9f21020be9cfe1b16d1fba91b74559172cfd33e62233
960,15303,2.6.32,qwen-plus-2025-12-01,3,"C1,D2,B1,D1,C2,B2,A",complete,True,,runs\main\saner-main-v1\service-qwen-plus\task-15303\rep-3\summary.json,7181a7cdc6b1d9751cb9854e102caffecf50eb2232bf7f24fc2482d15e9bd071,runs\main\saner-main-v1\service-qwen-plus\task-15303\rep-3\scores.json,a10a7fc0f85af52567e0bf33108db258d9e66676604cd09fdffa406db5d471a2
961,203475,4.14.114,Qwen3-14B,1,"D2,A,C2,B1,B2,D1,C1",complete,True,,runs\main\saner-main-v1\local-qwen3-14b\task-203475\rep-1\summary.json,1c897ffb2236990d3a7dca5eb2ebb6e4249cc2f07cec33ae8a61b77af70b8469,runs\main\saner-main-v1\local-qwen3-14b\task-203475\rep-1\scores.json,b7e54119b5fd7bccc23a49c6f0de9f1350544308b44261d6ba0d332282fc728f
962,203475,4.14.114,Qwen3-14B,2,"D2,B2,D1,C1,A,C2,B1",complete,True,,runs\main\saner-main-v1\local-qwen3-14b\task-203475\rep-2\summary.json,c1d456048763e1d11a0e1ab18a06f9144db75a42a70743585245c332c575a2ca,runs\main\saner-main-v1\local-qwen3-14b\task-203475\rep-2\scores.json,2e5e68ce4b18f99ba80f8b3afc278b7639821f6b2b772bd1e52c75acebcf93c0
963,203475,4.14.114,Qwen3-14B,3,"B2,C1,A,D2,D1,C2,B1",complete,True,,runs\main\saner-main-v1\local-qwen3-14b\task-203475\rep-3\summary.json,b7ae936d821a4f317f8a5d46d4d303f4fa5d10d6f4bebadbe7631bc7ac8e8906,runs\main\saner-main-v1\local-qwen3-14b\task-203475\rep-3\scores.json,549c204cf9672565baccbc61fba14145892ed98af685b62dc9ca89cd433af264
964,203475,4.14.114,qwen-plus-2025-12-01,1,"D1,C1,C2,B2,B1,D2,A",complete,True,,runs\main\saner-main-v1\service-qwen-plus\task-203475\rep-1\summary.json,6fa39732e993aa634c0d3ab42df1ace486f71773def299e045286128b125a548,runs\main\saner-main-v1\service-qwen-plus\task-203475\rep-1\scores.json,bdbb7acd86884fc40efb81c3980712b76a3dba291d0f8314344a7a2c63d4a33a
965,203475,4.14.114,qwen-plus-2025-12-01,2,"C1,B2,D2,A,D1,C2,B1",complete,True,,runs\main\saner-main-v1\service-qwen-plus\task-203475\rep-2\summary.json,abccf3134dfa91881b4627e47a6f5122361b89855e3583a9f459d2adee3dc0a6,runs\main\saner-main-v1\service-qwen-plus\task-203475\rep-2\scores.json,50df57e2a324284c6dda984aed2c4bde51fefa59fc96c5ce217ad123889b24f5
966,203475,4.14.114,qwen-plus-2025-12-01,3,"D1,C1,C2,B2,D2,A,B1",complete,True,,runs\main\saner-main-v1\service-qwen-plus\task-203475\rep-3\summary.json,fc0c4a01c7033ddd1c1580c78326efbf61bfd1ebf0c5253004f108caa77ecf04,runs\main\saner-main-v1\service-qwen-plus\task-203475\rep-3\scores.json,7c0d64d91ed4fc7b78d2517843ef0ca5ff40e412d59286225545c3d8c4d19657
967,4249,2.6.11,Qwen3-14B,1,"D2,B1,B2,C2,D1,C1,A",complete,True,,runs\main\saner-main-v1\local-qwen3-14b\task-4249\rep-1\summary.json,5b6cbf27a7fd234b679f505b1b5d9463579b2db392da6895854138861fccf70a,runs\main\saner-main-v1\local-qwen3-14b\task-4249\rep-1\scores.json,ea28060b912401259fa9819d1fa47d3026ba098be170959d7e13ed0936de0ea8
968,4249,2.6.11,Qwen3-14B,2,"B2,D1,B1,A,C2,D2,C1",complete,True,,runs\main\saner-main-v1\local-qwen3-14b\task-4249\rep-2\summary.json,7e684bb84db38bd658871c57e0962986119a1f24a18cdaa7b8a45ef31a054e65,runs\main\saner-main-v1\local-qwen3-14b\task-4249\rep-2\scores.json,8690abb048fbf564e37d099f481e695c42a6ae8ba00a9d6193f45f39ab20b61d
969,4249,2.6.11,Qwen3-14B,3,"B1,D1,B2,C2,D2,A,C1",complete,True,,runs\main\saner-main-v1\local-qwen3-14b\task-4249\rep-3\summary.json,a925fd4b255b7731f63a3290df12ecc125cda2fba0a051f81b2ba39bf4daf587,runs\main\saner-main-v1\local-qwen3-14b\task-4249\rep-3\scores.json,88438cb1cb8613114322f724adfb3fba83c41a7d814c21f491df48e2c19218a8
970,4249,2.6.11,qwen-plus-2025-12-01,1,"C1,A,B1,B2,D1,D2,C2",complete,True,,runs\main\saner-main-v1\service-qwen-plus\task-4249\rep-1\summary.json,84b99091b893fe6e51fb5439b4bfa0e85ef042e1b52a0c4df3656994032f09c5,runs\main\saner-main-v1\service-qwen-plus\task-4249\rep-1\scores.json,d8408babe581f4e76a3839d4cb1f3289445dceb3c0239c010c4a40385a8e3b3b
971,4249,2.6.11,qwen-plus-2025-12-01,2,"B2,D2,A,D1,B1,C1,C2",complete,True,,runs\main\saner-main-v1\service-qwen-plus\task-4249\rep-2\summary.json,334244ad429cdd180684bdcc557823b5f01ddb118a999b5751d56cdddea052c4,runs\main\saner-main-v1\service-qwen-plus\task-4249\rep-2\scores.json,130e49247ce1fdd1eb9314cd6b6a10ab1b170d550816132246fdb990812ae84d
972,4249,2.6.11,qwen-plus-2025-12-01,3,"B1,D1,A,C2,B2,C1,D2",complete,True,,runs\main\saner-main-v1\service-qwen-plus\task-4249\rep-3\summary.json,98288d6deac887508053811478af97912d6d716860edf0044129ea83197bd0f5,runs\main\saner-main-v1\service-qwen-plus\task-4249\rep-3\scores.json,99ac57915abee8340731f3e31caa707c4950b5abe634732a0475fa74376c962a
973,13780,2.6.29,Qwen3-14B,1,"D2,D1,A,C2,B1,C1,B2",complete,True,,runs\main\saner-main-v1\local-qwen3-14b\task-13780\rep-1\summary.json,9d0ced4fe7c59eaed3419fea38c2bc00a9492458e529f2e66f1762167b9059e3,runs\main\saner-main-v1\local-qwen3-14b\task-13780\rep-1\scores.json,f13803c15879de1d3fb6fbb81c22610dbfd4b7e5ef1520868dd34dbad9cb861e
974,13780,2.6.29,Qwen3-14B,2,"B2,A,B1,D1,C1,D2,C2",complete,True,,runs\main\saner-main-v1\local-qwen3-14b\task-13780\rep-2\summary.json,5c4294e354e7d15bfc00102a392525e952c798afcac74325c0f672961947923a,runs\main\saner-main-v1\local-qwen3-14b\task-13780\rep-2\scores.json,6aeed019cbe2aa44da66e9620f91a60509be4d62d60f65e3bedeceb7ce1475d6
975,13780,2.6.29,Qwen3-14B,3,"C2,D1,A,B1,B2,D2,C1",complete,True,,runs\main\saner-main-v1\local-qwen3-14b\task-13780\rep-3\summary.json,5642e4de6f4eb738d34a19483d968ed9ae6ee40645309edfa1098a4544e43957,runs\main\saner-main-v1\local-qwen3-14b\task-13780\rep-3\scores.json,572bcac44799139c604fb1e34458f6b270b0ed182f1701dfd67e99d1cc39b2f4
976,13780,2.6.29,qwen-plus-2025-12-01,1,"D1,C1,B1,D2,B2,C2,A",complete,True,,runs\main\saner-main-v1\service-qwen-plus\task-13780\rep-1\summary.json,33a9365b673a976af93fe91ec8c0471c6c3100090c3ee8e54d7f75d5abe4b10e,runs\main\saner-main-v1\service-qwen-plus\task-13780\rep-1\scores.json,877d9e9ddd645269b82e6bb57c860867219d1a9b931af26277748973e9444f9c
977,13780,2.6.29,qwen-plus-2025-12-01,2,"C2,B2,D2,C1,B1,A,D1",complete,True,,runs\main\saner-main-v1\service-qwen-plus\task-13780\rep-2\summary.json,bdf301ac3ef0f2782522a79aaeeb605bf1d8adad766882a6b2d3819857a76b2a,runs\main\saner-main-v1\service-qwen-plus\task-13780\rep-2\scores.json,82de9c1daae308273e61beeca215947ac2cbb50e3a18b237cf61f3b2f83bcc10
978,13780,2.6.29,qwen-plus-2025-12-01,3,"D1,C1,C2,B2,A,B1,D2",complete,True,,runs\main\saner-main-v1\service-qwen-plus\task-13780\rep-3\summary.json,8104bbbc4cb4aa92f6cc56188c15795d1c2d44aa233c9daf4e49d2ab94b442b6,runs\main\saner-main-v1\service-qwen-plus\task-13780\rep-3\scores.json,9c1a4be7b6c885e4378fd0daa8ac911f1a949e9e78ecc330693a35ee13c8ed66
979,8709,2.6.23-rc3,Qwen3-14B,1,"B2,D1,D2,B1,A,C2,C1",complete,True,,runs\main\saner-main-v1\local-qwen3-14b\task-8709\rep-1\summary.json,6bce427445cd7ea54697777423939e2d7a3c2d335725ace13c9ff3b254011013,runs\main\saner-main-v1\local-qwen3-14b\task-8709\rep-1\scores.json,97c81f31edd45837508eae51174be8dba259676a1e455e26c642988f2f476da6
980,8709,2.6.23-rc3,Qwen3-14B,2,"C1,D1,C2,D2,B2,A,B1",complete,True,,runs\main\saner-main-v1\local-qwen3-14b\task-8709\rep-2\summary.json,ddbbf632799b9a890e308f6b6dca7a409db2f7ef3844eacbee64c737fa9bd2c0,runs\main\saner-main-v1\local-qwen3-14b\task-8709\rep-2\scores.json,fbbce67b174a9952fe99140dca499443cfd98c0afeb96dcda31bde6bc6591ea4
981,8709,2.6.23-rc3,Qwen3-14B,3,"B2,B1,C1,C2,D1,D2,A",complete,True,,runs\main\saner-main-v1\local-qwen3-14b\task-8709\rep-3\summary.json,ef0e32d9bd789659b516d9e131cfa8e7959a425f45190daeeb2c9340441b461b,runs\main\saner-main-v1\local-qwen3-14b\task-8709\rep-3\scores.json,51b7c95fe5f34e171cdcd6395c1dcbe88494adb266d961374f562c23ae928741
982,8709,2.6.23-rc3,qwen-plus-2025-12-01,1,"D1,A,D2,B2,C1,C2,B1",complete,True,,runs\main\saner-main-v1\service-qwen-plus\task-8709\rep-1\summary.json,bfe1db383758ae3766291cde60f8fb9ad5219da5d09bee7f16f56ebcb4879095,runs\main\saner-main-v1\service-qwen-plus\task-8709\rep-1\scores.json,3b890ab3538e10a09985bebbe13ea578bb2a4b71725638aa49ad80d50d097186
983,8709,2.6.23-rc3,qwen-plus-2025-12-01,2,"C1,A,D1,C2,B2,B1,D2",complete,True,,runs\main\saner-main-v1\service-qwen-plus\task-8709\rep-2\summary.json,3355dc59f8ac4bba7fd1c315f6151f906c2469375568f9b9f9480e582ea8d005,runs\main\saner-main-v1\service-qwen-plus\task-8709\rep-2\scores.json,be691806b61eb7b32203b40f3abd705cc8b5c4c788e84023b6fe2473eeb99d83
984,8709,2.6.23-rc3,qwen-plus-2025-12-01,3,"D2,C2,B2,B1,D1,C1,A",complete,True,,runs\main\saner-main-v1\service-qwen-plus\task-8709\rep-3\summary.json,c985bff2eb0ba23dd8059c0af003b707a791d6f438df392dba5c78d1b34aac5c,runs\main\saner-main-v1\service-qwen-plus\task-8709\rep-3\scores.json,b0799ae4e155e288b0fc8541bda43adb726dc293c40540bc839e30ed23308a23
985,110831,4.1.13,Qwen3-14B,1,"A,B1,D2,C2,D1,C1,B2",complete,True,,runs\main\saner-main-v1\local-qwen3-14b\task-110831\rep-1\summary.json,50683e76b9d7edfa8e9a3bf6ce4ea3e5c0b9e506931da7a35c2aefb50ec1ebfb,runs\main\saner-main-v1\local-qwen3-14b\task-110831\rep-1\scores.json,fa274022a652c6fc3c89429992eba3f1d044cf0918e403fd5b4f8a0492706c46
986,110831,4.1.13,Qwen3-14B,2,"D2,A,D1,B2,C2,C1,B1",complete,True,,runs\main\saner-main-v1\local-qwen3-14b\task-110831\rep-2\summary.json,b51bd8ab03a8eab0187480b5d7b31c1ae483590a93c1a7219270b67039383f54,runs\main\saner-main-v1\local-qwen3-14b\task-110831\rep-2\scores.json,ab89ed4b680a5d088c407016a75a49bf83f69d591b1b51986c8bf14534581dea
987,110831,4.1.13,Qwen3-14B,3,"C2,B2,C1,D2,A,B1,D1",complete,True,,runs\main\saner-main-v1\local-qwen3-14b\task-110831\rep-3\summary.json,edb960d940d541c3ec9d312d4b2230c0768813606d3fa45196ea46a35e077e25,runs\main\saner-main-v1\local-qwen3-14b\task-110831\rep-3\scores.json,389d48267049b0ec196d05ea7c6a9d221bc8185ca76207dab18556320e555cde
988,110831,4.1.13,qwen-plus-2025-12-01,1,"B2,C1,D2,D1,B1,C2,A",complete,True,,runs\main\saner-main-v1\service-qwen-plus\task-110831\rep-1\summary.json,9d4ff206c6c914f6b7afe728ae8e8dc6c4c52d0305df7d80cbee6c6d4b792938,runs\main\saner-main-v1\service-qwen-plus\task-110831\rep-1\scores.json,b5923dc82c69e9933f6d95867d4cb97c7effb923073b0e26ec073b6d39414cf8
989,110831,4.1.13,qwen-plus-2025-12-01,2,"D1,D2,B1,B2,C2,A,C1",complete,True,,runs\main\saner-main-v1\service-qwen-plus\task-110831\rep-2\summary.json,f0e931ade06d1261fcec54246ab285ac868c05457198aef7821d2bf84eeddf18,runs\main\saner-main-v1\service-qwen-plus\task-110831\rep-2\scores.json,ed96af20468b110bd194e4e2e8f257527517af1bd3c49a49d33d2c14855a5799
990,110831,4.1.13,qwen-plus-2025-12-01,3,"A,C2,B1,D2,B2,D1,C1",complete,True,,runs\main\saner-main-v1\service-qwen-plus\task-110831\rep-3\summary.json,9c5f54a151e1dd243f718b3f4c7122623796ae16d85330072e36c9e78f034d29,runs\main\saner-main-v1\service-qwen-plus\task-110831\rep-3\scores.json,8ecebe7839cdec415f8caa7a5035ea1c3b77bdf3ddef3aecf97e9ecade0d0cec
991,4364,2.6.16,Qwen3-14B,1,"C2,C1,B1,B2,A,D2,D1",complete,True,,runs\main\saner-main-v1\local-qwen3-14b\task-4364\rep-1\summary.json,ed94229c9a1ef1456cfecc562c8d386ede156134bd6446dbe1eee1c263300849,runs\main\saner-main-v1\local-qwen3-14b\task-4364\rep-1\scores.json,1df1acdcb0e3836aedb721df88696afe6faffadaa77d8852c848b81513f3f47b
992,4364,2.6.16,Qwen3-14B,2,"C2,D2,B2,D1,A,C1,B1",complete,True,,runs\main\saner-main-v1\local-qwen3-14b\task-4364\rep-2\summary.json,8b8cedfa4675777caba6e1341a5117bf724d810096e2b08fdd0a621a61645d40,runs\main\saner-main-v1\local-qwen3-14b\task-4364\rep-2\scores.json,f67030a4753adc22d7b336aa212a257e60a10a29acda8b9c67d8fd3729b721e8
993,4364,2.6.16,Qwen3-14B,3,"A,B2,D2,C1,D1,B1,C2",complete,True,,runs\main\saner-main-v1\local-qwen3-14b\task-4364\rep-3\summary.json,cab3f45c840e140d5f4e71e1125aee78665a18238621068cc5bb8fdb6e1615d1,runs\main\saner-main-v1\local-qwen3-14b\task-4364\rep-3\scores.json,ab3fd313f93e4f622aa9597e2002da98a32fb37c4c9dede6719a71de26dc587c
994,4364,2.6.16,qwen-plus-2025-12-01,1,"C1,D1,B1,B2,D2,A,C2",complete,True,,runs\main\saner-main-v1\service-qwen-plus\task-4364\rep-1\summary.json,d91c1f9c909db29e3395714642a55bc4ee5e470eb0964b9b9fb11c921306e0a9,runs\main\saner-main-v1\service-qwen-plus\task-4364\rep-1\scores.json,f96ad8d584e9ff8412a91a948755d97f4c7420728440d7a46fa39a8c6ca31bdd
995,4364,2.6.16,qwen-plus-2025-12-01,2,"C1,B1,D1,C2,A,D2,B2",complete,True,,runs\main\saner-main-v1\service-qwen-plus\task-4364\rep-2\summary.json,182a02c48bc62f8c7c798e2d118670bcac60c8422d0dffd9d1b1cf219b2c3933,runs\main\saner-main-v1\service-qwen-plus\task-4364\rep-2\scores.json,5bc6634bae6b7f2f80e3522e77dcf70c1f8df412c2f6b1c113ec2ed88ef7c9c9
996,4364,2.6.16,qwen-plus-2025-12-01,3,"A,D1,D2,B1,B2,C2,C1",complete,True,,runs\main\saner-main-v1\service-qwen-plus\task-4364\rep-3\summary.json,883c83f8ec787811c59001c9a7156438c9686e69711566b38835e3e168f52304,runs\main\saner-main-v1\service-qwen-plus\task-4364\rep-3\scores.json,3768af1e5e9979ab196f2e46fc04cc186e50adca172451e7ccdfe71a15f8b07c
997,13581,2.6.30,Qwen3-14B,1,"A,D1,D2,B1,C1,C2,B2",complete,True,,runs\main\saner-main-v1\local-qwen3-14b\task-13581\rep-1\summary.json,0ba829445c149aed7d548c8c8dd9ecf6cede3ac92fd80c778b16fac5733f8990,runs\main\saner-main-v1\local-qwen3-14b\task-13581\rep-1\scores.json,6342a4b703b8dbb64947d23516077f8f73e64e3b521c2fe6f4880e8f331ddaff
998,13581,2.6.30,Qwen3-14B,2,"D2,B1,C1,A,B2,D1,C2",complete,True,,runs\main\saner-main-v1\local-qwen3-14b\task-13581\rep-2\summary.json,98f589b47deb8b36c20bd024d65303d00ebf0539502f1a641cbcff15580145ce,runs\main\saner-main-v1\local-qwen3-14b\task-13581\rep-2\scores.json,86163ea981ecf92171190aad327cc64c128fb91a62b339aea6e632bc87a25dbd
999,13581,2.6.30,Qwen3-14B,3,"B1,D1,C1,A,B2,D2,C2",complete,True,,runs\main\saner-main-v1\local-qwen3-14b\task-13581\rep-3\summary.json,cf93d764a72be614a0781c5e24dcc81a14f96c2856f0a4f9ed22a17b3521c8eb,runs\main\saner-main-v1\local-qwen3-14b\task-13581\rep-3\scores.json,709b55e9490d64977f15ed20ae0ae7600a3f75a649b66025e5dbe50eb8b5b8d9
1000,13581,2.6.30,qwen-plus-2025-12-01,1,"D1,C2,A,B2,C1,D2,B1",complete,True,,runs\main\saner-main-v1\service-qwen-plus\task-13581\rep-1\summary.json,9ba5ec9e6bd3f67ccd66085bd50acb13bc00672c020eb16e50c84c132e1e7330,runs\main\saner-main-v1\service-qwen-plus\task-13581\rep-1\scores.json,967735521c11e4971cdcce5239da630b40a7b4a87150ae4cc9862dd8ad63da57
1001,13581,2.6.30,qwen-plus-2025-12-01,2,"C1,D1,D2,A,C2,B1,B2",complete,True,,runs\main\saner-main-v1\service-qwen-plus\task-13581\rep-2\summary.json,71772968e56f602e197cfde5483c96e797cc8da432cd76c336e7be7aedbea855,runs\main\saner-main-v1\service-qwen-plus\task-13581\rep-2\scores.json,3f39bfe80470e33dac24967f04b89293e3485313ba63c897e0e52dfc92a511e2
1002,13581,2.6.30,qwen-plus-2025-12-01,3,"D1,A,C1,C2,D2,B1,B2",complete,True,,runs\main\saner-main-v1\service-qwen-plus\task-13581\rep-3\summary.json,1389e77e9d2e92a84823b96f2bcd01311cffedaaf059d4e5174f4c18753c0fca,runs\main\saner-main-v1\service-qwen-plus\task-13581\rep-3\scores.json,fdfc4665327580d13ca34679058c72e7b96eab4d997f502367b745d18c56c88e
1003,10836,2.6.26,Qwen3-14B,1,"C1,D2,B1,A,D1,B2,C2",complete,True,,runs\main\saner-main-v1\local-qwen3-14b\task-10836\rep-1\summary.json,36023d4e96fd9a77b86a273fe5b90a337c0bae5f0e4d0534fb351f43307a5474,runs\main\saner-main-v1\local-qwen3-14b\task-10836\rep-1\scores.json,0c8336a003319a72f871e6fa3b1f1a8b25c04341328cf394f9d7b72010ce350d
1004,10836,2.6.26,Qwen3-14B,2,"C2,B1,B2,A,D1,D2,C1",complete,True,,runs\main\saner-main-v1\local-qwen3-14b\task-10836\rep-2\summary.json,535631fe9fdbca13905461813685324d2238dbe771b8a276afd6f259770d97f8,runs\main\saner-main-v1\local-qwen3-14b\task-10836\rep-2\scores.json,be7b463cbbc45b1ec218b03e821b5a58ed225f6473693f665ef6dbd07ee67a9e
1005,10836,2.6.26,Qwen3-14B,3,"A,C2,D1,B2,B1,C1,D2",complete,True,,runs\main\saner-main-v1\local-qwen3-14b\task-10836\rep-3\summary.json,e27bf8f51f1f83a7ac3804206f9058518640ece83cc5d7330558769f3cbbac60,runs\main\saner-main-v1\local-qwen3-14b\task-10836\rep-3\scores.json,465d4c5c6e1ce9cfb5ff82c3318a9bd3ed745442e83238f8f3c00711868bf5d6
1006,10836,2.6.26,qwen-plus-2025-12-01,1,"B2,B1,D2,D1,A,C1,C2",complete,True,,runs\main\saner-main-v1\service-qwen-plus\task-10836\rep-1\summary.json,54011b16b062b5b8dfbbf5ac46054e44c53ce02e3ab670691a7531a90f078443,runs\main\saner-main-v1\service-qwen-plus\task-10836\rep-1\scores.json,cad352ad90c66a1b2a8cd081e55403069b3d299688a6c00cfd54ef1d10bc8c5e
1007,10836,2.6.26,qwen-plus-2025-12-01,2,"A,C2,D2,B1,D1,C1,B2",complete,True,,runs\main\saner-main-v1\service-qwen-plus\task-10836\rep-2\summary.json,ea97a8dde6d1c9aa3a6624a33698e9bb45972bed869dcc9b47dc408cb3ff8b9e,runs\main\saner-main-v1\service-qwen-plus\task-10836\rep-2\scores.json,147b5abee1677728e2714369ad24054a021398cf37020d65c4b2bfff1db65ad6
1008,10836,2.6.26,qwen-plus-2025-12-01,3,"C2,C1,D1,D2,A,B1,B2",complete,True,,runs\main\saner-main-v1\service-qwen-plus\task-10836\rep-3\summary.json,c12f5a912016b89c28f0ac51559814848165c3936c4d07a1d251977e9f459e5a,runs\main\saner-main-v1\service-qwen-plus\task-10836\rep-3\scores.json,8e3fe0679e271238bfb1b4d035c74320c9a4873870d660e0fd8d2f0a6e5ac605
1009,11212,2.6.26,Qwen3-14B,1,"B1,C2,B2,D1,C1,D2,A",complete,True,,runs\main\saner-main-v1\local-qwen3-14b\task-11212\rep-1\summary.json,1206988087deee33e3b87f7db946d73565747877d2e546f4151ff69fae3f8fb5,runs\main\saner-main-v1\local-qwen3-14b\task-11212\rep-1\scores.json,4f47fe586bbd7aaffa783ddedc2cb95d09e542074f07c81c56f8fc4b1edb4639
1010,11212,2.6.26,Qwen3-14B,2,"A,C1,D1,C2,D2,B1,B2",complete,True,,runs\main\saner-main-v1\local-qwen3-14b\task-11212\rep-2\summary.json,a294ece1504d926911952174a09468946241213a487f342609ebacc6e5d137c9,runs\main\saner-main-v1\local-qwen3-14b\task-11212\rep-2\scores.json,c8e1e09c8703feb7cadccdff6d78c25be397b6f45736a553f16ea9975ca34cea
1011,11212,2.6.26,Qwen3-14B,3,"D1,D2,A,C2,B1,C1,B2",complete,True,,runs\main\saner-main-v1\local-qwen3-14b\task-11212\rep-3\summary.json,bf8e5b39e5df088ed7ee55e3e0f9d74cc508a03b2541a5ad4394f2c9f1bd613b,runs\main\saner-main-v1\local-qwen3-14b\task-11212\rep-3\scores.json,562a47d84269ba3c160abc48b7d637fe71de8b53009f29c2b250f34f4003646a
1012,11212,2.6.26,qwen-plus-2025-12-01,1,"C1,D2,B2,B1,D1,C2,A",complete,True,,runs\main\saner-main-v1\service-qwen-plus\task-11212\rep-1\summary.json,320292bc0b23e18350a7495259d6c48254d714510d73f227332fbed216c4059f,runs\main\saner-main-v1\service-qwen-plus\task-11212\rep-1\scores.json,f952e86c5b2e96e1553b4916244c901f25e6b08dc1f0098db6cef5b854415296
1013,11212,2.6.26,qwen-plus-2025-12-01,2,"A,D1,B2,C2,B1,C1,D2",complete,True,,runs\main\saner-main-v1\service-qwen-plus\task-11212\rep-2\summary.json,264eb1e0b77b76f59bd9dcb842866d21bdb3737eaa24116cd3d007647446771b,runs\main\saner-main-v1\service-qwen-plus\task-11212\rep-2\scores.json,c4a2b6183614c738adb51a1cf010e0a2b0796aaf8e2de459b0ff82d281f3c9a3
1014,11212,2.6.26,qwen-plus-2025-12-01,3,"B2,A,B1,D2,D1,C1,C2",complete,True,,runs\main\saner-main-v1\service-qwen-plus\task-11212\rep-3\summary.json,6b1c14a87c52cd7e5f51d39a5fd8e8090cb3096d3c460cb1c1d8d83721333ea4,runs\main\saner-main-v1\service-qwen-plus\task-11212\rep-3\scores.json,db023c19688e869340fe45949749fbb167971cf00684ddab33cbd8096d4e766d
1015,196375,4.12,Qwen3-14B,1,"C1,B2,A,D1,C2,D2,B1",complete,True,,runs\main\saner-main-v1\local-qwen3-14b\task-196375\rep-1\summary.json,12b2e5f11224957a101dd25916e3b2e1601dfd680b8698ad7e27efb2623c9a97,runs\main\saner-main-v1\local-qwen3-14b\task-196375\rep-1\scores.json,1fb855b8b55084c7ce10ae268811d85ef6e0fdc8327efffe4a2333ed71d48e64
1016,196375,4.12,Qwen3-14B,2,"C2,C1,B2,B1,D1,D2,A",complete,True,,runs\main\saner-main-v1\local-qwen3-14b\task-196375\rep-2\summary.json,3c268b78de7ae1e526d618b2a8a35c012b863782118843ab455bb364d6a0af42,runs\main\saner-main-v1\local-qwen3-14b\task-196375\rep-2\scores.json,8a3ee0a8e2afbd2eecc0c8202fb2378890e4bdeff8c7a3a415557c252a2a2811
1017,196375,4.12,Qwen3-14B,3,"D1,B1,C2,B2,C1,D2,A",complete,True,,runs\main\saner-main-v1\local-qwen3-14b\task-196375\rep-3\summary.json,2ff56ec51f4c1dee77e13527dd4c80b64c024857c03fc4ae5900833aa7adc5f5,runs\main\saner-main-v1\local-qwen3-14b\task-196375\rep-3\scores.json,32178557558acae333804f9b053a1382a4dea141ed8ca75cbbe7bc31c05add2f
1018,196375,4.12,qwen-plus-2025-12-01,1,"D1,B2,A,C1,D2,C2,B1",complete,True,,runs\main\saner-main-v1\service-qwen-plus\task-196375\rep-1\summary.json,748b2008172fb2054caa5b772c55e884d18dce8532f163c754e3f48f992f710d,runs\main\saner-main-v1\service-qwen-plus\task-196375\rep-1\scores.json,563762a281bd03f732cad552401f2e11304fe3c92188261a7ef22c7931b0447a
1019,196375,4.12,qwen-plus-2025-12-01,2,"C1,D2,A,B1,B2,D1,C2",complete,True,,runs\main\saner-main-v1\service-qwen-plus\task-196375\rep-2\summary.json,ed4a62a2c0c5f11665af6d7e6c0d42590668af7146c13209486f03cd3961eae2,runs\main\saner-main-v1\service-qwen-plus\task-196375\rep-2\scores.json,e6bf4bad68bc6ff4dacbadf284693cf52513765defc9ac6505885cc6ece4ee84
1020,196375,4.12,qwen-plus-2025-12-01,3,"D2,C2,D1,C1,B2,B1,A",complete,True,,runs\main\saner-main-v1\service-qwen-plus\task-196375\rep-3\summary.json,d9099c0946e7bd8bbbbd34d6b9517bdd70ee8c0f171da255dc1660e298ae3a19,runs\main\saner-main-v1\service-qwen-plus\task-196375\rep-3\scores.json,ebbafa40505d4cf436b146df54edc2891a92cb34d1747301db6cc20b75676a34
1021,4781,2.6.12,Qwen3-14B,1,"A,D2,C2,B1,D1,C1,B2",complete,True,,runs\main\saner-main-v1\local-qwen3-14b\task-4781\rep-1\summary.json,90d6b5ba020d9dbb94e9d197787a888c49050086a8e673c4b466f4b3f6d50d54,runs\main\saner-main-v1\local-qwen3-14b\task-4781\rep-1\scores.json,d8065f7d122b72418babec71997f36300ea3bb7fc484458c37354a6f41e0ca4c
1022,4781,2.6.12,Qwen3-14B,2,"D1,B2,D2,B1,C2,C1,A",complete,True,,runs\main\saner-main-v1\local-qwen3-14b\task-4781\rep-2\summary.json,ad1a37811d7aabdaf825775f90bab53c02a4706b44e2c93352f047388c6fb626,runs\main\saner-main-v1\local-qwen3-14b\task-4781\rep-2\scores.json,3851de9bade4dd5ddb325e092cf3a1622a2f24027c5d54e0c4b7e4f77762e63b
1023,4781,2.6.12,Qwen3-14B,3,"C2,D2,B1,A,D1,B2,C1",complete,True,,runs\main\saner-main-v1\local-qwen3-14b\task-4781\rep-3\summary.json,460c317b5623a78f8d2cd9cef5e9391ba04bda460165760942a25664e2fdb09c,runs\main\saner-main-v1\local-qwen3-14b\task-4781\rep-3\scores.json,e06574ed25ea8918387688c21cad83a2b7f2616f1ce12c3f663c5628c16716a7
1024,4781,2.6.12,qwen-plus-2025-12-01,1,"C2,D1,D2,B1,B2,C1,A",complete,True,,runs\main\saner-main-v1\service-qwen-plus\task-4781\rep-1\summary.json,12544f165a353068fc2ca5288e33a209bb57ccebe7fdc42f37d40b0042518ccf,runs\main\saner-main-v1\service-qwen-plus\task-4781\rep-1\scores.json,5b88c732134ce3eaa2deb685ce76cfc2d0d655558a08be47e388060bb7100d86
1025,4781,2.6.12,qwen-plus-2025-12-01,2,"B1,D2,C1,A,C2,D1,B2",complete,True,,runs\main\saner-main-v1\service-qwen-plus\task-4781\rep-2\summary.json,c761f5b37b6b1395dbd817bd99ee570dbb97e2d0e47981466ccb23bc2d3fbfb1,runs\main\saner-main-v1\service-qwen-plus\task-4781\rep-2\scores.json,a44e02f04635ac694d12921953b0ae73ad215a0989d5227750c513dc2324eec1
1026,4781,2.6.12,qwen-plus-2025-12-01,3,"D1,D2,B1,A,C1,C2,B2",complete,True,,runs\main\saner-main-v1\service-qwen-plus\task-4781\rep-3\summary.json,cb956b19ff40acf8b856161feda7ce0fe87877a8fae7f0d878593fa072eb11b6,runs\main\saner-main-v1\service-qwen-plus\task-4781\rep-3\scores.json,8292df945fe84a26623ca36c624abc24acd23855040b3c486dc71d7773ac0a81
1027,12961,2.6.29,Qwen3-14B,1,"C2,B1,B2,A,D1,C1,D2",complete,True,,runs\main\saner-main-v1\local-qwen3-14b\task-12961\rep-1\summary.json,771140514264a2cc242c9db1b4036aa02e644e2e1e63ebc8d550c74c3ba816d8,runs\main\saner-main-v1\local-qwen3-14b\task-12961\rep-1\scores.json,88fe061adb706d1133ada1bcbb1e6d0d14c7750097fae4e96d68e4ce20f4b797
1028,12961,2.6.29,Qwen3-14B,2,"B1,D1,D2,C1,A,C2,B2",complete,True,,runs\main\saner-main-v1\local-qwen3-14b\task-12961\rep-2\summary.json,f4330469d0529005ad97df35ffff041315ac816c227c72b3a7dbbe4f1b8099af,runs\main\saner-main-v1\local-qwen3-14b\task-12961\rep-2\scores.json,2c95ec37935ff8acb4fc9ee00267b00193d3c28b64fed683d2b9e9ac56c48f75
1029,12961,2.6.29,Qwen3-14B,3,"C1,C2,D2,B2,D1,A,B1",complete,True,,runs\main\saner-main-v1\local-qwen3-14b\task-12961\rep-3\summary.json,bb061a414b633d33eebe6da9a032830e64e3e72aa18208832fc5be5e9b43cd5e,runs\main\saner-main-v1\local-qwen3-14b\task-12961\rep-3\scores.json,06b729cce566a8fb1c11137eb5f587c6e6980d9adad52b16f62c4585ec2aafda
1030,12961,2.6.29,qwen-plus-2025-12-01,1,"B2,D1,C2,B1,A,C1,D2",complete,True,,runs\main\saner-main-v1\service-qwen-plus\task-12961\rep-1\summary.json,4096a2445d5a7bd5630b8ec2257442b455283af2a3184ff7b533ec283bbd2a0a,runs\main\saner-main-v1\service-qwen-plus\task-12961\rep-1\scores.json,61ca0dfc4d86c8d181a3c912205bb00def11d4d77935b763203afaa63ee270b8
1031,12961,2.6.29,qwen-plus-2025-12-01,2,"B2,B1,C2,D1,D2,A,C1",complete,True,,runs\main\saner-main-v1\service-qwen-plus\task-12961\rep-2\summary.json,7a57e60fc4a1421a5d684b1ff9887ebbb9f04103ad4bb20c788ff50e15558cf8,runs\main\saner-main-v1\service-qwen-plus\task-12961\rep-2\scores.json,63b7732d919a35937ada5ed7d14fa37731c54957432b4e624cb533eaf29e1396
1032,12961,2.6.29,qwen-plus-2025-12-01,3,"C1,D1,D2,A,B1,B2,C2",complete,True,,runs\main\saner-main-v1\service-qwen-plus\task-12961\rep-3\summary.json,e29a0f03e732283c63dc3c846fb6df864b00dc3c34556700514069afef14c4ec,runs\main\saner-main-v1\service-qwen-plus\task-12961\rep-3\scores.json,6affee9e112d9c9a890e91eaa799b9eb85d48f7870ff0a291c79eef6397686b1
1033,8569,2.6.19,Qwen3-14B,1,"A,C1,D2,C2,B2,D1,B1",complete,True,,runs\main\saner-main-v1\local-qwen3-14b\task-8569\rep-1\summary.json,a79db52cdbfcf774a31da6a102941d99069a5f87e56e8dda3aa7b333ab1c7f52,runs\main\saner-main-v1\local-qwen3-14b\task-8569\rep-1\scores.json,76b68d7a7253360d4d86a8ea920ea90d18d4b20e82ec97e9b50db511e7391d61
1034,8569,2.6.19,Qwen3-14B,2,"D1,B1,C2,B2,C1,A,D2",complete,True,,runs\main\saner-main-v1\local-qwen3-14b\task-8569\rep-2\summary.json,53c2ca975fa45410cf988a39075f9e03b4c226d4415fc6045798561a59121d64,runs\main\saner-main-v1\local-qwen3-14b\task-8569\rep-2\scores.json,2e58e9c8631975950f7b3fc8884306e6c67af772907aaff4c3cfad930d038614
1035,8569,2.6.19,Qwen3-14B,3,"A,D2,C1,C2,B1,B2,D1",complete,True,,runs\main\saner-main-v1\local-qwen3-14b\task-8569\rep-3\summary.json,6944f2d61cdccdf09fef5c9ace14d52f141807be1d73faf9f02efb7bc5a92782,runs\main\saner-main-v1\local-qwen3-14b\task-8569\rep-3\scores.json,bd8d182687fb7864b8c8fda639053164d400b4425ef3b81c1706270bd4ceb155
1036,8569,2.6.19,qwen-plus-2025-12-01,1,"B1,D2,B2,D1,C2,A,C1",complete,True,,runs\main\saner-main-v1\service-qwen-plus\task-8569\rep-1\summary.json,45aadd31880559240706d3018fbdef70da452b6522f1548457c95b73c1516087,runs\main\saner-main-v1\service-qwen-plus\task-8569\rep-1\scores.json,f8b21e8981b7dc358e5a22b7e8caa60fd79d019accc4d89fcbbb88accb043558
1037,8569,2.6.19,qwen-plus-2025-12-01,2,"C1,D2,B1,B2,A,C2,D1",complete,True,,runs\main\saner-main-v1\service-qwen-plus\task-8569\rep-2\summary.json,c6b84d30202076f8e9474c4784a7bfdb50506bc6a612dae5ad4071cc652be4fa,runs\main\saner-main-v1\service-qwen-plus\task-8569\rep-2\scores.json,b1cb13b299b969b10a409bd485e9f87753854eca37b06311155da121e74b5f27
1038,8569,2.6.19,qwen-plus-2025-12-01,3,"B1,B2,A,D1,D2,C1,C2",complete,True,,runs\main\saner-main-v1\service-qwen-plus\task-8569\rep-3\summary.json,53e781bbc86b027dfbf6921a9d3c3b07db871c967dbec6dfeec33bc41b00e677,runs\main\saner-main-v1\service-qwen-plus\task-8569\rep-3\scores.json,3b101358dfb2e79dbc3240c4fb9dd3cf0a08e439c673411f074226b003e89b55
1039,12061,2.6.28-rc5,Qwen3-14B,1,"D1,B1,C1,A,B2,D2,C2",complete,True,,runs\main\saner-main-v1\local-qwen3-14b\task-12061\rep-1\summary.json,e4d8da75c144a7f87a21a787d29d26e58aec5d0931a2bad7f1c005d89462f00c,runs\main\saner-main-v1\local-qwen3-14b\task-12061\rep-1\scores.json,51762f967a854d92d1b5fcdb5546e1d5e5c9930bd4e3fb546acd94de178905c8
1040,12061,2.6.28-rc5,Qwen3-14B,2,"B1,A,C1,D2,C2,B2,D1",complete,True,,runs\main\saner-main-v1\local-qwen3-14b\task-12061\rep-2\summary.json,4ecc472b0107cc250e46084ce98a17a2e0a14d0174d1304ba0c6d82f6b65272e,runs\main\saner-main-v1\local-qwen3-14b\task-12061\rep-2\scores.json,fb31f122407f4acf6d961b6fd8dda2597ffb0f4f24c03e02ca95a562900455b6
1041,12061,2.6.28-rc5,Qwen3-14B,3,"C1,B1,C2,D2,D1,A,B2",complete,True,,runs\main\saner-main-v1\local-qwen3-14b\task-12061\rep-3\summary.json,e338dcf77c55e3582832b289ad8336a131637ea515ad0a09399c3d829e9689a5,runs\main\saner-main-v1\local-qwen3-14b\task-12061\rep-3\scores.json,ec8e9b72f444d40c0609ccc8c039dfcf50b497a599fb716b3f61fd44d04d3be3
1042,12061,2.6.28-rc5,qwen-plus-2025-12-01,1,"B1,C2,D1,C1,A,D2,B2",complete,True,,runs\main\saner-main-v1\service-qwen-plus\task-12061\rep-1\summary.json,59b5b4bc523de2a01ee27bb93a9580723212f5a7e8b2e655ce8a80ea76e47dcd,runs\main\saner-main-v1\service-qwen-plus\task-12061\rep-1\scores.json,39f11f6cd36726679fdf00ccb7d40e4af18fd9bc4bffea7426edd4265409d38f
1043,12061,2.6.28-rc5,qwen-plus-2025-12-01,2,"C1,B1,D1,C2,B2,D2,A",complete,True,,runs\main\saner-main-v1\service-qwen-plus\task-12061\rep-2\summary.json,3496e49d6be331ab4398138ce8adb3194e8b1a6fc4b4b2ad1128b7f30f1ab13b,runs\main\saner-main-v1\service-qwen-plus\task-12061\rep-2\scores.json,4ca464d9383f3cb311ab48fd120bcc7199fd798a0807971b154cb7b614e6b1b6
1044,12061,2.6.28-rc5,qwen-plus-2025-12-01,3,"C1,C2,D1,B1,B2,D2,A",complete,True,,runs\main\saner-main-v1\service-qwen-plus\task-12061\rep-3\summary.json,d7e2139e5fb9bdbc67336be7af57824cb916f9b5fe6989697b86e14ecc901361,runs\main\saner-main-v1\service-qwen-plus\task-12061\rep-3\scores.json,4478aeb6b6697ae1a3e15bc1341af8a969d7d5fc22a8701938f69bac9d045036
1045,9747,2.6.24-rc7,Qwen3-14B,1,"C2,B1,C1,D2,D1,B2,A",complete,True,,runs\main\saner-main-v1\local-qwen3-14b\task-9747\rep-1\summary.json,616302ac1b8bbaa610840775466b2acbea4c9bce26b702f7cbf45ed33a12f302,runs\main\saner-main-v1\local-qwen3-14b\task-9747\rep-1\scores.json,41e42d72889d1a360357df0318db2a8fd6488be553c0c5271797dda278785f36
1046,9747,2.6.24-rc7,Qwen3-14B,2,"C1,D1,B2,C2,B1,A,D2",complete,True,,runs\main\saner-main-v1\local-qwen3-14b\task-9747\rep-2\summary.json,09bf847cfff9bc355cede3f21f721e27b27e251e84818e28de79a97ab38ed1c0,runs\main\saner-main-v1\local-qwen3-14b\task-9747\rep-2\scores.json,9fc7e244f06fa11062940fd11eb64a4ee6ccbc309ea595c13086b7b6c3d8f96f
1047,9747,2.6.24-rc7,Qwen3-14B,3,"A,C2,B2,B1,D1,D2,C1",complete,True,,runs\main\saner-main-v1\local-qwen3-14b\task-9747\rep-3\summary.json,63c76aab6204a4dd46d0df3c3df68be1ee5a4ab27f5b308a3cba0781b1d3ebbb,runs\main\saner-main-v1\local-qwen3-14b\task-9747\rep-3\scores.json,0b2c6afe36540ff35b7631f64196d1c113f3f79c01086c35ce1ce7f5611c362d
1048,9747,2.6.24-rc7,qwen-plus-2025-12-01,1,"B1,D1,B2,A,D2,C2,C1",complete,True,,runs\main\saner-main-v1\service-qwen-plus\task-9747\rep-1\summary.json,d11fcff942daa42c84d7a7365a4c0624212ce006cbaed6f9b0c0b5b577ccffc7,runs\main\saner-main-v1\service-qwen-plus\task-9747\rep-1\scores.json,a1b908a0ec7c37ab036ce7704ae2ecd41d0158d25f8474a3a5c05fbcfbeffe34
1049,9747,2.6.24-rc7,qwen-plus-2025-12-01,2,"D1,C2,D2,B2,C1,A,B1",complete,True,,runs\main\saner-main-v1\service-qwen-plus\task-9747\rep-2\summary.json,9686262a7951838a114cecaad568bebf82c5dbcbaabc8c6c17ca564cd338cf5d,runs\main\saner-main-v1\service-qwen-plus\task-9747\rep-2\scores.json,1bcc70e9998e2e56ea805d5ee90273c463e22b25e76df935e74cdb732a8d9ac4
1050,9747,2.6.24-rc7,qwen-plus-2025-12-01,3,"D2,B1,A,D1,C2,B2,C1",complete,True,,runs\main\saner-main-v1\service-qwen-plus\task-9747\rep-3\summary.json,cd928a85166628de919986761a2e787893f14c1c159a711996b67a9c33c0918c,runs\main\saner-main-v1\service-qwen-plus\task-9747\rep-3\scores.json,6fb4b68d0942fd533b160d61c29c8999619d8a9a1f2e6dc31f60246f0fa8f461
1051,3108,2.6.7,Qwen3-14B,1,"D2,D1,C1,B1,C2,B2,A",complete,True,,runs\main\saner-main-v1\local-qwen3-14b\task-3108\rep-1\summary.json,adcc78b014add57043860c27a70037856c782732553aeed07d3d64f0a58a0e2b,runs\main\saner-main-v1\local-qwen3-14b\task-3108\rep-1\scores.json,e69a27d356eed97cf121e47c2d8f1b431097fa5265310cf9eb5d5c7ac2447a64
1052,3108,2.6.7,Qwen3-14B,2,"A,D1,B2,C1,B1,D2,C2",complete,True,,runs\main\saner-main-v1\local-qwen3-14b\task-3108\rep-2\summary.json,41ff9b8859bdcf5bdcfa2aa708056810eb7643997a4174eaf1ce0249191a8909,runs\main\saner-main-v1\local-qwen3-14b\task-3108\rep-2\scores.json,bd86848aeda743dcd33226e49f59b9e2de8110fa3e2ea40604caeaa64f125c54
1053,3108,2.6.7,Qwen3-14B,3,"B2,C1,A,D2,D1,C2,B1",complete,True,,runs\main\saner-main-v1\local-qwen3-14b\task-3108\rep-3\summary.json,1eba8af3fac901072cbcbd6c8b24d1e3d245f629441c930eeaf90bb3881454af,runs\main\saner-main-v1\local-qwen3-14b\task-3108\rep-3\scores.json,69bab9132f265a95ee665ce81598c133ab0b1af705f594047c7b8954fbec0a1f
1054,3108,2.6.7,qwen-plus-2025-12-01,1,"A,C1,B1,D1,B2,C2,D2",complete,True,,runs\main\saner-main-v1\service-qwen-plus\task-3108\rep-1\summary.json,01824eccfba32ef48ec078149eed326ba39797d2720392bad68062aac550fcf9,runs\main\saner-main-v1\service-qwen-plus\task-3108\rep-1\scores.json,1965c63ea16365d4537f52af8740800ab41cc081c358545e659633e7e46416fb
1055,3108,2.6.7,qwen-plus-2025-12-01,2,"B1,A,C2,B2,D2,D1,C1",complete,True,,runs\main\saner-main-v1\service-qwen-plus\task-3108\rep-2\summary.json,246415ec7a40497660734a58338406ff64ff4156a6fd4b48c2f13432bc82a701,runs\main\saner-main-v1\service-qwen-plus\task-3108\rep-2\scores.json,2e581b3649ef7792ef490c16fdba992a61f97708f2f4110c57fbe10233b6a166
1056,3108,2.6.7,qwen-plus-2025-12-01,3,"A,C2,D2,B2,D1,B1,C1",complete,True,,runs\main\saner-main-v1\service-qwen-plus\task-3108\rep-3\summary.json,5bd81e88354b55eb99946514db91854cc990bd2dd4835aaa0559b7cd46abd822,runs\main\saner-main-v1\service-qwen-plus\task-3108\rep-3\scores.json,564593a126b1d62131b001f1b9d2e937118e774b50f8b1271ceac96d99954b83
1057,7487,2.6.19,Qwen3-14B,1,"C2,D2,C1,D1,A,B2,B1",complete,True,,runs\main\saner-main-v1\local-qwen3-14b\task-7487\rep-1\summary.json,c1a9c7aea000a3f28b85b742e67a9621fb4a1be187c2bd700264ef622144d111,runs\main\saner-main-v1\local-qwen3-14b\task-7487\rep-1\scores.json,726563f727d4304d9b93dede7aed63af95db21392494fd069eb5281185ec1d0e
1058,7487,2.6.19,Qwen3-14B,2,"B2,D2,C1,A,B1,D1,C2",complete,True,,runs\main\saner-main-v1\local-qwen3-14b\task-7487\rep-2\summary.json,ebb2324c19280a78305606286d4ae25177e4f3f44a58112e7c88b4cb55557b60,runs\main\saner-main-v1\local-qwen3-14b\task-7487\rep-2\scores.json,be773ace2c04a53e74434da4d8710aec6fd947cbf91298106beea5eea6f48f88
1059,7487,2.6.19,Qwen3-14B,3,"B1,D1,D2,C1,B2,A,C2",complete,True,,runs\main\saner-main-v1\local-qwen3-14b\task-7487\rep-3\summary.json,a9135d522a2f8ff013243188ab8221e4d07e023f2a5451c2bd92cef057543703,runs\main\saner-main-v1\local-qwen3-14b\task-7487\rep-3\scores.json,2920a5ba590d2622893569c467eeb583e0bb087b130623e253adbe9c1b8d2098
1060,7487,2.6.19,qwen-plus-2025-12-01,1,"C1,D2,D1,B1,B2,A,C2",complete,True,,runs\main\saner-main-v1\service-qwen-plus\task-7487\rep-1\summary.json,3a5d8ff8eb39165ecf99018ac75b9e13b78e2a413c51c8ca0f4cedc0323da68a,runs\main\saner-main-v1\service-qwen-plus\task-7487\rep-1\scores.json,e8f7a4960192bc809bd2f727f81f2b21f607113a26d3cb20c7552b20894002c8
1061,7487,2.6.19,qwen-plus-2025-12-01,2,"D2,D1,C1,B1,B2,A,C2",complete,True,,runs\main\saner-main-v1\service-qwen-plus\task-7487\rep-2\summary.json,bea2e3c1e54029de6b1e4eec14a3c3fcc0fbe4f1f5d99304a3cc4286a9a92a2e,runs\main\saner-main-v1\service-qwen-plus\task-7487\rep-2\scores.json,54ccbf245efcf24e272eb878a7f3bdcc843579a42113c083904fc59945004ec1
1062,7487,2.6.19,qwen-plus-2025-12-01,3,"A,B2,C1,D1,D2,C2,B1",complete,True,,runs\main\saner-main-v1\service-qwen-plus\task-7487\rep-3\summary.json,6003fc3f1ed3731e2badede4b16bd2c16cffd4220aec73fa05467895466c940d,runs\main\saner-main-v1\service-qwen-plus\task-7487\rep-3\scores.json,2f763f05371e74793a5e8146597c2ee3fe209235be6dbb08c5b47eef173bbf1b
1063,31572,2.6.38-rc2,Qwen3-14B,1,"C1,A,D2,B2,D1,B1,C2",complete,True,,runs\main\saner-main-v1\local-qwen3-14b\task-31572\rep-1\summary.json,ad49a1050ab16a2b8ea1347b916006751b1dc825041f650cb4e38fb94087bd64,runs\main\saner-main-v1\local-qwen3-14b\task-31572\rep-1\scores.json,8385687067c4f8c504f66dcc2eaac0f85522cf2c04bf946dd1216983b12604c7
1064,31572,2.6.38-rc2,Qwen3-14B,2,"C1,A,C2,D1,B1,D2,B2",complete,True,,runs\main\saner-main-v1\local-qwen3-14b\task-31572\rep-2\summary.json,856ac2d8b60d2ef6e04f2646eb4b5ca767c4c7605e16d9a7b2bbd3da32a823c6,runs\main\saner-main-v1\local-qwen3-14b\task-31572\rep-2\scores.json,a520f62b5278cf8e8b44ad6cc06c22fc5e5384501aff581a56f0ad3f7bb06206
1065,31572,2.6.38-rc2,Qwen3-14B,3,"B1,D2,A,B2,D1,C1,C2",complete,True,,runs\main\saner-main-v1\local-qwen3-14b\task-31572\rep-3\summary.json,73b82ee5fd70b4e1c94c605edc290888b8a5d8e152a93a8039afa325f9d9dc1f,runs\main\saner-main-v1\local-qwen3-14b\task-31572\rep-3\scores.json,1d8f48aa308c3191d2e6642a0ac064aebff9d11c428e469db39c59e2a4682e8d
1066,31572,2.6.38-rc2,qwen-plus-2025-12-01,1,"C2,C1,B1,D2,D1,B2,A",complete,True,,runs\main\saner-main-v1\service-qwen-plus\task-31572\rep-1\summary.json,71e7c7e1e977cffd449bbf9b5b07d97d4a633bab64efd1e0162c862739894203,runs\main\saner-main-v1\service-qwen-plus\task-31572\rep-1\scores.json,b62d306401dc5b220b14fea411a4000699b84534f465aa49a78f5c75b6f49ef1
1067,31572,2.6.38-rc2,qwen-plus-2025-12-01,2,"C1,A,D2,B1,B2,D1,C2",complete,True,,runs\main\saner-main-v1\service-qwen-plus\task-31572\rep-2\summary.json,7b9c4fb61e824ffe6daf492b5338753eff60a20c234958c4b1e01e4a131a9831,runs\main\saner-main-v1\service-qwen-plus\task-31572\rep-2\scores.json,94bdabec566800999a597b48567c14144de855cdd614e79ffb18131677018dbd
1068,31572,2.6.38-rc2,qwen-plus-2025-12-01,3,"B2,D2,C1,C2,D1,B1,A",complete,True,,runs\main\saner-main-v1\service-qwen-plus\task-31572\rep-3\summary.json,84becede45792756a708ec39a34b8179d92af7e3423a78444a14579ce4dc91e2,runs\main\saner-main-v1\service-qwen-plus\task-31572\rep-3\scores.json,42d12d19aa957c6d1bf32024e309dfd1c1272105ad974e003dfe07ec20d9b9ca
1069,5553,2.6.14,Qwen3-14B,1,"C1,C2,A,D1,B1,D2,B2",complete,True,,runs\main\saner-main-v1\local-qwen3-14b\task-5553\rep-1\summary.json,0c2fe61c32cd15851cff39a3fa8b6905b97c70c8e97e827a606b10b659cc09d0,runs\main\saner-main-v1\local-qwen3-14b\task-5553\rep-1\scores.json,7d5c0a994ae0adcefd8cc7d3cac68baca095e89d96456bce524bf36702807580
1070,5553,2.6.14,Qwen3-14B,2,"D1,D2,C2,B1,B2,C1,A",complete,True,,runs\main\saner-main-v1\local-qwen3-14b\task-5553\rep-2\summary.json,67b4a74ec675b7c5e909074e2dbad20972005712ede0ea2494d240b913e61a3d,runs\main\saner-main-v1\local-qwen3-14b\task-5553\rep-2\scores.json,f5a31efdb5f8c015141d7ed0e1131c1bfb82dbc2979462742ef0f2b5a8787b29
1071,5553,2.6.14,Qwen3-14B,3,"B1,A,D2,C2,D1,C1,B2",complete,True,,runs\main\saner-main-v1\local-qwen3-14b\task-5553\rep-3\summary.json,730530a43c52db99881ca5d9219c204b680887a7260d4ed34c355c67b976fa7e,runs\main\saner-main-v1\local-qwen3-14b\task-5553\rep-3\scores.json,4b098a54a2dc001d30f0db2c176c5d7afa50d4b6607bbe2552781288c5808a07
1072,5553,2.6.14,qwen-plus-2025-12-01,1,"A,C1,B1,D2,C2,B2,D1",complete,True,,runs\main\saner-main-v1\service-qwen-plus\task-5553\rep-1\summary.json,5dddfd6cb7ac56c418dfdd9658d9218742a1f274d9aa68db0b6161ba9ad241de,runs\main\saner-main-v1\service-qwen-plus\task-5553\rep-1\scores.json,10b1b46112fc2af435ffe57509137f83fabc2f33e262c6e2abd75c818a3f96ad
1073,5553,2.6.14,qwen-plus-2025-12-01,2,"D1,A,D2,B2,B1,C1,C2",complete,True,,runs\main\saner-main-v1\service-qwen-plus\task-5553\rep-2\summary.json,f3f0cf37ec3faa183f4246842eab060d689fa1c2587b3361b661f5a7a142eb31,runs\main\saner-main-v1\service-qwen-plus\task-5553\rep-2\scores.json,c487b0467adf12182f0f4fb95434e52035321f4f2b2300d92b4f0d257f19591a
1074,5553,2.6.14,qwen-plus-2025-12-01,3,"C2,B1,C1,B2,D1,A,D2",complete,True,,runs\main\saner-main-v1\service-qwen-plus\task-5553\rep-3\summary.json,f64016823ce0ba11e209b549e666c9be7a0c49f4124730a59706f1ad7ac6bbb0,runs\main\saner-main-v1\service-qwen-plus\task-5553\rep-3\scores.json,70c7245d2a5ddb21e7d57ae06d4cc9d835aec351fc858e7542d73650f0e9629a
1075,14329,2.6.31,Qwen3-14B,1,"C1,B2,C2,B1,D1,D2,A",complete,True,,runs\main\saner-main-v1\local-qwen3-14b\task-14329\rep-1\summary.json,832e16424c15ad4ca27cc16eb4805f28392a2714aa1659ab612148ba03a5abb7,runs\main\saner-main-v1\local-qwen3-14b\task-14329\rep-1\scores.json,50e8d9728219574707661b0bafaaacd294a158f673e871b3e9ecc68522822581
1076,14329,2.6.31,Qwen3-14B,2,"C1,A,D2,C2,B2,B1,D1",complete,True,,runs\main\saner-main-v1\local-qwen3-14b\task-14329\rep-2\summary.json,33498dc347b1efa4e4c1ab147f1751d2dd4e39e3c226962c1725ed193b38f2e3,runs\main\saner-main-v1\local-qwen3-14b\task-14329\rep-2\scores.json,203ac18839de5aef8904f7520aefb7a160ef07c36e2e4863a39181cfb18b56dd
1077,14329,2.6.31,Qwen3-14B,3,"C1,A,B2,C2,D2,D1,B1",complete,True,,runs\main\saner-main-v1\local-qwen3-14b\task-14329\rep-3\summary.json,e699efd335d7d1d733b663f6e60257893287517599d72ca78a0d93f3c85d5244,runs\main\saner-main-v1\local-qwen3-14b\task-14329\rep-3\scores.json,04cd55841a105611971dd18ff0af668da90d9d016427d7f53f0e464152e9a188
1078,14329,2.6.31,qwen-plus-2025-12-01,1,"D1,B1,B2,D2,A,C2,C1",complete,True,,runs\main\saner-main-v1\service-qwen-plus\task-14329\rep-1\summary.json,0644bb5d4820c65d7bcb470549f99343a08dfc49baacd61b758e8ed60148d475,runs\main\saner-main-v1\service-qwen-plus\task-14329\rep-1\scores.json,84303cdba1cf6264723e156e0111e2695e3b75b97334c468078c26dbc89725ee
1079,14329,2.6.31,qwen-plus-2025-12-01,2,"D2,B1,C1,D1,B2,A,C2",complete,True,,runs\main\saner-main-v1\service-qwen-plus\task-14329\rep-2\summary.json,61eb520bd9a956d620359794623e6a958eea83fe26b968f6eb5e625a2436bf90,runs\main\saner-main-v1\service-qwen-plus\task-14329\rep-2\scores.json,8c61b621396f37f267a81023323d846ea05a36694a81c174bf268509ff51fd0d
1080,14329,2.6.31,qwen-plus-2025-12-01,3,"D1,C1,A,B2,C2,B1,D2",complete,True,,runs\main\saner-main-v1\service-qwen-plus\task-14329\rep-3\summary.json,162b499b74084ed90a524355d2d888a371dbf21c44eeda56cd608a722db17b2e,runs\main\saner-main-v1\service-qwen-plus\task-14329\rep-3\scores.json,30383f00c9afd82428e541dd424db6d71365f92158d06ed058ec1bc4d9d5e502
1081,9643,2.6.24,Qwen3-14B,1,"A,B1,C2,C1,D2,B2,D1",complete,True,,runs\main\saner-main-v1\local-qwen3-14b\task-9643\rep-1\summary.json,7dd38cb5b25c33ab6c499b4cd4ae1a257223c2c96e18302a1503930b3c800330,runs\main\saner-main-v1\local-qwen3-14b\task-9643\rep-1\scores.json,cbc33ceac34a5ee9f85a4928563820b2039f280c018c1fec83a9db691087579c
1082,9643,2.6.24,Qwen3-14B,2,"D1,B1,B2,C2,A,D2,C1",complete,True,,runs\main\saner-main-v1\local-qwen3-14b\task-9643\rep-2\summary.json,d6f6b2ec90abd9941d10a9e10cbcbfb485b7903200605476342770ed3b3ec418,runs\main\saner-main-v1\local-qwen3-14b\task-9643\rep-2\scores.json,b2c1318d54fea0bde3e264b3e9cf6fa38aacb479ea447f438c840e39d6bd730a
1083,9643,2.6.24,Qwen3-14B,3,"A,D1,B1,C1,D2,B2,C2",complete,True,,runs\main\saner-main-v1\local-qwen3-14b\task-9643\rep-3\summary.json,ff47eac184a975aec3a787dc406c1267a4b3a56e0c510f1153993a1fccd480c8,runs\main\saner-main-v1\local-qwen3-14b\task-9643\rep-3\scores.json,98d09b36081bde461051cffa66138aaaa65198c2de614a1995d8b550236d1eba
1084,9643,2.6.24,qwen-plus-2025-12-01,1,"D2,B2,D1,B1,A,C2,C1",complete,True,,runs\main\saner-main-v1\service-qwen-plus\task-9643\rep-1\summary.json,38bfcca32c0d2f698a3e5182f3da95a6be6b55565b739f062f674bb20fc08533,runs\main\saner-main-v1\service-qwen-plus\task-9643\rep-1\scores.json,863f7cc292abde46b634adae22a2624dcdacd837508ba0f7597c44e7a92bc758
1085,9643,2.6.24,qwen-plus-2025-12-01,2,"A,D2,B1,C1,D1,C2,B2",complete,True,,runs\main\saner-main-v1\service-qwen-plus\task-9643\rep-2\summary.json,acda86cdde4a2888d41a4ce3f671f1bf8afd4d921d04e1e4ba9ad8b303756f65,runs\main\saner-main-v1\service-qwen-plus\task-9643\rep-2\scores.json,3b7d250f0d4b85d2a2c7491db8d1d9b0ad709369af7370c13227f1ab60bf3c77
1086,9643,2.6.24,qwen-plus-2025-12-01,3,"B2,C1,D1,B1,C2,D2,A",complete,True,,runs\main\saner-main-v1\service-qwen-plus\task-9643\rep-3\summary.json,d69139253452833eb0bb780b11c3908a62523dcd85440c3caaa307eba3fa00b0,runs\main\saner-main-v1\service-qwen-plus\task-9643\rep-3\scores.json,a51617329fa5fab8dcf5498245858fc0c0c769275b7e4b091603832a20914b9a
1087,24312,2.6.37-rc3,Qwen3-14B,1,"B2,D2,A,D1,C1,B1,C2",complete,True,,runs\main\saner-main-v1\local-qwen3-14b\task-24312\rep-1\summary.json,d789bde0c15ca03037befe421d07600216b7dc14a366d822db2d2308a350b382,runs\main\saner-main-v1\local-qwen3-14b\task-24312\rep-1\scores.json,b84c8e6279ebc9f3e2348cedd0f624ae63fcf3434a029d8c8809ffc67b11313b
1088,24312,2.6.37-rc3,Qwen3-14B,2,"D1,D2,B1,B2,C1,C2,A",complete,True,,runs\main\saner-main-v1\local-qwen3-14b\task-24312\rep-2\summary.json,d4c6b8a234b3a99604625347e5fd69ca3174ffe920312164cf385b0be3ba910f,runs\main\saner-main-v1\local-qwen3-14b\task-24312\rep-2\scores.json,ddb0307bc5d7856bb466efe50cc9bb280186ff900c0e9a15cf6ababc09488df3
1089,24312,2.6.37-rc3,Qwen3-14B,3,"C1,C2,B2,D1,D2,A,B1",complete,True,,runs\main\saner-main-v1\local-qwen3-14b\task-24312\rep-3\summary.json,d82a859519ecd1596880a7c50e89d62cd0020cb4c33a2863220eb3eeee7c35e7,runs\main\saner-main-v1\local-qwen3-14b\task-24312\rep-3\scores.json,1e25727fcdbedb7f3a28fa6cdcfec9ebb9ba3fea38ff427378bc22f9a0685144
1090,24312,2.6.37-rc3,qwen-plus-2025-12-01,1,"C2,B2,C1,D2,A,B1,D1",complete,True,,runs\main\saner-main-v1\service-qwen-plus\task-24312\rep-1\summary.json,2f7ced11eac92dc9d6b872f230ad61e70c1037712d4905ad64dd14ab7f8b9cd0,runs\main\saner-main-v1\service-qwen-plus\task-24312\rep-1\scores.json,880060ccaad2abeafb8688aa6e093b8c9f72f579c374f2174ca7dccfc80e82c3
1091,24312,2.6.37-rc3,qwen-plus-2025-12-01,2,"D1,C1,A,D2,B1,B2,C2",complete,True,,runs\main\saner-main-v1\service-qwen-plus\task-24312\rep-2\summary.json,2720a01fb0e7d1ba8d6c234347c0acea577dfbd2a8439bcb883fae54e4d114a1,runs\main\saner-main-v1\service-qwen-plus\task-24312\rep-2\scores.json,26f0313f4dd0c8c62afc51db1ca08c38b53cff664a47798175b182b235baae52
1092,24312,2.6.37-rc3,qwen-plus-2025-12-01,3,"D2,B2,D1,C1,A,C2,B1",complete,True,,runs\main\saner-main-v1\service-qwen-plus\task-24312\rep-3\summary.json,dc1881717f31c2f54c6aaf2481801646793466e28a694bb51efc367023354f4b,runs\main\saner-main-v1\service-qwen-plus\task-24312\rep-3\scores.json,fdacd9726a8e7a367ac1a6815a963cc284ffd5a9d5d91b7f3c03a84a3b0a60d4
1093,10507,2.6.24,Qwen3-14B,1,"D1,C2,D2,B1,A,B2,C1",complete,True,,runs\main\saner-main-v1\local-qwen3-14b\task-10507\rep-1\summary.json,a199aaefce5677618210984a1a7506e020d7df3aefa1332cd5d3cf1f9d161682,runs\main\saner-main-v1\local-qwen3-14b\task-10507\rep-1\scores.json,cbed63908245ef14086a12486191b9122a59d45e38472f38ada02501a6d58905
1094,10507,2.6.24,Qwen3-14B,2,"B2,A,C1,C2,D1,D2,B1",complete,True,,runs\main\saner-main-v1\local-qwen3-14b\task-10507\rep-2\summary.json,cbaf33494cedc6bc7042905104ba005a2e5f92b8b9007ec346085800ae6cd826,runs\main\saner-main-v1\local-qwen3-14b\task-10507\rep-2\scores.json,dae088a8d230cad4389e666b63b0dab41637241d2ac063c472e3f090a64eda3e
1095,10507,2.6.24,Qwen3-14B,3,"B2,C2,C1,A,D2,B1,D1",complete,True,,runs\main\saner-main-v1\local-qwen3-14b\task-10507\rep-3\summary.json,b591f21a1d372bfa73ad11f9febe1f84e485f4fd1ee32fa910a9ec3ada69f89a,runs\main\saner-main-v1\local-qwen3-14b\task-10507\rep-3\scores.json,89130d1dc90a3e8a720122fd63791bce673ee37584973fde1459ad2943d8e743
1096,10507,2.6.24,qwen-plus-2025-12-01,1,"B1,D1,D2,B2,C1,A,C2",complete,True,,runs\main\saner-main-v1\service-qwen-plus\task-10507\rep-1\summary.json,3826c9cc698b9c34071ef3762156364fa63db5b03a045e8a6d610ec7860d3ed7,runs\main\saner-main-v1\service-qwen-plus\task-10507\rep-1\scores.json,e6430900b5d33626e6eb897c0846c05a1369ef4e485e09949b722fab7327302d
1097,10507,2.6.24,qwen-plus-2025-12-01,2,"C2,D1,B1,A,B2,C1,D2",complete,True,,runs\main\saner-main-v1\service-qwen-plus\task-10507\rep-2\summary.json,afcde743c82bba68f352c558ea92feb8d7501d579ccd8d4d13108ffa0dceb84b,runs\main\saner-main-v1\service-qwen-plus\task-10507\rep-2\scores.json,534f8e9a254b9598cbabe4ef5aac727b426d683c8c1fcbe16a6514f20e1e7eab
1098,10507,2.6.24,qwen-plus-2025-12-01,3,"D2,C2,A,B2,B1,C1,D1",complete,True,,runs\main\saner-main-v1\service-qwen-plus\task-10507\rep-3\summary.json,795b62bc9909dc581362f148b858ac1014c4eda6454f3aa96ca444e48b313faf,runs\main\saner-main-v1\service-qwen-plus\task-10507\rep-3\scores.json,f42dec947cb33baee23bdf611cda33013610610717a13a7a4bdd8a8091ee1f4a
1099,11926,2.6.30.1,Qwen3-14B,1,"D2,C1,D1,A,C2,B1,B2",complete,True,,runs\main\saner-main-v1\local-qwen3-14b\task-11926\rep-1\summary.json,09171737e82359a65d85daa82716ac640743989d4d54e03bf258bd5dcd6c80ef,runs\main\saner-main-v1\local-qwen3-14b\task-11926\rep-1\scores.json,aa1cab7ec1a35726e12fb7f3e637b2ec15720e287ec2e578b540542a18f5c8bb
1100,11926,2.6.30.1,Qwen3-14B,2,"D2,C1,B2,C2,A,B1,D1",complete,True,,runs\main\saner-main-v1\local-qwen3-14b\task-11926\rep-2\summary.json,1804113fb68b0f469535f1274a94a11f7d3010947ef02914d59156b71da93b1c,runs\main\saner-main-v1\local-qwen3-14b\task-11926\rep-2\scores.json,56d45c179c2deadec66ab1d45b34e3e7a2600556f2cb3c400982b3faa3c1b7f7
1101,11926,2.6.30.1,Qwen3-14B,3,"C2,B2,B1,A,C1,D2,D1",complete,True,,runs\main\saner-main-v1\local-qwen3-14b\task-11926\rep-3\summary.json,af224ab029fa372b7b6378a58193e173fa9d9b76b5b97c892a986844ee114abb,runs\main\saner-main-v1\local-qwen3-14b\task-11926\rep-3\scores.json,42c96d25da5e247d668009733e86efc596696828830e5a73a4e469393347417f
1102,11926,2.6.30.1,qwen-plus-2025-12-01,1,"A,B2,D1,B1,D2,C2,C1",complete,True,,runs\main\saner-main-v1\service-qwen-plus\task-11926\rep-1\summary.json,1ea520a2f4fe60703a217b6413b3f14f2ec9169e1435d04308bac9524daae682,runs\main\saner-main-v1\service-qwen-plus\task-11926\rep-1\scores.json,0501b0a97fd21126483bc4ac49f5ee347cad1e7bbe58284c37acfed3dbcab68a
1103,11926,2.6.30.1,qwen-plus-2025-12-01,2,"B1,B2,C1,D1,D2,C2,A",complete,True,,runs\main\saner-main-v1\service-qwen-plus\task-11926\rep-2\summary.json,fc20b26bc1bedaf413e3cb72717961922dd89822a1bee8545a880139d7402c5e,runs\main\saner-main-v1\service-qwen-plus\task-11926\rep-2\scores.json,b54d80cbe5a7a0bfbae4a45b80f0ff821379474a1d6842b0bdf22494ed4246cc
1104,11926,2.6.30.1,qwen-plus-2025-12-01,3,"C1,B1,A,B2,D2,D1,C2",complete,True,,runs\main\saner-main-v1\service-qwen-plus\task-11926\rep-3\summary.json,f2c0caba978593f06d44aeaca74af6c325553731b708c9f5882471a3490324d1,runs\main\saner-main-v1\service-qwen-plus\task-11926\rep-3\scores.json,f5d3737fc165b5b49c856a1ffce0a6071defc28249a3d6312f6cee9ffb542399
1105,198351,4.15-rc6,Qwen3-14B,1,"D1,C2,D2,B2,A,C1,B1",complete,True,,runs\main\saner-main-v1\local-qwen3-14b\task-198351\rep-1\summary.json,2f67d3d4993acb4415dd35b685cb0558b438182f2f38dcf82e1a9325876b4897,runs\main\saner-main-v1\local-qwen3-14b\task-198351\rep-1\scores.json,b8354405b54f9e3ef65297dd5af8506adcb0b58458cfcf5cbec6305d59e6f12a
1106,198351,4.15-rc6,Qwen3-14B,2,"C1,C2,A,D1,B1,D2,B2",complete,True,,runs\main\saner-main-v1\local-qwen3-14b\task-198351\rep-2\summary.json,382179b7e48a0892f938cb9dd4759b00a2d37a25699f61d816d122c6cfd982e9,runs\main\saner-main-v1\local-qwen3-14b\task-198351\rep-2\scores.json,5a813f2cb1ada6f8edfaefa22fd89bd1e696c0a110528ec65b612cf16a05fc82
1107,198351,4.15-rc6,Qwen3-14B,3,"B1,C2,A,D2,B2,C1,D1",complete,True,,runs\main\saner-main-v1\local-qwen3-14b\task-198351\rep-3\summary.json,5e3849cfdfaab564a0576e24ffd333019e2eb7cbcb4a28705a1440d3b7c120e7,runs\main\saner-main-v1\local-qwen3-14b\task-198351\rep-3\scores.json,b4d00a0fd89e664186a297fe30f9cac69361af2bc164f20e4a8922a4935ff1ca
1108,198351,4.15-rc6,qwen-plus-2025-12-01,1,"C1,A,D1,B2,C2,B1,D2",complete,True,,runs\main\saner-main-v1\service-qwen-plus\task-198351\rep-1\summary.json,6468e71e07eb21216e88b6e3b609c3f77d7664d515b5bde30e3a3e65d6031b7c,runs\main\saner-main-v1\service-qwen-plus\task-198351\rep-1\scores.json,272b242d277a38c3f4eafae679887ac015632d9c6d3dd84e6e9f795505f119ce
1109,198351,4.15-rc6,qwen-plus-2025-12-01,2,"D1,C2,D2,C1,A,B1,B2",complete,True,,runs\main\saner-main-v1\service-qwen-plus\task-198351\rep-2\summary.json,c9bfbdc99ccc18df278f9e41d2f3ab6d3bb68fb2e9324d0f375800d021a2323a,runs\main\saner-main-v1\service-qwen-plus\task-198351\rep-2\scores.json,aa0b50804afce884151280c7c17d21d2f04529f22dcf33a505698b634a6f9c5b
1110,198351,4.15-rc6,qwen-plus-2025-12-01,3,"D2,C2,B2,D1,B1,C1,A",complete,True,,runs\main\saner-main-v1\service-qwen-plus\task-198351\rep-3\summary.json,a74f4a6c1c5ce527a1cffbc9e8debe822dbbf117b9cdd1771b54b39a38f5ceb7,runs\main\saner-main-v1\service-qwen-plus\task-198351\rep-3\scores.json,c1c040d0760b4c667826fffaaad78e2fa3e4d199ffe1920c06c0f9da8198fefd
1111,7200,2.6.20,Qwen3-14B,1,"D1,B1,C2,C1,B2,D2,A",complete,True,,runs\main\saner-main-v1\local-qwen3-14b\task-7200\rep-1\summary.json,ce671a4e8f18a4e560ae600a9f230fdfe433f746613358f93e9b858cabc2aa9e,runs\main\saner-main-v1\local-qwen3-14b\task-7200\rep-1\scores.json,247f1c28001bd09b9e3d51b3408ab2984bd94b924c350df80c683c8d4daa3098
1112,7200,2.6.20,Qwen3-14B,2,"B1,B2,A,D1,C1,D2,C2",complete,True,,runs\main\saner-main-v1\local-qwen3-14b\task-7200\rep-2\summary.json,722fd22ea6f76b6e7caa4103d438ca3fb6b2778e9ab702a5b2f125b893f295b9,runs\main\saner-main-v1\local-qwen3-14b\task-7200\rep-2\scores.json,e537bf52d6e97042bb920369ed35489758a9ce35e6e328f63f2fb958e6ff99ab
1113,7200,2.6.20,Qwen3-14B,3,"B1,B2,C2,C1,D1,D2,A",complete,True,,runs\main\saner-main-v1\local-qwen3-14b\task-7200\rep-3\summary.json,ca3486154a05fadde44f9fcf950f9e4ced00b56003651336625c5c671d12f3bd,runs\main\saner-main-v1\local-qwen3-14b\task-7200\rep-3\scores.json,3d7735fe7a4702fa47c898d02ca8c35d47574f8630a4dff3e383f1dc50b6edeb
1114,7200,2.6.20,qwen-plus-2025-12-01,1,"B1,A,B2,D2,D1,C2,C1",complete,True,,runs\main\saner-main-v1\service-qwen-plus\task-7200\rep-1\summary.json,13942440c51d7023c73cd05bf26e93e2fe8c6a3e3eab9454d367013a13a9eee2,runs\main\saner-main-v1\service-qwen-plus\task-7200\rep-1\scores.json,fba0d0fbaa7d97c313548e5fccea90b07ebaaff6661b9216fe59044a275d73f5
1115,7200,2.6.20,qwen-plus-2025-12-01,2,"D2,B2,D1,A,C2,C1,B1",complete,True,,runs\main\saner-main-v1\service-qwen-plus\task-7200\rep-2\summary.json,a2c7b8cdd775517fbdd355b56759e43333cdacebc576f1cb6f51e1c83a1b96de,runs\main\saner-main-v1\service-qwen-plus\task-7200\rep-2\scores.json,969eac10f69b542a7855cbe471fd11cfec517850220f5de104c61230a2f964f3
1116,7200,2.6.20,qwen-plus-2025-12-01,3,"D2,C2,B1,B2,C1,D1,A",complete,True,,runs\main\saner-main-v1\service-qwen-plus\task-7200\rep-3\summary.json,4f5ceb6f65a04b91735e0e5ea8cba98e885d32d7a4986c323766095e5cdbeea6,runs\main\saner-main-v1\service-qwen-plus\task-7200\rep-3\scores.json,0424f1bd3829e2ef7c0d46600daf1ac70d15f690ba8329216b72b118904fae04
1117,10695,2.6.24,Qwen3-14B,1,"B2,D1,B1,C2,C1,A,D2",complete,True,,runs\main\saner-main-v1\local-qwen3-14b\task-10695\rep-1\summary.json,82bc59b4babdc820c2c7fc5e2bc3b4601b6ba97d9fb10b9c8ddc0d71ec8e5f6c,runs\main\saner-main-v1\local-qwen3-14b\task-10695\rep-1\scores.json,665f92c8de6a661d24fe9d9330dec343d57b9c5157df69766f4c33524bd0fc7d
1118,10695,2.6.24,Qwen3-14B,2,"D2,B1,C1,D1,C2,B2,A",complete,True,,runs\main\saner-main-v1\local-qwen3-14b\task-10695\rep-2\summary.json,8518fb0b3d504ee3c8c1bf1bc1b2b957f40531716594ade8501bc4abf6678247,runs\main\saner-main-v1\local-qwen3-14b\task-10695\rep-2\scores.json,7dda04ee9911f8a175b9280c79ac959e411065913de74d2105a519c253729ac6
1119,10695,2.6.24,Qwen3-14B,3,"B1,B2,C1,D2,C2,D1,A",complete,True,,runs\main\saner-main-v1\local-qwen3-14b\task-10695\rep-3\summary.json,ec3ecf7222b79fe66a547b304c7db971e19fea8dec2441ace60abc2dd25ff29c,runs\main\saner-main-v1\local-qwen3-14b\task-10695\rep-3\scores.json,3eb9b5102bffdfda070a350110aff1d04e9f0c60d36fab3c525ad8cf6d2a1d98
1120,10695,2.6.24,qwen-plus-2025-12-01,1,"A,B2,B1,C1,C2,D2,D1",complete,True,,runs\main\saner-main-v1\service-qwen-plus\task-10695\rep-1\summary.json,16a2ae4f6f0a466f9dbe46b4996455deb4693fb22bbc11b0785141b33bbd5d42,runs\main\saner-main-v1\service-qwen-plus\task-10695\rep-1\scores.json,2e61cdb393f1f0e9f73ef97962e1efe77397616d92602dbdfd35e73ed52fdb2a
1121,10695,2.6.24,qwen-plus-2025-12-01,2,"A,D2,C1,D1,B2,B1,C2",complete,True,,runs\main\saner-main-v1\service-qwen-plus\task-10695\rep-2\summary.json,3609128bceaa5c9477766ad35bb3a4eac13cf03ca4af8adbe29ba694bef545cf,runs\main\saner-main-v1\service-qwen-plus\task-10695\rep-2\scores.json,5b245677a3b70057c1621b546862d32763d8d7cb1958b6a6d0dfccf9370d91bc
1122,10695,2.6.24,qwen-plus-2025-12-01,3,"A,C1,B1,D2,B2,C2,D1",complete,True,,runs\main\saner-main-v1\service-qwen-plus\task-10695\rep-3\summary.json,9f480425313ac045bedf753af0f0112249fe4c961e9709fdfb8369493c205060,runs\main\saner-main-v1\service-qwen-plus\task-10695\rep-3\scores.json,760c63e45ade415d58cd2711609b3a9d13261a7ca15def6b3f1bfaa38d97a03e
1123,11742,2.6.27,Qwen3-14B,1,"C2,B1,C1,D2,A,D1,B2",complete,True,,runs\main\saner-main-v1\local-qwen3-14b\task-11742\rep-1\summary.json,cc624978b541b5bc4a36d368edbc665b12b71fcbecfb59394652d1470dfcdfc9,runs\main\saner-main-v1\local-qwen3-14b\task-11742\rep-1\scores.json,7f2db5663feb9c7c5e4cccbdc06a8cc2513d6d4948b7fd27d4a508118eb26ee9
1124,11742,2.6.27,Qwen3-14B,2,"C2,B1,C1,D1,A,B2,D2",complete,True,,runs\main\saner-main-v1\local-qwen3-14b\task-11742\rep-2\summary.json,8a32910c40db0fa8dbd5d8cfb50057b740863a4811751df09b8f8d178f0765fd,runs\main\saner-main-v1\local-qwen3-14b\task-11742\rep-2\scores.json,218e5496f1a4b82d9dc2e7a9966a0c4fbe4ea46f097f486219b567af13677d5a
1125,11742,2.6.27,Qwen3-14B,3,"B2,A,D2,C1,C2,D1,B1",complete,True,,runs\main\saner-main-v1\local-qwen3-14b\task-11742\rep-3\summary.json,9104eeaf82d2926d79923c2a6a9c402e23abd69695eb9f8e188f136a30910e9b,runs\main\saner-main-v1\local-qwen3-14b\task-11742\rep-3\scores.json,a70e044ebe97c7f76717bc84320b597fe78da811067fe873f44d483577202679
1126,11742,2.6.27,qwen-plus-2025-12-01,1,"D2,D1,C2,A,B2,C1,B1",complete,True,,runs\main\saner-main-v1\service-qwen-plus\task-11742\rep-1\summary.json,39ca58606387a58a154da1ff90441c4cfdb4c0edefd40e2b859b1bac4825cf91,runs\main\saner-main-v1\service-qwen-plus\task-11742\rep-1\scores.json,010f4e3a84b429fc7fac43bab6c754ff6c11a6b953013feb5ea347ed9179c49d
1127,11742,2.6.27,qwen-plus-2025-12-01,2,"B2,C2,A,B1,D2,C1,D1",complete,True,,runs\main\saner-main-v1\service-qwen-plus\task-11742\rep-2\summary.json,17ac8df54adb9623c6799830cc39cc983778a34690dd7886438decd2b54e7b42,runs\main\saner-main-v1\service-qwen-plus\task-11742\rep-2\scores.json,189e9183b8690112e099058445f2f8b1be51ada3959463f017e07345e5b59089
1128,11742,2.6.27,qwen-plus-2025-12-01,3,"C1,B1,B2,C2,D2,A,D1",complete,True,,runs\main\saner-main-v1\service-qwen-plus\task-11742\rep-3\summary.json,cac85fbcf6ce807c7bbb07bce74719633b4085a6ab0d57a2c170b0a96fe7b8fe,runs\main\saner-main-v1\service-qwen-plus\task-11742\rep-3\scores.json,b299f02ded63a14d0c3728e914f0a546e954b4c254cf481eafed86740bfd5e9e
1129,11104,2.6.26,Qwen3-14B,1,"D2,B2,B1,C2,C1,A,D1",complete,True,,runs\main\saner-main-v1\local-qwen3-14b\task-11104\rep-1\summary.json,5a69edf0e2560045acdb3e095e9487eaf2eec79fbe959782d2b33cc4a32f0c56,runs\main\saner-main-v1\local-qwen3-14b\task-11104\rep-1\scores.json,0cb2c03c9f56f504563a51e2726abac79ee304397349021761b9de4e6a80d6c1
1130,11104,2.6.26,Qwen3-14B,2,"D2,C2,B2,A,B1,D1,C1",complete,True,,runs\main\saner-main-v1\local-qwen3-14b\task-11104\rep-2\summary.json,710205131c6c4edc80a698ea6c6616586c11d3371457f73d8872347303e5be74,runs\main\saner-main-v1\local-qwen3-14b\task-11104\rep-2\scores.json,875038cfcdb63e7f9c80121e48058f80de9957ba61f68b0fed9cd7896bcc1377
1131,11104,2.6.26,Qwen3-14B,3,"D1,C1,C2,B2,A,D2,B1",complete,True,,runs\main\saner-main-v1\local-qwen3-14b\task-11104\rep-3\summary.json,6855f9a456fab51482c5e0996351b30d7780a2de7cfd62427a5d8f858c30b90e,runs\main\saner-main-v1\local-qwen3-14b\task-11104\rep-3\scores.json,c5f7705e6bcdb6bf81102c06d21f8ee499fdcfbafa19b054bf9dd49b1397743d
1132,11104,2.6.26,qwen-plus-2025-12-01,1,"B1,D1,B2,C1,D2,A,C2",complete,True,,runs\main\saner-main-v1\service-qwen-plus\task-11104\rep-1\summary.json,a7e1c911aecf99926dcd83493a781fed3dd7df3747291fc626102a2310bc1294,runs\main\saner-main-v1\service-qwen-plus\task-11104\rep-1\scores.json,8f4a3f3487dfe1e9390f752c0a9f61de243695fea1b1750fd10e5791a93dca87
1133,11104,2.6.26,qwen-plus-2025-12-01,2,"A,B1,B2,D2,C1,D1,C2",complete,True,,runs\main\saner-main-v1\service-qwen-plus\task-11104\rep-2\summary.json,f61a015e9de704ffa08b7f5c4c2c8e0e652ba79cd4877186f20b45c932d5292f,runs\main\saner-main-v1\service-qwen-plus\task-11104\rep-2\scores.json,73b7569f2f61243f29d5485e6ccac7348d57b5eb2b3103b23adfdeb2036e466a
1134,11104,2.6.26,qwen-plus-2025-12-01,3,"C2,A,B1,D1,B2,D2,C1",complete,True,,runs\main\saner-main-v1\service-qwen-plus\task-11104\rep-3\summary.json,7266345ead4f41ec4b31c8b41439839d65a2668ae69aae48459516f55c3c85b4,runs\main\saner-main-v1\service-qwen-plus\task-11104\rep-3\scores.json,80d929f8fd93b564ea920c15324a0828e9c687853d3a61047e7f240881001a08
1135,7942,2.6.20,Qwen3-14B,1,"D2,B1,D1,B2,A,C1,C2",complete,True,,runs\main\saner-main-v1\local-qwen3-14b\task-7942\rep-1\summary.json,aac27713c3a9324e38d3dac6e728a954befe52a9184fcbb8f865ab512debd1e0,runs\main\saner-main-v1\local-qwen3-14b\task-7942\rep-1\scores.json,5adaea93b636efe3710f02e0ed77e02695d2ee4acd3c7ff4b0ae7e62fa86c41e
1136,7942,2.6.20,Qwen3-14B,2,"B2,A,C2,D2,C1,D1,B1",complete,True,,runs\main\saner-main-v1\local-qwen3-14b\task-7942\rep-2\summary.json,09c8cb775283f26b39d0d8ae821f3365bf593c840512867beb3877cf60db2231,runs\main\saner-main-v1\local-qwen3-14b\task-7942\rep-2\scores.json,362513617bed988686b8add1e92da4461e6612a056ca92be07bdce0f2baa1b54
1137,7942,2.6.20,Qwen3-14B,3,"B1,A,D2,C1,B2,D1,C2",complete,True,,runs\main\saner-main-v1\local-qwen3-14b\task-7942\rep-3\summary.json,b164cfdf46f2c980963c9486d2875a504f8fbbac589d6c0f5d33746fd92f76cf,runs\main\saner-main-v1\local-qwen3-14b\task-7942\rep-3\scores.json,85c5532320b7697150c3079e250b7f862a8aa383ed3333421c2164fd185b7145
1138,7942,2.6.20,qwen-plus-2025-12-01,1,"A,C1,D1,B1,D2,C2,B2",complete,True,,runs\main\saner-main-v1\service-qwen-plus\task-7942\rep-1\summary.json,d5ab7bbe9bb73c48c4ae5151a84da9704ef8112e1b1a79aedc4f574c68faface,runs\main\saner-main-v1\service-qwen-plus\task-7942\rep-1\scores.json,e6ca5861f0a0299475e9352d6ccf06ca27551cfd2b446a3219ef552b960a3c05
1139,7942,2.6.20,qwen-plus-2025-12-01,2,"D2,C2,B1,C1,B2,D1,A",complete,True,,runs\main\saner-main-v1\service-qwen-plus\task-7942\rep-2\summary.json,76b818997c86d6c9d3008c44d269323b095a23d4bc572f040760ee6a92e76446,runs\main\saner-main-v1\service-qwen-plus\task-7942\rep-2\scores.json,917db78842eac1c1a5a75ae6933e296467890f45c573433caf29c25cca31998a
1140,7942,2.6.20,qwen-plus-2025-12-01,3,"C2,A,D1,C1,B2,D2,B1",complete,True,,runs\main\saner-main-v1\service-qwen-plus\task-7942\rep-3\summary.json,f2947cb8a0b7506413e5f258ec6c8960fef8461acbcb5afc88820b6eceaa20e8,runs\main\saner-main-v1\service-qwen-plus\task-7942\rep-3\scores.json,0ca2a3adac5d328982ffc87722dcbc07f27feba274d63cca9fa3ba8eff4b2955
1141,10042,2.6.24,Qwen3-14B,1,"C2,B2,C1,A,D2,D1,B1",complete,True,,runs\main\saner-main-v1\local-qwen3-14b\task-10042\rep-1\summary.json,b7667d162b12b13783ea5d96bf9135e31db3ecf674914731e0fbeedc0c60f60a,runs\main\saner-main-v1\local-qwen3-14b\task-10042\rep-1\scores.json,ac3f03a482e5e7a8fc9ebbcbe327f5cbdd2e04d24f7dc52d2ee4ad22a7a9b7ba
1142,10042,2.6.24,Qwen3-14B,2,"D2,C1,B1,C2,B2,D1,A",complete,True,,runs\main\saner-main-v1\local-qwen3-14b\task-10042\rep-2\summary.json,467891389969568033e8e691d27cb892907d37ec03a6ae2340e2ac5585c2cb52,runs\main\saner-main-v1\local-qwen3-14b\task-10042\rep-2\scores.json,b5ac07e9cf42e8205423167df4a120fceb99aa3fc5b29be686a3902a22923b5e
1143,10042,2.6.24,Qwen3-14B,3,"B2,B1,D2,C1,C2,D1,A",complete,True,,runs\main\saner-main-v1\local-qwen3-14b\task-10042\rep-3\summary.json,77fb0314ebe6e01e646ae9eb2c06faf4a0681511763c673051a2fd0d1683d666,runs\main\saner-main-v1\local-qwen3-14b\task-10042\rep-3\scores.json,7f2820ff55da0c2e3be11a89ce338442e3b75b95707d353fd86a2250bba851a3
1144,10042,2.6.24,qwen-plus-2025-12-01,1,"A,D1,B2,B1,D2,C1,C2",complete,True,,runs\main\saner-main-v1\service-qwen-plus\task-10042\rep-1\summary.json,36f29eb91106e75fb8bdabc773c593e75fced3af6b797ee2419a3af40ae78687,runs\main\saner-main-v1\service-qwen-plus\task-10042\rep-1\scores.json,d2476ba7e7a115dc9c822a63f5f5f1ed9125eca912bbc0cc8a2cf3e3ac3199dd
1145,10042,2.6.24,qwen-plus-2025-12-01,2,"B1,A,D1,B2,D2,C1,C2",complete,True,,runs\main\saner-main-v1\service-qwen-plus\task-10042\rep-2\summary.json,1d5b5ed5084ba46b6d7966a2e20ff40ffb29c89e42aa03da16e80e0d65c0e834,runs\main\saner-main-v1\service-qwen-plus\task-10042\rep-2\scores.json,86831fdadf2a1a6b63891267c45b5c79e6f5dccc763d321c15c3a0b2cb3a4047
1146,10042,2.6.24,qwen-plus-2025-12-01,3,"C2,B1,C1,D1,D2,B2,A",complete,True,,runs\main\saner-main-v1\service-qwen-plus\task-10042\rep-3\summary.json,b2eb2fd7a76b88a2926c46a73a3a2034e27f401fe862dad933cbfec98e616650,runs\main\saner-main-v1\service-qwen-plus\task-10042\rep-3\scores.json,5135059b66b096c1ab3a46f9e3a8657c51210ae75152611dab7853c8114dd866
1147,9779,2.6.24,Qwen3-14B,1,"A,C1,D1,B1,B2,C2,D2",complete,True,,runs\main\saner-main-v1\local-qwen3-14b\task-9779\rep-1\summary.json,9ca400aaf30884b9eeff1398f4a8909cfedd07c15b39f51a4f764c082fa4dcbc,runs\main\saner-main-v1\local-qwen3-14b\task-9779\rep-1\scores.json,d6f16ed19dac3ca38a9030ff5b389e4a85e7a7155074d234ca4be1516f49a8c9
1148,9779,2.6.24,Qwen3-14B,2,"D1,C2,D2,C1,B1,A,B2",complete,True,,runs\main\saner-main-v1\local-qwen3-14b\task-9779\rep-2\summary.json,bad91a388d628b5f72e73bfdbdee2d3256885c89616971b427feaa37bb6574ff,runs\main\saner-main-v1\local-qwen3-14b\task-9779\rep-2\scores.json,6ca32a317cb340c8835ee574e49327c9467f5a750c74c02bf7f6faf1e1c45cfe
1149,9779,2.6.24,Qwen3-14B,3,"C1,C2,B1,D2,D1,A,B2",complete,True,,runs\main\saner-main-v1\local-qwen3-14b\task-9779\rep-3\summary.json,f4a0b6283eeb6c4946f512e49b9ed2c99f5553de4bc1f6bc42a63fa924aa27ad,runs\main\saner-main-v1\local-qwen3-14b\task-9779\rep-3\scores.json,5641fdc0332225432bff81bef93aaa284926b3f3f3627b1e0172bd6f1890b9a5
1150,9779,2.6.24,qwen-plus-2025-12-01,1,"D2,D1,C2,B1,C1,B2,A",complete,True,,runs\main\saner-main-v1\service-qwen-plus\task-9779\rep-1\summary.json,31a0f8d6e1da44bcf762343ee00ba71c58f7b50f470494fe0a7a7e3f5da2c8d0,runs\main\saner-main-v1\service-qwen-plus\task-9779\rep-1\scores.json,e4d6c2d51c100acaf809ac1b08317c5ea33f9d6d89c83013efae93fa46a6e38a
1151,9779,2.6.24,qwen-plus-2025-12-01,2,"D2,C1,B2,A,D1,C2,B1",complete,True,,runs\main\saner-main-v1\service-qwen-plus\task-9779\rep-2\summary.json,b0938e11117c7548c60476ab740b4c9682a689e405fc9877e10c91d947925067,runs\main\saner-main-v1\service-qwen-plus\task-9779\rep-2\scores.json,f22d8a43562f5607751b4e832dd4ca0732629d344f9e2726d530717de6e2a4cf
1152,9779,2.6.24,qwen-plus-2025-12-01,3,"D2,B1,B2,A,C1,D1,C2",complete,True,,runs\main\saner-main-v1\service-qwen-plus\task-9779\rep-3\summary.json,b3730ac46803e3be0b452ed127f9879940ec3b61ac433c0cc9e138fa7d8a4d81,runs\main\saner-main-v1\service-qwen-plus\task-9779\rep-3\scores.json,eded4679dbe3229438f37f0f27db8410c0f32201bf5c9e5e820220f99d131df7
1153,24302,2.6.32,Qwen3-14B,1,"D1,B1,A,C1,B2,C2,D2",complete,True,,runs\main\saner-main-v1\local-qwen3-14b\task-24302\rep-1\summary.json,7febf51983d0611451304ffab6046c062a194e266d36d158197fb251d7031042,runs\main\saner-main-v1\local-qwen3-14b\task-24302\rep-1\scores.json,305931b7a7444363a1c940c8f54078c02928896b770faf3a98ed7cc4ffe452bd
1154,24302,2.6.32,Qwen3-14B,2,"B1,C2,A,D1,C1,B2,D2",complete,True,,runs\main\saner-main-v1\local-qwen3-14b\task-24302\rep-2\summary.json,88f301ea065d63514cb179bcefb135657fb406cd3f33c28425da0daf405386ce,runs\main\saner-main-v1\local-qwen3-14b\task-24302\rep-2\scores.json,38c5ee9b61e2991c078e93663ea227f807855dd40e4dda9928bf7d6302eacac8
1155,24302,2.6.32,Qwen3-14B,3,"B2,D1,D2,B1,C2,A,C1",complete,True,,runs\main\saner-main-v1\local-qwen3-14b\task-24302\rep-3\summary.json,76d6c6dc7bdeae8760dae7b5b52053179751d0074903ce173f88ab8f270fd11d,runs\main\saner-main-v1\local-qwen3-14b\task-24302\rep-3\scores.json,d74461946924fbde33a2ccd5e8f9ccb831cb5a290392e00dccdf969326555923
1156,24302,2.6.32,qwen-plus-2025-12-01,1,"B2,C2,B1,D2,A,C1,D1",complete,True,,runs\main\saner-main-v1\service-qwen-plus\task-24302\rep-1\summary.json,8d5b35e796497a1a1fcab6d4059999df7d85b477d6d570a37d66f0710588d6e2,runs\main\saner-main-v1\service-qwen-plus\task-24302\rep-1\scores.json,5c4a0ed1dbdef3a5cccc78004009595711a19df4653d5c39540fe32875a80e8f
1157,24302,2.6.32,qwen-plus-2025-12-01,2,"D1,C1,C2,B1,B2,A,D2",complete,True,,runs\main\saner-main-v1\service-qwen-plus\task-24302\rep-2\summary.json,babd45b7b858dd05556ee8cb4bce7be7f7c2c76bb3f3fcccbd32bd7ef1a569a3,runs\main\saner-main-v1\service-qwen-plus\task-24302\rep-2\scores.json,b2678fbc4ffa6315bfaba369b761cc079a08a1e244e9b4204e075c66e8b66388
1158,24302,2.6.32,qwen-plus-2025-12-01,3,"C2,B2,D1,A,C1,B1,D2",complete,True,,runs\main\saner-main-v1\service-qwen-plus\task-24302\rep-3\summary.json,97dc113242ad9168d8cd4d635562535d1a5f0d947b9ecaf27150c95b95a8c929,runs\main\saner-main-v1\service-qwen-plus\task-24302\rep-3\scores.json,ee4cd393f75f5530b1e2953b7557049c1364083f09cb85fbaff80c938cb5a1b0
1159,7180,2.6.18,Qwen3-14B,1,"C2,B1,C1,B2,D2,D1,A",complete,True,,runs\main\saner-main-v1\local-qwen3-14b\task-7180\rep-1\summary.json,df60b3fa2d025a122a4c12395f37c36e45928df16c7ec32f8f0b339dbcbd065c,runs\main\saner-main-v1\local-qwen3-14b\task-7180\rep-1\scores.json,13d60c975e753de0a1711f88f5b0d22ea75813cf35d09b38903b62077eac31cc
1160,7180,2.6.18,Qwen3-14B,2,"B1,C2,D1,B2,A,C1,D2",complete,True,,runs\main\saner-main-v1\local-qwen3-14b\task-7180\rep-2\summary.json,2a8098d742a35a2a21fd3476fa9a59044a9fa5961a260df79811f52897c8e599,runs\main\saner-main-v1\local-qwen3-14b\task-7180\rep-2\scores.json,2ed133c809cb40c1566fc69a84bb8a407f71cba83649e29fe250633147253b58
1161,7180,2.6.18,Qwen3-14B,3,"D2,C1,C2,A,B1,D1,B2",complete,True,,runs\main\saner-main-v1\local-qwen3-14b\task-7180\rep-3\summary.json,1cbfdbc6a9af22374deeffd9dac65c290a2ce2d950d954114f039a82550e430b,runs\main\saner-main-v1\local-qwen3-14b\task-7180\rep-3\scores.json,3fdd35502d15b9e64c66515d669be867b85c68b134992c0a1f37348274d4a498
1162,7180,2.6.18,qwen-plus-2025-12-01,1,"D2,C1,A,B2,B1,D1,C2",complete,True,,runs\main\saner-main-v1\service-qwen-plus\task-7180\rep-1\summary.json,9576b6a78b3a0350e404bc88e10cad4d90d4d199e6d6ac5faa29639ba4e7982b,runs\main\saner-main-v1\service-qwen-plus\task-7180\rep-1\scores.json,f7a1468212c633a10245403cd0bded6b882d8b3524590a47f52d23ca6ba32a44
1163,7180,2.6.18,qwen-plus-2025-12-01,2,"C1,B1,D1,A,B2,D2,C2",complete,True,,runs\main\saner-main-v1\service-qwen-plus\task-7180\rep-2\summary.json,209af5bbd4932e3ab26700f515f957bf939dc2b833c061b80ae5204fe43d4545,runs\main\saner-main-v1\service-qwen-plus\task-7180\rep-2\scores.json,1787c0b17eb54832d461479dd21ca052c769fe25412b8199559708c93af04853
1164,7180,2.6.18,qwen-plus-2025-12-01,3,"B2,B1,D2,A,D1,C1,C2",complete,True,,runs\main\saner-main-v1\service-qwen-plus\task-7180\rep-3\summary.json,89586d18cf045648e656f6d74e81989b6cfc7329cd71f68e6901dfaddb0e4aff,runs\main\saner-main-v1\service-qwen-plus\task-7180\rep-3\scores.json,f9f89e261116e9969125dce6cfddabd7eeda9f87d60348d3bc029740ffa460a3
1165,8110,2.6.19,Qwen3-14B,1,"B2,A,B1,D2,C2,C1,D1",complete,True,,runs\main\saner-main-v1\local-qwen3-14b\task-8110\rep-1\summary.json,c1dbd71b7d06f1d8db8d474e839bbe5e2243573d243c724a7414cf76cf723637,runs\main\saner-main-v1\local-qwen3-14b\task-8110\rep-1\scores.json,9c833da305be29a15d9fcb5b01dd0abee469418f07e9515b47aaea3dd978b566
1166,8110,2.6.19,Qwen3-14B,2,"B2,D1,B1,C2,D2,A,C1",complete,True,,runs\main\saner-main-v1\local-qwen3-14b\task-8110\rep-2\summary.json,d397c006c091909330f6bc685cce3f4f9d1e05c97be316143e9f7bdd0a90e192,runs\main\saner-main-v1\local-qwen3-14b\task-8110\rep-2\scores.json,d64a328c2ed3390d0f736867eef71ff9ae2ef44b78871aa2b7b8ff5e63cffe51
1167,8110,2.6.19,Qwen3-14B,3,"D2,B1,C1,A,B2,D1,C2",complete,True,,runs\main\saner-main-v1\local-qwen3-14b\task-8110\rep-3\summary.json,4d28847bd0b3e9d87a9e2e0b6d221322356ed67ddcf579f3d59ce14d936c6652,runs\main\saner-main-v1\local-qwen3-14b\task-8110\rep-3\scores.json,5cb94a2053845fd3c428af7ced0802aa51f3819d28b70d8c72151307523949d4
1168,8110,2.6.19,qwen-plus-2025-12-01,1,"D1,A,B2,B1,D2,C2,C1",complete,True,,runs\main\saner-main-v1\service-qwen-plus\task-8110\rep-1\summary.json,05d57b0d6882d228ea18832cc5df4f6895faba77690e4262c52c2ced4f402de0,runs\main\saner-main-v1\service-qwen-plus\task-8110\rep-1\scores.json,518e431862ec53298a3b1c32c7cf101f014d3980378f03b02f2d5be39c57e5e8
1169,8110,2.6.19,qwen-plus-2025-12-01,2,"C2,C1,A,D2,B1,D1,B2",complete,True,,runs\main\saner-main-v1\service-qwen-plus\task-8110\rep-2\summary.json,427d09348f686c644e0c17cb50023fa22a3823fa9f6e7b0759d7c518fb2c539f,runs\main\saner-main-v1\service-qwen-plus\task-8110\rep-2\scores.json,f73d121491df13fee3a98129d3d204fc15b7743da43a06a8912230f90aa5e18d
1170,8110,2.6.19,qwen-plus-2025-12-01,3,"A,B2,D2,D1,C2,C1,B1",complete,True,,runs\main\saner-main-v1\service-qwen-plus\task-8110\rep-3\summary.json,38ef330ca21dc9aede765b5fd6bcbd1eb9dde06d484971b26844a34d2f213d29,runs\main\saner-main-v1\service-qwen-plus\task-8110\rep-3\scores.json,f9c41a5832d8b7ad9b62f9c2db2abb6045dcdf376f7a58db152bdf0698454a31
1171,12567,2.6.28,Qwen3-14B,1,"B1,D2,C1,D1,A,B2,C2",complete,True,,runs\main\saner-main-v1\local-qwen3-14b\task-12567\rep-1\summary.json,a27e660d6f18a0842c3c50ebcd93f29ee3e668cdd46a180340fbcadded59b496,runs\main\saner-main-v1\local-qwen3-14b\task-12567\rep-1\scores.json,180a39bd89b8cab823d98f65efbb1b0672591490cc30f755f31b6c2376cad778
1172,12567,2.6.28,Qwen3-14B,2,"D2,D1,B2,A,B1,C2,C1",complete,True,,runs\main\saner-main-v1\local-qwen3-14b\task-12567\rep-2\summary.json,6cbfc10d33537b576d510ba9bf63a7af96144df079224b6f9caa000935342108,runs\main\saner-main-v1\local-qwen3-14b\task-12567\rep-2\scores.json,c88be0386855eff0200839eb601be51d091f1b9836001058008b4b4b014e3347
1173,12567,2.6.28,Qwen3-14B,3,"D1,C1,B2,A,B1,D2,C2",complete,True,,runs\main\saner-main-v1\local-qwen3-14b\task-12567\rep-3\summary.json,0c83633797b908e53873487a4dccc7e65d0876dca14f97eb4e34af26444a7178,runs\main\saner-main-v1\local-qwen3-14b\task-12567\rep-3\scores.json,b8012106a31939bd56820b13f611fd1da1b37d86758601715c13e7761df77f6d
1174,12567,2.6.28,qwen-plus-2025-12-01,1,"C1,D1,C2,B2,A,B1,D2",complete,True,,runs\main\saner-main-v1\service-qwen-plus\task-12567\rep-1\summary.json,032bb2d7ecd9ffe5ad92b4f9ab47fff5804d74c0b6fa24b70ebe5da1ceb7c1d7,runs\main\saner-main-v1\service-qwen-plus\task-12567\rep-1\scores.json,ce2fbe607cef260593a75dfafb736b05ddb050c3ed24ea36f7a9aa59d8c5d1db
1175,12567,2.6.28,qwen-plus-2025-12-01,2,"C2,D2,B2,D1,C1,A,B1",complete,True,,runs\main\saner-main-v1\service-qwen-plus\task-12567\rep-2\summary.json,2212ed8d09413d0880e03dd2c31ba22a74d5d22f7d857d36d4d56dd34695cc4a,runs\main\saner-main-v1\service-qwen-plus\task-12567\rep-2\scores.json,40c1ddb832c246be356255592a189744767e6328ca9c29b1b1183d81fbfe1869
1176,12567,2.6.28,qwen-plus-2025-12-01,3,"C1,D1,B2,A,C2,D2,B1",complete,True,,runs\main\saner-main-v1\service-qwen-plus\task-12567\rep-3\summary.json,f37b90e15cd9eda5523ad05b5e6cbe56c3f3f800f40fa99ece9b24d0fee750ac,runs\main\saner-main-v1\service-qwen-plus\task-12567\rep-3\scores.json,ece8442f62c5cff1af64ceed5c39ae9fcaee84a38933f793ac672b1322762a13
1177,11323,2.6.27-rc1,Qwen3-14B,1,"A,D2,C1,C2,D1,B1,B2",complete,True,,runs\main\saner-main-v1\local-qwen3-14b\task-11323\rep-1\summary.json,d14806c0553678e8d34d97c09b656a398a103be176741601b3bb8124e58246eb,runs\main\saner-main-v1\local-qwen3-14b\task-11323\rep-1\scores.json,924a006e135f08e6d882e4d9d990e393290accb43888cd97c58fcf8cb851066b
1178,11323,2.6.27-rc1,Qwen3-14B,2,"D2,D1,C1,A,B2,B1,C2",complete,True,,runs\main\saner-main-v1\local-qwen3-14b\task-11323\rep-2\summary.json,d19eff9f7ef6e5f18fab2ed372205f96dd118cffe369bf2e3a865cc2f3d73961,runs\main\saner-main-v1\local-qwen3-14b\task-11323\rep-2\scores.json,a4422bd8a19a18e2e8b4c506cff20a21682487b5f40d1c20c80bb5994a83333f
1179,11323,2.6.27-rc1,Qwen3-14B,3,"B1,D2,D1,A,B2,C1,C2",complete,True,,runs\main\saner-main-v1\local-qwen3-14b\task-11323\rep-3\summary.json,c73859c9e9b1ff718fe957c1b1623ea4404d3aed40e76bfc98c70914b1fd3858,runs\main\saner-main-v1\local-qwen3-14b\task-11323\rep-3\scores.json,45a5dbbc8ceb26914b06610c32dac1f9ffc93e7fd74095d0dbf9c2addccfc95b
1180,11323,2.6.27-rc1,qwen-plus-2025-12-01,1,"C1,C2,B1,D2,B2,D1,A",complete,True,,runs\main\saner-main-v1\service-qwen-plus\task-11323\rep-1\summary.json,b76b00484a7ec0ed7ad1abf0693875f7fc46e4e246fb77967ca3478d95d365ba,runs\main\saner-main-v1\service-qwen-plus\task-11323\rep-1\scores.json,7a7bcd7a6842dffc219fe7431484a86be0ed565e6116ee652586904edee17247
1181,11323,2.6.27-rc1,qwen-plus-2025-12-01,2,"D2,C1,D1,A,B1,B2,C2",complete,True,,runs\main\saner-main-v1\service-qwen-plus\task-11323\rep-2\summary.json,47165d6e59e661a5045f6cf6fa6f70bace1b011392104c85fccbcb8d96e4c056,runs\main\saner-main-v1\service-qwen-plus\task-11323\rep-2\scores.json,801a9ff557225ae234149207f6df9503addcf729d13bfcfad636258e6a58a8c0
1182,11323,2.6.27-rc1,qwen-plus-2025-12-01,3,"C1,C2,D1,D2,A,B2,B1",complete,True,,runs\main\saner-main-v1\service-qwen-plus\task-11323\rep-3\summary.json,1421aae13c813519ee423b00874c53091f8b6e44ba1e46b93d6d9f1704ed89dd,runs\main\saner-main-v1\service-qwen-plus\task-11323\rep-3\scores.json,4a0852bd25b10a8ae4e6a524d08ca0f6c90a1e650fcb9cb5a907b54e8b18e559
1183,60583,3.5.4,Qwen3-14B,1,"D2,C1,B1,B2,C2,A,D1",complete,True,,runs\main\saner-main-v1\local-qwen3-14b\task-60583\rep-1\summary.json,8871c67e89c09ed53ac7f964f2bd6207bc8340f5ee624985e96a952481767e7b,runs\main\saner-main-v1\local-qwen3-14b\task-60583\rep-1\scores.json,9a82ec36493fbca6d7c7c30a6c6d2928934ef8cd99b8022e3febba4151cd2173
1184,60583,3.5.4,Qwen3-14B,2,"B2,D1,C2,D2,A,B1,C1",complete,True,,runs\main\saner-main-v1\local-qwen3-14b\task-60583\rep-2\summary.json,f6c5d8f8ccfb621c56279b0915d69c572a235365f3e5bbebe6c9d3fc5985dc2d,runs\main\saner-main-v1\local-qwen3-14b\task-60583\rep-2\scores.json,1cec5fb7344c39bf08930a20b70f199109b8ad304b7ef0e3adeb481293d87738
1185,60583,3.5.4,Qwen3-14B,3,"A,C2,D1,B2,D2,C1,B1",complete,True,,runs\main\saner-main-v1\local-qwen3-14b\task-60583\rep-3\summary.json,1b431c7ab46f23e35edaa80b91e58c51df3dedd6d766a29dad43cb413a6aeba1,runs\main\saner-main-v1\local-qwen3-14b\task-60583\rep-3\scores.json,ac47a9bd381efe1b9ec17c17c5fb8c43c29a756154f99b62b82ea0a6dd2ec773
1186,60583,3.5.4,qwen-plus-2025-12-01,1,"B2,C2,D2,C1,D1,B1,A",complete,True,,runs\main\saner-main-v1\service-qwen-plus\task-60583\rep-1\summary.json,b09d6eddbc815788722569f93ab5ee2a705f6a2418d5ae046a01b2bbf82131f4,runs\main\saner-main-v1\service-qwen-plus\task-60583\rep-1\scores.json,74bc23741cb00073850836df0d50f56692174921ede75341c065286a9307b859
1187,60583,3.5.4,qwen-plus-2025-12-01,2,"D1,D2,B1,B2,C1,C2,A",complete,True,,runs\main\saner-main-v1\service-qwen-plus\task-60583\rep-2\summary.json,b63c4ecbe99beb29b5cee626ac554b9e6d4112ce18d2112fe3e971005f85fc68,runs\main\saner-main-v1\service-qwen-plus\task-60583\rep-2\scores.json,6f89c993a672e0869195baf5e2f8070e436ebcd4d9f713ae15a7131c729f1aaa
1188,60583,3.5.4,qwen-plus-2025-12-01,3,"C1,D2,B2,B1,C2,A,D1",complete,True,,runs\main\saner-main-v1\service-qwen-plus\task-60583\rep-3\summary.json,b63f1af820158d202923bbfad1ff2590e194bf3444f80f3e9ce53fdfeb038921,runs\main\saner-main-v1\service-qwen-plus\task-60583\rep-3\scores.json,13e485fcf3b9acbb73e9dc30224592fd049ad55448c02f01c6fc1255d49df50b
1189,200989,4.17.12,Qwen3-14B,1,"B1,D2,C1,B2,C2,D1,A",complete,True,,runs\main\saner-main-v1\local-qwen3-14b\task-200989\rep-1\summary.json,912f15443fb2c6fcc98e432a15eb5d2452c6ff06899518d9c0b96259b449399f,runs\main\saner-main-v1\local-qwen3-14b\task-200989\rep-1\scores.json,abfe3e4ce4c0efb7186dc7daebd8eb6fa672e55c3c4472e5f10c30fa64b86951
1190,200989,4.17.12,Qwen3-14B,2,"C2,C1,D2,A,B2,B1,D1",complete,True,,runs\main\saner-main-v1\local-qwen3-14b\task-200989\rep-2\summary.json,302b1eff82f59cbe71fb8c97be5cfd2064fbec6aea0efd69dade6cc4a63de264,runs\main\saner-main-v1\local-qwen3-14b\task-200989\rep-2\scores.json,f6880636e54bab7d542b87cd2498f6b961978082714fb1067a880ad8c71b4a3f
1191,200989,4.17.12,Qwen3-14B,3,"D2,C2,A,B1,D1,B2,C1",complete,True,,runs\main\saner-main-v1\local-qwen3-14b\task-200989\rep-3\summary.json,d763433d311290c3cc7a9ba1dfb50642fcf6423195bab6d472d15a66cc248de9,runs\main\saner-main-v1\local-qwen3-14b\task-200989\rep-3\scores.json,e1c8d7f16d36d5684f43650f84186e49615489e524babe4b28ec9739c981ec9d
1192,200989,4.17.12,qwen-plus-2025-12-01,1,"C2,D1,D2,B1,B2,C1,A",complete,True,,runs\main\saner-main-v1\service-qwen-plus\task-200989\rep-1\summary.json,6e97943be222bb88d62f05825a509c9314e3725cb099525f589ab08a2570ab5b,runs\main\saner-main-v1\service-qwen-plus\task-200989\rep-1\scores.json,78f88a70f8210b0f0474145a54a1bb487abb13d8e7e550eb6584dbe5c184223f
1193,200989,4.17.12,qwen-plus-2025-12-01,2,"C2,A,D1,D2,C1,B1,B2",complete,True,,runs\main\saner-main-v1\service-qwen-plus\task-200989\rep-2\summary.json,3725ac254044375c228f4a47e69c741f9e4dd18abae0528e63546bd0aec9b6fa,runs\main\saner-main-v1\service-qwen-plus\task-200989\rep-2\scores.json,129bed324d92a58f7d4ce23e250cd5e2320c6f82caf4e30a668f85f798d3337a
1194,200989,4.17.12,qwen-plus-2025-12-01,3,"C1,D1,B2,A,D2,B1,C2",complete,True,,runs\main\saner-main-v1\service-qwen-plus\task-200989\rep-3\summary.json,9569855b10a42d01701f25c120b382672ea644e5da7d777d898fe6d231a00223,runs\main\saner-main-v1\service-qwen-plus\task-200989\rep-3\scores.json,66354e4ebc01606a4398f9fe3016a2767e6bfce9cd8568cd1250c7ea6cf3fd16
1195,42981,2.6.32,Qwen3-14B,1,"B2,D2,A,C2,B1,C1,D1",complete,True,,runs\main\saner-main-v1\local-qwen3-14b\task-42981\rep-1\summary.json,637bda8761c947956344e6f28faedb8b7bc4f051e625d6a68e335f114e170fbb,runs\main\saner-main-v1\local-qwen3-14b\task-42981\rep-1\scores.json,7b8524139018718e5185e3f4e81381bda6f06f3b6990d6603101680858a821e5
1196,42981,2.6.32,Qwen3-14B,2,"B2,D2,D1,A,C2,B1,C1",complete,True,,runs\main\saner-main-v1\local-qwen3-14b\task-42981\rep-2\summary.json,10355cc6c38b61a6ae05dc121f326b01d94275b92ab824fa91f4306005484745,runs\main\saner-main-v1\local-qwen3-14b\task-42981\rep-2\scores.json,9ba86ba2d10c910a839a55d1be519b6890690047141757b37466538e0c83f5cf
1197,42981,2.6.32,Qwen3-14B,3,"D2,B2,B1,C2,C1,A,D1",complete,True,,runs\main\saner-main-v1\local-qwen3-14b\task-42981\rep-3\summary.json,84765b1a7343c36c3d74bbf5949594159ac12be1f62e64f8c6438a6ddb46c3c1,runs\main\saner-main-v1\local-qwen3-14b\task-42981\rep-3\scores.json,5c43d5764cabd4baa9fd6e71375166845b438d93283a56ac486dfae4f03a928f
1198,42981,2.6.32,qwen-plus-2025-12-01,1,"C2,A,D1,B2,D2,C1,B1",complete,True,,runs\main\saner-main-v1\service-qwen-plus\task-42981\rep-1\summary.json,e74174a6341af1cc4a36db08a8ee788510e582e29f4bcb2e54188a95d1b9885a,runs\main\saner-main-v1\service-qwen-plus\task-42981\rep-1\scores.json,f827787d23b44b0e669fc8a1a8925459d37c0e4dc63c28abb9ec2422b2eb3688
1199,42981,2.6.32,qwen-plus-2025-12-01,2,"B2,B1,D2,C2,C1,A,D1",complete,True,,runs\main\saner-main-v1\service-qwen-plus\task-42981\rep-2\summary.json,9b0db9b24f99b6c6e509524763a078d4f4f8f3d1751a26ba29ea18a9f6922c8e,runs\main\saner-main-v1\service-qwen-plus\task-42981\rep-2\scores.json,e9ccbe91f7953260c51e9e352dd48f73c90ceba359f335c1b0b4e13531479af8
1200,42981,2.6.32,qwen-plus-2025-12-01,3,"D2,D1,B2,B1,A,C1,C2",complete,True,,runs\main\saner-main-v1\service-qwen-plus\task-42981\rep-3\summary.json,e75f2bb9a36a30b6e2b0a522a1315115a47b4bc18b811e0b5834ae710832beee,runs\main\saner-main-v1\service-qwen-plus\task-42981\rep-3\scores.json,06b1d3039b82af2fee8ae0c65c9430a2caefc198aeb299ba7c8b61a1f46a8927
1201,25692,2.6.37-rc7,Qwen3-14B,1,"C1,B1,A,C2,D2,D1,B2",complete,True,,runs\main\saner-main-v1\local-qwen3-14b\task-25692\rep-1\summary.json,73ef4efbe99528a4f1ff24fb3580c4c171fe7d1320098a11bf9971e2e1eb6cc2,runs\main\saner-main-v1\local-qwen3-14b\task-25692\rep-1\scores.json,8671cc9aceefd771adb274815292806c0e768fbaff6b2eb48a84987a90eb7d9f
1202,25692,2.6.37-rc7,Qwen3-14B,2,"A,B2,D1,C2,C1,B1,D2",complete,True,,runs\main\saner-main-v1\local-qwen3-14b\task-25692\rep-2\summary.json,3b333f9549f01277e666bceb8314a23a44f631e4fa3f48814225d966b7fef60d,runs\main\saner-main-v1\local-qwen3-14b\task-25692\rep-2\scores.json,4e178644ea17a00f04a06ab405855287dec165927f6a9e4d4539a9cdca556ee2
1203,25692,2.6.37-rc7,Qwen3-14B,3,"B2,A,D1,B1,C1,D2,C2",complete,True,,runs\main\saner-main-v1\local-qwen3-14b\task-25692\rep-3\summary.json,1c5bc884c570e019044718b888cd280e85f9557fb11cd4aed21c4c24753bd63a,runs\main\saner-main-v1\local-qwen3-14b\task-25692\rep-3\scores.json,961b7772bd7e26ae141470d09e65ba007e2b738eb64d45f6c39bfb6bf3af7da6
1204,25692,2.6.37-rc7,qwen-plus-2025-12-01,1,"D1,C1,B2,A,D2,B1,C2",complete,True,,runs\main\saner-main-v1\service-qwen-plus\task-25692\rep-1\summary.json,cf9818808b0c280c4c906a5599d86dd4195aed71e8e2788c9bd47013691eec03,runs\main\saner-main-v1\service-qwen-plus\task-25692\rep-1\scores.json,85edecc68bc17d2140e295f021ba9d043a9060ff5032221bf6f34b9e3fa4d0ef
1205,25692,2.6.37-rc7,qwen-plus-2025-12-01,2,"B1,B2,C2,D1,A,C1,D2",complete,True,,runs\main\saner-main-v1\service-qwen-plus\task-25692\rep-2\summary.json,30b6d4ad346f002257c2f94915b1c088146c61f3b93ec7f8c54c81d2caf8e712,runs\main\saner-main-v1\service-qwen-plus\task-25692\rep-2\scores.json,d844d500e48b8b3ad75f8698eb194eab7d47b769ea75c691985e143a662e103e
1206,25692,2.6.37-rc7,qwen-plus-2025-12-01,3,"B1,C1,A,D1,C2,B2,D2",complete,True,,runs\main\saner-main-v1\service-qwen-plus\task-25692\rep-3\summary.json,edba1d1be968be694005acdb699b744e35a05e465e141b41d3e9389b2984c974,runs\main\saner-main-v1\service-qwen-plus\task-25692\rep-3\scores.json,0c8d64ca8a24d108bfaf8205b733a3ff8fe379fdb743c9b985c151ac51b91b15
1207,8559,2.6.20,Qwen3-14B,1,"A,C2,D2,D1,B2,C1,B1",complete,True,,runs\main\saner-main-v1\local-qwen3-14b\task-8559\rep-1\summary.json,4ab445ec7222ccd48c2644defb9fb7ace48a53ef1cee8033492278878c97ee56,runs\main\saner-main-v1\local-qwen3-14b\task-8559\rep-1\scores.json,5557416c200b90a0484bf0a62a52532130d3ffb919260af4a7148999a67275e1
1208,8559,2.6.20,Qwen3-14B,2,"C1,D2,C2,A,D1,B1,B2",complete,True,,runs\main\saner-main-v1\local-qwen3-14b\task-8559\rep-2\summary.json,8ea268b4c33150de6a63df06e16898337d1c9b343ce88d95b1af9e134d94f814,runs\main\saner-main-v1\local-qwen3-14b\task-8559\rep-2\scores.json,b8f8b1d4d9882c8b2b1a394607c8194fba6b9dad20a532d40064aedd0b1bb241
1209,8559,2.6.20,Qwen3-14B,3,"B2,C1,D2,B1,D1,C2,A",complete,True,,runs\main\saner-main-v1\local-qwen3-14b\task-8559\rep-3\summary.json,f6f98244fd3a6509119c948d498545a6071a908797a510d87a77f1f9799ecd75,runs\main\saner-main-v1\local-qwen3-14b\task-8559\rep-3\scores.json,86763a3310f98268264a7e91f565ca252ae51c32dbbb89fc89bb0eef866ded25
1210,8559,2.6.20,qwen-plus-2025-12-01,1,"D2,B1,D1,C2,A,C1,B2",complete,True,,runs\main\saner-main-v1\service-qwen-plus\task-8559\rep-1\summary.json,c786ce2ed4b537d1a3bab97bfe3ca73cbc8db46ff8bf2ed2c43d9e5b7b9ea89b,runs\main\saner-main-v1\service-qwen-plus\task-8559\rep-1\scores.json,006944dd7302b746a89787718d9bfb550b7522b1229fc46138e943e7756f059d
1211,8559,2.6.20,qwen-plus-2025-12-01,2,"B2,D1,D2,B1,A,C1,C2",complete,True,,runs\main\saner-main-v1\service-qwen-plus\task-8559\rep-2\summary.json,33b39a65362a66e7fe88201b7b81f0245bf9a5b055ccdee639a06ce5d3278f66,runs\main\saner-main-v1\service-qwen-plus\task-8559\rep-2\scores.json,53f99e724b563236123c276b0a9110ec6d6eb07541e36129fc7eed2f13a0d948
1212,8559,2.6.20,qwen-plus-2025-12-01,3,"D1,C2,B1,B2,D2,C1,A",complete,True,,runs\main\saner-main-v1\service-qwen-plus\task-8559\rep-3\summary.json,59ef6a7b37a85d942af145c9b92dabcf51c4ef78a081960abd31100ed0944936,runs\main\saner-main-v1\service-qwen-plus\task-8559\rep-3\scores.json,5ebfe8572f0a29e70d5cbca91f501b75d42745d19311ce0eaf5a8b87f90981ae
1213,4219,2.6.16,Qwen3-14B,1,"D1,C1,B2,A,C2,B1,D2",complete,True,,runs\main\saner-main-v1\local-qwen3-14b\task-4219\rep-1\summary.json,a773f29de2bdb853a7ebed0bf5add90d288680eba21200ca79b8f022f85364ff,runs\main\saner-main-v1\local-qwen3-14b\task-4219\rep-1\scores.json,e3f105fb3d27ab93b3fa5247b782b80d9250b3c63092a24201239a9d714b8838
1214,4219,2.6.16,Qwen3-14B,2,"B2,A,C2,D2,D1,B1,C1",complete,True,,runs\main\saner-main-v1\local-qwen3-14b\task-4219\rep-2\summary.json,501d55edca891e4edd27e64f57462a6cde90b06e8ad476770548452f3db4db6d,runs\main\saner-main-v1\local-qwen3-14b\task-4219\rep-2\scores.json,1b3f40be592019a3efeca219dfc21b95d07290accceb2458ce1e3267c9f271ea
1215,4219,2.6.16,Qwen3-14B,3,"B1,A,C1,B2,D2,C2,D1",complete,True,,runs\main\saner-main-v1\local-qwen3-14b\task-4219\rep-3\summary.json,99f45215eda5439a1da8571cbd05a887c4f1deec259641ff435ad1179a223b28,runs\main\saner-main-v1\local-qwen3-14b\task-4219\rep-3\scores.json,e4e20f04fe62e49b95fea4c70045ee98889fe74c6aa4fe25b02dd47d8c16b073
1216,4219,2.6.16,qwen-plus-2025-12-01,1,"C2,B2,A,B1,D1,D2,C1",complete,True,,runs\main\saner-main-v1\service-qwen-plus\task-4219\rep-1\summary.json,4d5d55c9eb7a670f682dc70aeb8f5539ec28b8313d46f7ec8aeb3d4331778668,runs\main\saner-main-v1\service-qwen-plus\task-4219\rep-1\scores.json,0dbbda31c8d279738c668d72cf21ba991fd3c39a9e875e28be0c1c0b424546df
1217,4219,2.6.16,qwen-plus-2025-12-01,2,"D1,D2,A,B1,C1,C2,B2",complete,True,,runs\main\saner-main-v1\service-qwen-plus\task-4219\rep-2\summary.json,cd1077ddfa123472e43950f5bd254274d8d36631f2bf4e15a94e4ef7c624260b,runs\main\saner-main-v1\service-qwen-plus\task-4219\rep-2\scores.json,e500b8361f05425cabe11e6d8fa4c10b048247b5e9eb55b90fb36a9852d49716
1218,4219,2.6.16,qwen-plus-2025-12-01,3,"B1,D2,B2,C2,A,C1,D1",complete,True,,runs\main\saner-main-v1\service-qwen-plus\task-4219\rep-3\summary.json,d706a8c4ed0df015d8521485a6b751bab4b1de6cda93f7644d2670f2b3f19eb5,runs\main\saner-main-v1\service-qwen-plus\task-4219\rep-3\scores.json,9eefa9624ded9e36d91a9abc15ad5c457bcbc5d04824ebcb28e517c0bdb4455c
1219,9327,2.6.24-rc2,Qwen3-14B,1,"A,D1,C1,B2,D2,C2,B1",complete,True,,runs\main\saner-main-v1\local-qwen3-14b\task-9327\rep-1\summary.json,275ea67aca9e79cd369daf7639f3d085b0781d9ece387380b05b9d8973644cd3,runs\main\saner-main-v1\local-qwen3-14b\task-9327\rep-1\scores.json,cb4d154d5c7f128e6ff9a46093fb03668a785327b2855d13c21ca857d01107e0
1220,9327,2.6.24-rc2,Qwen3-14B,2,"D2,C1,A,B2,D1,C2,B1",complete,True,,runs\main\saner-main-v1\local-qwen3-14b\task-9327\rep-2\summary.json,57e97e942cef68ced50634e31e841cc83f8a0470b0f622e9fa8590e8f86351d7,runs\main\saner-main-v1\local-qwen3-14b\task-9327\rep-2\scores.json,8561e9df5b4ce9aeca639623322a39fab929e4389247f7e8b702f20a55612626
1221,9327,2.6.24-rc2,Qwen3-14B,3,"B1,A,C2,C1,D1,B2,D2",complete,True,,runs\main\saner-main-v1\local-qwen3-14b\task-9327\rep-3\summary.json,fd63b9cfff708d02baf247c78ffb1854b3c242608f8e36e2028f56478daab9fd,runs\main\saner-main-v1\local-qwen3-14b\task-9327\rep-3\scores.json,53ea3debfe121be06b131362972203640bcdc24c816a11d853850bd59baca2a4
1222,9327,2.6.24-rc2,qwen-plus-2025-12-01,1,"C2,A,B2,C1,B1,D1,D2",complete,True,,runs\main\saner-main-v1\service-qwen-plus\task-9327\rep-1\summary.json,0216662e6be03a08edbe0dd2fae3ece1d8ba0221f404636cdc9956dc7ab089cf,runs\main\saner-main-v1\service-qwen-plus\task-9327\rep-1\scores.json,5a337109cb9a793ea3352b36200c3788409a9e92d9b81145393e051ea18515ae
1223,9327,2.6.24-rc2,qwen-plus-2025-12-01,2,"B2,D1,B1,C1,A,D2,C2",complete,True,,runs\main\saner-main-v1\service-qwen-plus\task-9327\rep-2\summary.json,e3cd9bd01a1bc6276b87da6686365bacb8eb6dddfbded586fc5289acd57c6663,runs\main\saner-main-v1\service-qwen-plus\task-9327\rep-2\scores.json,1958765506f982314555bec0d198608c3f1a6c5e8b9cd03d0644d87905de3925
1224,9327,2.6.24-rc2,qwen-plus-2025-12-01,3,"D1,A,D2,B1,C1,B2,C2",complete,True,,runs\main\saner-main-v1\service-qwen-plus\task-9327\rep-3\summary.json,e1bf3db2536d748928d12aadbd264379d0e6d62543ae4165e035b9c1bf149ffb,runs\main\saner-main-v1\service-qwen-plus\task-9327\rep-3\scores.json,abdd8568262de0ee448a017c16b3739c047ff9d9cd79e58a699d916f51c6ba02
1225,9843,2.6.24,Qwen3-14B,1,"B2,C1,A,B1,C2,D2,D1",complete,True,,runs\main\saner-main-v1\local-qwen3-14b\task-9843\rep-1\summary.json,118b47b7447fedb8e0191e9ff6b628828330fb7db7cca2ed19890e5d7094e47b,runs\main\saner-main-v1\local-qwen3-14b\task-9843\rep-1\scores.json,a06fa234c5d3b50ea4496cbb27b1ae72ba32c2c554303b142b1ffa1840f6e024
1226,9843,2.6.24,Qwen3-14B,2,"D2,A,D1,B1,B2,C2,C1",complete,True,,runs\main\saner-main-v1\local-qwen3-14b\task-9843\rep-2\summary.json,96cdff1099a8415d0c1cff654a1769fc69c138fdfb4c7da75618ab1b9c31f2c4,runs\main\saner-main-v1\local-qwen3-14b\task-9843\rep-2\scores.json,bcb0fa0dd90ffd7fd893fff1c017fef77836b224c4b72d7af1da8abfd053e938
1227,9843,2.6.24,Qwen3-14B,3,"C1,C2,B2,D1,A,D2,B1",complete,True,,runs\main\saner-main-v1\local-qwen3-14b\task-9843\rep-3\summary.json,3b1d35689b2f4bc7f58bb7852ad87a2654d1049dde6f117c7695270b1999943b,runs\main\saner-main-v1\local-qwen3-14b\task-9843\rep-3\scores.json,53080fda9a39a85b9ec2c7df4b5a0a1f4dca10d944ee11c802cbb5cad23c5309
1228,9843,2.6.24,qwen-plus-2025-12-01,1,"D1,B2,A,C1,C2,B1,D2",complete,True,,runs\main\saner-main-v1\service-qwen-plus\task-9843\rep-1\summary.json,cb3f34abaab3408903afdb3a058f34db3a09c229e09425fba733cead1f64276b,runs\main\saner-main-v1\service-qwen-plus\task-9843\rep-1\scores.json,0b55e142b89d5e07c36787d6a9842780f9eef1794ba2cd6fb92823fc998ac326
1229,9843,2.6.24,qwen-plus-2025-12-01,2,"C2,B2,C1,A,B1,D2,D1",complete,True,,runs\main\saner-main-v1\service-qwen-plus\task-9843\rep-2\summary.json,92846c923e6d48b26422c90f6ac1fbf82ce9afb92e064fcfdb3336fa8a0338c6,runs\main\saner-main-v1\service-qwen-plus\task-9843\rep-2\scores.json,1fe5ce9c4e74aba9f081e39b9fa2114633b99455ae1bd67a7e77762c1acd95f7
1230,9843,2.6.24,qwen-plus-2025-12-01,3,"A,B2,C2,B1,C1,D2,D1",complete,True,,runs\main\saner-main-v1\service-qwen-plus\task-9843\rep-3\summary.json,9dadbb8879dbe97942601834b92a74f0e5cb320ab04790975d754e77f6d95124,runs\main\saner-main-v1\service-qwen-plus\task-9843\rep-3\scores.json,88cb8d95977553cf8224de3ec6f58e6928234df3481e32cbe39802abb29759d0
1231,15537,2.6.34-rc1,Qwen3-14B,1,"D1,A,C2,D2,B1,C1,B2",complete,True,,runs\main\saner-main-v1\local-qwen3-14b\task-15537\rep-1\summary.json,346d72e2a98847b901f6dcbee125d5a9b91634411db22aceb4d90cfbaae75a74,runs\main\saner-main-v1\local-qwen3-14b\task-15537\rep-1\scores.json,e32838b47f944f8d9f1ed45cf113108d5a31d365bf42e7e5358ae4eaec95c7ef
1232,15537,2.6.34-rc1,Qwen3-14B,2,"D2,D1,A,B1,C2,B2,C1",complete,True,,runs\main\saner-main-v1\local-qwen3-14b\task-15537\rep-2\summary.json,404d42cff389270e7214fc6657439a9620517247498eb681db7ab30ca812e59d,runs\main\saner-main-v1\local-qwen3-14b\task-15537\rep-2\scores.json,7da325385fefc578ab90849670d224a6608bc77cf7961ef215178bbbe9453b69
1233,15537,2.6.34-rc1,Qwen3-14B,3,"B1,A,B2,D1,D2,C1,C2",complete,True,,runs\main\saner-main-v1\local-qwen3-14b\task-15537\rep-3\summary.json,06d4b52c4db5724293e578cdf049d56fd7daa256e9b327fb5c76f4f4587d8a1f,runs\main\saner-main-v1\local-qwen3-14b\task-15537\rep-3\scores.json,c680301e41c23d35c7fdedd3346ea9c57aee4db00a15849cff5bc8b8959560f3
1234,15537,2.6.34-rc1,qwen-plus-2025-12-01,1,"B2,C1,C2,D2,B1,A,D1",complete,True,,runs\main\saner-main-v1\service-qwen-plus\task-15537\rep-1\summary.json,fe48e386f1437830964f9b6bf93129dc08694e907096a9d65268d9b298f43bfc,runs\main\saner-main-v1\service-qwen-plus\task-15537\rep-1\scores.json,d6697d0f7c72b7d6a4499e14e5c07a59def922a53e882f66e3dc7d2829c9361e
1235,15537,2.6.34-rc1,qwen-plus-2025-12-01,2,"B1,D2,C1,D1,B2,C2,A",complete,True,,runs\main\saner-main-v1\service-qwen-plus\task-15537\rep-2\summary.json,b4a77b9abf76fea1f30f3b32f4f3c8377fdc2d8ba94ce01a15cd163719716550,runs\main\saner-main-v1\service-qwen-plus\task-15537\rep-2\scores.json,64c325b1234cfdcccfdd1baf9ccf386a954bb46fcc834763ea75a65a6b54db43
1236,15537,2.6.34-rc1,qwen-plus-2025-12-01,3,"C2,B1,D2,C1,B2,D1,A",complete,True,,runs\main\saner-main-v1\service-qwen-plus\task-15537\rep-3\summary.json,39e6c770f0348a461cbe43a9c40dc11e77861bf1cfb1c28d7769199925318909,runs\main\saner-main-v1\service-qwen-plus\task-15537\rep-3\scores.json,d3be298f98b7cd42d006e76bb282db83c43b7e47e790054b291967252fddaa3e
1237,15118,2.6.32,Qwen3-14B,1,"B1,D1,D2,C1,B2,C2,A",complete,True,,runs\main\saner-main-v1\local-qwen3-14b\task-15118\rep-1\summary.json,d90720ac90a44466920d01b43caf1289a320ab1ba2cf0beca23b833c35a85295,runs\main\saner-main-v1\local-qwen3-14b\task-15118\rep-1\scores.json,0e6be76a1f9b7882a5b02bf3f77ed420d67079a9adcd0e83a09de67c41246619
1238,15118,2.6.32,Qwen3-14B,2,"B2,D2,C2,A,C1,D1,B1",complete,True,,runs\main\saner-main-v1\local-qwen3-14b\task-15118\rep-2\summary.json,2fba53988343996db3eeb27d22d1f55115ca7c66568f358e7a3881e6ff516e28,runs\main\saner-main-v1\local-qwen3-14b\task-15118\rep-2\scores.json,fc5a4c8a0670bd901df3e8c62f6c93667c719cdbc1bf6c0f07d7f0d2156cac28
1239,15118,2.6.32,Qwen3-14B,3,"D1,A,C1,C2,B1,D2,B2",complete,True,,runs\main\saner-main-v1\local-qwen3-14b\task-15118\rep-3\summary.json,d14c3a97dc7157dc46cb0f25277bc11e34464f28a4ad6e3d3e2c48705b29dbc3,runs\main\saner-main-v1\local-qwen3-14b\task-15118\rep-3\scores.json,6e6d9c84e9dd34660efda8eb1be7a6b39fe75ad25bfa6ff304c3537d8bae63e2
1240,15118,2.6.32,qwen-plus-2025-12-01,1,"D2,B1,C2,C1,D1,A,B2",complete,True,,runs\main\saner-main-v1\service-qwen-plus\task-15118\rep-1\summary.json,617c6f2f01647cd4579aa45d632fa210bbfba0b3f0fd4ed6b612425f8b18dfb1,runs\main\saner-main-v1\service-qwen-plus\task-15118\rep-1\scores.json,248632c7f262efabfe8e98e656c961a52b1b16288cfe2b6c016333b89da42a18
1241,15118,2.6.32,qwen-plus-2025-12-01,2,"B1,C1,B2,D2,A,C2,D1",complete,True,,runs\main\saner-main-v1\service-qwen-plus\task-15118\rep-2\summary.json,fa8c79fc754c7a3bd92ed2de44e17f92941ef49fbefa51ff0e8353d728c8eee5,runs\main\saner-main-v1\service-qwen-plus\task-15118\rep-2\scores.json,9b28b60214de67a3f53d99abc6a4c6032b77522860ae50e9ae3a5165d87446ee
1242,15118,2.6.32,qwen-plus-2025-12-01,3,"D2,B1,A,D1,C2,B2,C1",complete,True,,runs\main\saner-main-v1\service-qwen-plus\task-15118\rep-3\summary.json,2cc6c80b9705a5d66c37897c84e30a941bc3649f799591bb47b07563c04d341f,runs\main\saner-main-v1\service-qwen-plus\task-15118\rep-3\scores.json,6dd11034c718ccc327ed0d7b11bb67573afc6ccaecb67a4e0608c839603ff087
1243,4312,2.6.11,Qwen3-14B,1,"D2,B1,B2,C1,C2,D1,A",complete,True,,runs\main\saner-main-v1\local-qwen3-14b\task-4312\rep-1\summary.json,8d6f5d51047fe0a4358c39ec00ada2276b00d72faa936505a5fccb423a3a3f02,runs\main\saner-main-v1\local-qwen3-14b\task-4312\rep-1\scores.json,535c62a529f6bc2aedfca60d4596fc50eb90606f1e6ee4ce082c4f7a0c998ba3
1244,4312,2.6.11,Qwen3-14B,2,"D1,B2,C1,B1,C2,A,D2",complete,True,,runs\main\saner-main-v1\local-qwen3-14b\task-4312\rep-2\summary.json,886cd30176db714b9052d1e54323b587bc822f7ff78726e06a6abd4a3fdf3682,runs\main\saner-main-v1\local-qwen3-14b\task-4312\rep-2\scores.json,aee273fc2734b847d2924204ed7a3922a56f009f8982cf7de4f289bfe2c5adb0
1245,4312,2.6.11,Qwen3-14B,3,"D2,A,C2,C1,B1,B2,D1",complete,True,,runs\main\saner-main-v1\local-qwen3-14b\task-4312\rep-3\summary.json,c70656c32ad1ee2ac42781e307f3c04c9606e7509ac4237e99f7986a7c535b85,runs\main\saner-main-v1\local-qwen3-14b\task-4312\rep-3\scores.json,f5df525c33b95e4eb6caf365aec23f3c890d8e8627749b058d95c6d6ddd60a82
1246,4312,2.6.11,qwen-plus-2025-12-01,1,"C1,D2,C2,B1,B2,D1,A",complete,True,,runs\main\saner-main-v1\service-qwen-plus\task-4312\rep-1\summary.json,ac425b2713414b14c8bd6dcf4eea36511c6e12ac6484cf43cc79c4bc1961d6c5,runs\main\saner-main-v1\service-qwen-plus\task-4312\rep-1\scores.json,79b1eef6d7b5e5fce47474cb88d8bfc50ee8a0f08964d4efe1fc6f65be763b96
1247,4312,2.6.11,qwen-plus-2025-12-01,2,"C1,D1,A,B1,B2,D2,C2",complete,True,,runs\main\saner-main-v1\service-qwen-plus\task-4312\rep-2\summary.json,ff415be34771e4e133f6391706000773db2501a6c70605edcb8955d0ffdb51d8,runs\main\saner-main-v1\service-qwen-plus\task-4312\rep-2\scores.json,2e7b75949cbceb527e4cd7443a1d045d19d16283fc5d332e3ed0ec43f5eab4bf
1248,4312,2.6.11,qwen-plus-2025-12-01,3,"C1,C2,B2,A,B1,D2,D1",complete,True,,runs\main\saner-main-v1\service-qwen-plus\task-4312\rep-3\summary.json,689dd3c332e77acd78dda544db92df909605047faf23b10ae92bef1659fbbabf,runs\main\saner-main-v1\service-qwen-plus\task-4312\rep-3\scores.json,41e8ae14cfca1a3ee5c95add4af926a7e295535aa624e946cc4a8c9545d9d028
1249,14181,2.6.31,Qwen3-14B,1,"C2,D2,D1,B1,B2,C1,A",complete,True,,runs\main\saner-main-v1\local-qwen3-14b\task-14181\rep-1\summary.json,29ad183ae498e6ba082bc426caeabb458a3673525ac52560726fc29adafb15bb,runs\main\saner-main-v1\local-qwen3-14b\task-14181\rep-1\scores.json,4c20328e1a61316e5e67c275d98cb4f30ca9eca4396940a7bc57c74141c85bbf
1250,14181,2.6.31,Qwen3-14B,2,"C1,A,D1,D2,C2,B2,B1",complete,True,,runs\main\saner-main-v1\local-qwen3-14b\task-14181\rep-2\summary.json,aefd9980586dce892429db6718013abf364675f9a5b0ce4297eb4337c25bdf68,runs\main\saner-main-v1\local-qwen3-14b\task-14181\rep-2\scores.json,01da04d71863565738a982a486f306e47f21506c1dc75586da2ccc2b136f9f70
1251,14181,2.6.31,Qwen3-14B,3,"B1,C2,A,D2,B2,D1,C1",complete,True,,runs\main\saner-main-v1\local-qwen3-14b\task-14181\rep-3\summary.json,d40ecbacff4bb74a6a465c4128c06519afa1b69093e1a7ba091a51470f5e237a,runs\main\saner-main-v1\local-qwen3-14b\task-14181\rep-3\scores.json,accf0331ec401e91e2c06e5903e35866d72c59587537669b8bfea711dc50f328
1252,14181,2.6.31,qwen-plus-2025-12-01,1,"D2,B1,D1,A,C2,B2,C1",complete,True,,runs\main\saner-main-v1\service-qwen-plus\task-14181\rep-1\summary.json,c4454430a569ac50cc4e66eb341dfe4d7efdd716bb19d9ab81cd5a37261cbbf3,runs\main\saner-main-v1\service-qwen-plus\task-14181\rep-1\scores.json,901fda880529919eb56b30818b9012c6b4478a147d9c732949e997aada307a3b
1253,14181,2.6.31,qwen-plus-2025-12-01,2,"A,C1,B2,C2,B1,D2,D1",complete,True,,runs\main\saner-main-v1\service-qwen-plus\task-14181\rep-2\summary.json,f38bf77e89aff6de98186dd2c62929fd65217115ec3afc8866663e16fdabd530,runs\main\saner-main-v1\service-qwen-plus\task-14181\rep-2\scores.json,0b9f2e08bf38604d0fec44554bf39f5b9b550ce0c3691d2bfc65478d8d68c668
1254,14181,2.6.31,qwen-plus-2025-12-01,3,"B2,C2,C1,D2,B1,A,D1",complete,True,,runs\main\saner-main-v1\service-qwen-plus\task-14181\rep-3\summary.json,cc5cec150f74512f095d93320a4436b32decc0d64629c2b9c33166aef53beeb0,runs\main\saner-main-v1\service-qwen-plus\task-14181\rep-3\scores.json,d102a1dbebce5b7139f12d911e81a0215862aea2971c7cb635eb0b75b04bc878
1255,15982,2.6.34,Qwen3-14B,1,"C2,D1,C1,B1,B2,D2,A",complete,True,,runs\main\saner-main-v1\local-qwen3-14b\task-15982\rep-1\summary.json,29068601ed3e62ed53b8fd696046967c8c5e01d67a54e74594c7ec862a14418e,runs\main\saner-main-v1\local-qwen3-14b\task-15982\rep-1\scores.json,c14dd2b528d8555a9d3901713e3d0a517bdf69de8b03fc7f7c7eda3804633fdd
1256,15982,2.6.34,Qwen3-14B,2,"B1,C2,D1,C1,D2,A,B2",complete,True,,runs\main\saner-main-v1\local-qwen3-14b\task-15982\rep-2\summary.json,86dec551025859687d4af3927f425816e138a249fecee1ec55ecb27eb1ef702a,runs\main\saner-main-v1\local-qwen3-14b\task-15982\rep-2\scores.json,54b95bcefe584c8a79b6938c5a643a3fdff6f22638559055eab8087869854f80
1257,15982,2.6.34,Qwen3-14B,3,"B2,D2,D1,A,C2,B1,C1",complete,True,,runs\main\saner-main-v1\local-qwen3-14b\task-15982\rep-3\summary.json,dd856287ba855456939f53999b1f0153aff33b533f89fbdbdabe2c1d2b02e91f,runs\main\saner-main-v1\local-qwen3-14b\task-15982\rep-3\scores.json,ac6a077eeb0d2fc3e7149f820d066a210d5fa32ae0c8098c45ea04d235ccf4dc
1258,15982,2.6.34,qwen-plus-2025-12-01,1,"C1,A,D2,C2,B2,D1,B1",complete,True,,runs\main\saner-main-v1\service-qwen-plus\task-15982\rep-1\summary.json,0e3b58e55687d15625361dcb4022db370747e11abe39a014d538dab183e0e3e1,runs\main\saner-main-v1\service-qwen-plus\task-15982\rep-1\scores.json,eb418c40462c3b62b9801cccff1b44aa9f358561612b637b1324c5125cde3a13
1259,15982,2.6.34,qwen-plus-2025-12-01,2,"C1,D2,A,D1,C2,B2,B1",complete,True,,runs\main\saner-main-v1\service-qwen-plus\task-15982\rep-2\summary.json,ab8943f4850b5dd636c52a258d7159708f7a55ce12c2e93dd193279c237922eb,runs\main\saner-main-v1\service-qwen-plus\task-15982\rep-2\scores.json,1a0e3dc882adf9757407a0895b2fa1455b2114bc850a13577f06404d4831031d
1260,15982,2.6.34,qwen-plus-2025-12-01,3,"C1,D1,B2,D2,C2,B1,A",complete,True,,runs\main\saner-main-v1\service-qwen-plus\task-15982\rep-3\summary.json,e0578bddf70beb710b06264c426fa3152d95f601ee7621458a5dc8510e0dd28b,runs\main\saner-main-v1\service-qwen-plus\task-15982\rep-3\scores.json,5473b44cc0454c1d6861dbf8c5f8144360d55d8e70ef7aeb85bb0e90e6349cee
1261,8995,2.6.22,Qwen3-14B,1,"A,C1,D1,D2,B2,B1,C2",complete,True,,runs\main\saner-main-v1\local-qwen3-14b\task-8995\rep-1\summary.json,6b1370f7bf1391feba7fe6ce9a8831cd9f67d739f6b6546d684c1fe74a190d85,runs\main\saner-main-v1\local-qwen3-14b\task-8995\rep-1\scores.json,ad592ee7641d0cb8c09d58625f47ec24c9ee4db991b4ed70881644cb2341ee22
1262,8995,2.6.22,Qwen3-14B,2,"B1,C2,A,D2,C1,D1,B2",complete,True,,runs\main\saner-main-v1\local-qwen3-14b\task-8995\rep-2\summary.json,16a6beb62178ee4ed3a8dce78399719eed534281bec3dbf63d60e3cdcd838ba9,runs\main\saner-main-v1\local-qwen3-14b\task-8995\rep-2\scores.json,438d56cdf056da1e964ecc8328691bb33ea964c358214d66b4ee14dd3f0c6342
1263,8995,2.6.22,Qwen3-14B,3,"A,D2,C2,B1,D1,B2,C1",complete,True,,runs\main\saner-main-v1\local-qwen3-14b\task-8995\rep-3\summary.json,aa834f313a6b07719236f8c2521cde3624099a37b9b8a8b57722c7f2ca478b56,runs\main\saner-main-v1\local-qwen3-14b\task-8995\rep-3\scores.json,a4dab79f036d134be718d6520561ad23a37aa697e78a17a5455e40758463f10a
1264,8995,2.6.22,qwen-plus-2025-12-01,1,"D2,D1,A,C2,B2,B1,C1",complete,True,,runs\main\saner-main-v1\service-qwen-plus\task-8995\rep-1\summary.json,b53f905e4739070c87ec7165a300f6b57849569e0ca5711c4260d95dfb8f3222,runs\main\saner-main-v1\service-qwen-plus\task-8995\rep-1\scores.json,7648ec2b5d6ba2cc31874574fd9bb410d6d62115b9060f2766e284deff603b12
1265,8995,2.6.22,qwen-plus-2025-12-01,2,"B2,A,C1,D2,D1,B1,C2",complete,True,,runs\main\saner-main-v1\service-qwen-plus\task-8995\rep-2\summary.json,29b980835e87cdc282352f9312683943940699be17dbaf57f08bda5732d4d4ca,runs\main\saner-main-v1\service-qwen-plus\task-8995\rep-2\scores.json,3f30252b2f728189335f395bf8a1e28653f78c1fb922706fc9470627dde0c957
1266,8995,2.6.22,qwen-plus-2025-12-01,3,"C1,B1,D2,D1,B2,C2,A",complete,True,,runs\main\saner-main-v1\service-qwen-plus\task-8995\rep-3\summary.json,203843d9f3773cdef0b509a0f35977df0c2f53cd70d8288a92b85818c71ea6ac,runs\main\saner-main-v1\service-qwen-plus\task-8995\rep-3\scores.json,49cbe8b83bb5cedf368a89bda7730a14da07d1f053ea0c11a6f8c5f920778894
1267,8721,2.6.21,Qwen3-14B,1,"C1,B1,A,D2,C2,D1,B2",complete,True,,runs\main\saner-main-v1\local-qwen3-14b\task-8721\rep-1\summary.json,07602f0549181788cc6b614d369b8ae690231a0b8a846d0b85f6b2b7f0a18f4c,runs\main\saner-main-v1\local-qwen3-14b\task-8721\rep-1\scores.json,bf5fecc008d347a7f5c56b6ea07880dae2b018ca1c218b163a1cc4b598dcec48
1268,8721,2.6.21,Qwen3-14B,2,"B2,D1,C1,D2,C2,B1,A",complete,True,,runs\main\saner-main-v1\local-qwen3-14b\task-8721\rep-2\summary.json,36f7913589d1afa73d7613a914154ecc91778f3115ee76cf0e22da9734565894,runs\main\saner-main-v1\local-qwen3-14b\task-8721\rep-2\scores.json,1918ec99c54b47a8281b4608c4046d5885fbde29863f7403f1b69b2053d7bdd4
1269,8721,2.6.21,Qwen3-14B,3,"B1,D1,C2,D2,B2,C1,A",complete,True,,runs\main\saner-main-v1\local-qwen3-14b\task-8721\rep-3\summary.json,5b6044e12e98a78b889ec0bc067976411388ae970548a0ed6b17da92b09dd30a,runs\main\saner-main-v1\local-qwen3-14b\task-8721\rep-3\scores.json,9e6a7ed70fcfa2dc871822db86e4c36e5d54287a36e2da5e0d519847bd3c0c42
1270,8721,2.6.21,qwen-plus-2025-12-01,1,"C2,C1,A,D1,B1,B2,D2",complete,True,,runs\main\saner-main-v1\service-qwen-plus\task-8721\rep-1\summary.json,461d674683555def4c2a3149d005ced69b0eafa70867ebdf77003b5a1ff1d8f9,runs\main\saner-main-v1\service-qwen-plus\task-8721\rep-1\scores.json,785ff95a1deb9b6df37caca982854235df25bc0dab9025ee055dd1e7f609e815
1271,8721,2.6.21,qwen-plus-2025-12-01,2,"C1,B2,C2,B1,D1,A,D2",complete,True,,runs\main\saner-main-v1\service-qwen-plus\task-8721\rep-2\summary.json,f88deddbb0bf73590a49dd410ce787095f56b51c5b12ba0029dab7da8d4c6c74,runs\main\saner-main-v1\service-qwen-plus\task-8721\rep-2\scores.json,dbe2b2d5a492426ae11dd8448904e9f02b25610203eafe1b6b83749e82094168
1272,8721,2.6.21,qwen-plus-2025-12-01,3,"C2,D2,C1,B2,A,B1,D1",complete,True,,runs\main\saner-main-v1\service-qwen-plus\task-8721\rep-3\summary.json,360878e95b759ab7eac9b912c2eeca79220846c18ac968c2dca1e100218b5374,runs\main\saner-main-v1\service-qwen-plus\task-8721\rep-3\scores.json,80d45628a0b079e67eb8a99255d4ebe4be69636c4bb99cc32d637a0895d1a429
1273,7303,2.6.18,Qwen3-14B,1,"B2,B1,D1,C1,C2,A,D2",complete,True,,runs\main\saner-main-v1\local-qwen3-14b\task-7303\rep-1\summary.json,6b60ad8837684b27606b69e547db1392df029b0f20f2e50349b59f1bb58c65f8,runs\main\saner-main-v1\local-qwen3-14b\task-7303\rep-1\scores.json,af512d76688cecfe3ba4d9b96d21366fc3833ba88531ae80706bb22c6bf18a50
1274,7303,2.6.18,Qwen3-14B,2,"C2,D1,D2,B2,A,C1,B1",complete,True,,runs\main\saner-main-v1\local-qwen3-14b\task-7303\rep-2\summary.json,5b0d45412f06199d843f0c1b2c45783c2ca6d1a373326162d87d7c944da3ad5a,runs\main\saner-main-v1\local-qwen3-14b\task-7303\rep-2\scores.json,4d7a7fd3770bb22529cc2a5d69e86759009468f49e92b96bbce5a58b6c976e7b
1275,7303,2.6.18,Qwen3-14B,3,"A,D2,B2,C1,D1,B1,C2",complete,True,,runs\main\saner-main-v1\local-qwen3-14b\task-7303\rep-3\summary.json,2ef9273d7dfa596a62eafdb7c7701df22f8f0e21896adb1f4e822ed1f3e42c5b,runs\main\saner-main-v1\local-qwen3-14b\task-7303\rep-3\scores.json,094895ee85f4f14b3f7f26bb90426a96b6a5f88def8c74e343d4ce62f7b19e2a
1276,7303,2.6.18,qwen-plus-2025-12-01,1,"D1,A,C2,B1,D2,C1,B2",complete,True,,runs\main\saner-main-v1\service-qwen-plus\task-7303\rep-1\summary.json,872f200637162d6680b1c513088203f4477f3c8dbf0f6391616ffa39cff01df2,runs\main\saner-main-v1\service-qwen-plus\task-7303\rep-1\scores.json,6f6c6b9cd0061a9d3032951dd16076afb3454bf1debb9672f60b1e82255ba52e
1277,7303,2.6.18,qwen-plus-2025-12-01,2,"D1,B1,A,B2,D2,C1,C2",complete,True,,runs\main\saner-main-v1\service-qwen-plus\task-7303\rep-2\summary.json,1de08aff7d591a07acea5e8dda99589797eda4a32cdd89028dcbe1727c7d24ad,runs\main\saner-main-v1\service-qwen-plus\task-7303\rep-2\scores.json,c4676f6ee5b9c04a4c10da13f5f706e56393ae8d35d1e762c0cfa61675d7f4ea
1278,7303,2.6.18,qwen-plus-2025-12-01,3,"D1,C1,D2,B1,C2,B2,A",complete,True,,runs\main\saner-main-v1\service-qwen-plus\task-7303\rep-3\summary.json,2497fcd3b92be018f5d9be45c2477c83babedaad77e8cf0160d1bf003810d0f3,runs\main\saner-main-v1\service-qwen-plus\task-7303\rep-3\scores.json,2e153d23788b40992900b608d72c79ccc0c6d90fb3f06248573a10671671549f
1279,13823,2.6.29,Qwen3-14B,1,"A,C1,B2,B1,D1,C2,D2",complete,True,,runs\main\saner-main-v1\local-qwen3-14b\task-13823\rep-1\summary.json,293a0dbbe6547d0c4a1d4e09e1b11af29ed92666f5205a749df5b3a482716519,runs\main\saner-main-v1\local-qwen3-14b\task-13823\rep-1\scores.json,8d8092f35d7aad811b80c50ba8528c3801e389ba100216b7777f7290cd799006
1280,13823,2.6.29,Qwen3-14B,2,"D1,D2,B1,A,C2,C1,B2",complete,True,,runs\main\saner-main-v1\local-qwen3-14b\task-13823\rep-2\summary.json,02f09ca8d3c909fd872273312e66b92fe7e697811bc46049562a35cf1c6ce45f,runs\main\saner-main-v1\local-qwen3-14b\task-13823\rep-2\scores.json,bc3bcbef8a51b79dae47f2bfda25ae232142fa3e2d5a44904b41da5064ead612
1281,13823,2.6.29,Qwen3-14B,3,"B2,B1,C2,C1,D1,A,D2",complete,True,,runs\main\saner-main-v1\local-qwen3-14b\task-13823\rep-3\summary.json,c8dd30bdee8964626c06b05f0f540f47aeff5c199b6f10181b5ac35ba4ba5b72,runs\main\saner-main-v1\local-qwen3-14b\task-13823\rep-3\scores.json,2fb0fa0152c3c52571a3642479c5b13f872c74e27f97ab5edde32f11088af10e
1282,13823,2.6.29,qwen-plus-2025-12-01,1,"D1,B2,A,C2,C1,B1,D2",complete,True,,runs\main\saner-main-v1\service-qwen-plus\task-13823\rep-1\summary.json,3e8c8c91102f3d0e3d57292cf97f52c988082d86cc1200d8fbd062f29ea3d24e,runs\main\saner-main-v1\service-qwen-plus\task-13823\rep-1\scores.json,2122045aff81d0b5198abfd1ad6b90e616d71a42d5bd04fd8791efd64c40f1a3
1283,13823,2.6.29,qwen-plus-2025-12-01,2,"B2,C2,C1,D2,B1,D1,A",complete,True,,runs\main\saner-main-v1\service-qwen-plus\task-13823\rep-2\summary.json,3baa2b4233cf7bc436225752380e9ad69248dd2f58e411a583a907fa779870d6,runs\main\saner-main-v1\service-qwen-plus\task-13823\rep-2\scores.json,ba46997fa035a115a485ff84dd2fdd3f1cb321cf055a9c72eef0c2d5d03148bd
1284,13823,2.6.29,qwen-plus-2025-12-01,3,"A,C1,B1,D2,C2,D1,B2",complete,True,,runs\main\saner-main-v1\service-qwen-plus\task-13823\rep-3\summary.json,dc4a93bc7f84a51a2153ac9e6fd44b370ac4cdfc553ae7cb6616823b99c92b66,runs\main\saner-main-v1\service-qwen-plus\task-13823\rep-3\scores.json,dabba8df872045bb93c2c5079bb6774a73d0d6deccefd732969b4f8103e335d9
1285,10077,2.6.25,Qwen3-14B,1,"D2,D1,B2,C2,C1,B1,A",complete,True,,runs\main\saner-main-v1\local-qwen3-14b\task-10077\rep-1\summary.json,3242a77f6412a21437af097bf9d7fe5ac7e93d52a22f88e9b5d5d96a13cd6aa2,runs\main\saner-main-v1\local-qwen3-14b\task-10077\rep-1\scores.json,42a718b3865755516fe2a72308faf0f5d68d084a9ed6123c634b6939ae57e889
1286,10077,2.6.25,Qwen3-14B,2,"D1,C1,D2,B2,A,C2,B1",complete,True,,runs\main\saner-main-v1\local-qwen3-14b\task-10077\rep-2\summary.json,42582454bdf61fb01453b4034d9b48e517f0bc01e14abf280430ab100c9b894f,runs\main\saner-main-v1\local-qwen3-14b\task-10077\rep-2\scores.json,7338db959bd76ae67e71263c7821d764ed2abdfd3f0eaa0b97195d563a644a2c
1287,10077,2.6.25,Qwen3-14B,3,"B2,C2,C1,B1,D2,A,D1",complete,True,,runs\main\saner-main-v1\local-qwen3-14b\task-10077\rep-3\summary.json,642be9157e6a092475a1599be495dcd7263ae11318aea1f6a8eb10ab45208a49,runs\main\saner-main-v1\local-qwen3-14b\task-10077\rep-3\scores.json,7d928a5937170ec596e8c502f7f44c5aedd5df646c084e8f9325f54b6712895d
1288,10077,2.6.25,qwen-plus-2025-12-01,1,"B1,A,D1,D2,C1,C2,B2",complete,True,,runs\main\saner-main-v1\service-qwen-plus\task-10077\rep-1\summary.json,68020bb1bc92c602414e990a09e10a2ad325d7c03e5872de62c2c9b999aee526,runs\main\saner-main-v1\service-qwen-plus\task-10077\rep-1\scores.json,9ee984ee91b6bfa6cecabf0b603356ba78d384b456f5a1fc003b25a83d3fa55c
1289,10077,2.6.25,qwen-plus-2025-12-01,2,"A,C1,D2,B1,C2,B2,D1",complete,True,,runs\main\saner-main-v1\service-qwen-plus\task-10077\rep-2\summary.json,01ea606d6bcd3bddb14fccb3f948018e71fb8bafca75c4afb81506efe33679ef,runs\main\saner-main-v1\service-qwen-plus\task-10077\rep-2\scores.json,3deac96ab72b0b3e1e4523955790d3aa4a1f7a00b14681d70d95fc7b1ed1e330
1290,10077,2.6.25,qwen-plus-2025-12-01,3,"D1,C2,C1,B1,A,B2,D2",complete,True,,runs\main\saner-main-v1\service-qwen-plus\task-10077\rep-3\summary.json,f46882d67d57ddf94ddaabfb3dbcda7678f8bd3219eb6459ae060ef8c0cd3173,runs\main\saner-main-v1\service-qwen-plus\task-10077\rep-3\scores.json,43e426454cb5cb24b82ae5ef8972d7f16bd0b63530241cc05688f937b20a3efe
1291,206661,5.6-rc2,Qwen3-14B,1,"A,D1,C1,B2,D2,B1,C2",complete,True,,runs\main\saner-main-v1\local-qwen3-14b\task-206661\rep-1\summary.json,206f450cdd0c0b46980319a91dfbafa07ad8b9465f130b02aa0ae89d3b48dfec,runs\main\saner-main-v1\local-qwen3-14b\task-206661\rep-1\scores.json,93cca2c505b594c910fbd66ee03defe717d60d97546e523b246801c1713a0e23
1292,206661,5.6-rc2,Qwen3-14B,2,"A,D2,C2,B2,C1,D1,B1",complete,True,,runs\main\saner-main-v1\local-qwen3-14b\task-206661\rep-2\summary.json,2f0ca9c2a10ac8fccece272cfc36b67823c6a5b52270ed5e31b4095144f3f31c,runs\main\saner-main-v1\local-qwen3-14b\task-206661\rep-2\scores.json,bb22bf964fcfca11d4fc7d646e27c748f21e118763680f9ad7c4c74388496976
1293,206661,5.6-rc2,Qwen3-14B,3,"C1,A,B2,D2,B1,D1,C2",complete,True,,runs\main\saner-main-v1\local-qwen3-14b\task-206661\rep-3\summary.json,16be65c32c8cc45db9faf66db5befd59faaba5e6ab552198cbb8275906e1efb0,runs\main\saner-main-v1\local-qwen3-14b\task-206661\rep-3\scores.json,71ca4ec1bc0541a8b07b41dbbf54c2002a5adad151a6466d802cb68d3a35e9f4
1294,206661,5.6-rc2,qwen-plus-2025-12-01,1,"C2,D2,B1,D1,B2,C1,A",complete,True,,runs\main\saner-main-v1\service-qwen-plus\task-206661\rep-1\summary.json,4309831627da997cfbacdcaf109b258f703bb80fcac1a9efec4f995e9544dd69,runs\main\saner-main-v1\service-qwen-plus\task-206661\rep-1\scores.json,d79bab0dcdaa2473a1415178c8b48dcb1bd315dc603a8d083d4b695b0bac3ca2
1295,206661,5.6-rc2,qwen-plus-2025-12-01,2,"B1,B2,D2,C2,D1,A,C1",complete,True,,runs\main\saner-main-v1\service-qwen-plus\task-206661\rep-2\summary.json,ef1cd164fa83bc993222888d21a1096e14dba00f933740cf9c31017d93da08d6,runs\main\saner-main-v1\service-qwen-plus\task-206661\rep-2\scores.json,98895f9af73c12e3d2b51c827ebeb82063107c532c921152a700b279a8c3d595
1296,206661,5.6-rc2,qwen-plus-2025-12-01,3,"D1,C2,A,B2,C1,B1,D2",complete,True,,runs\main\saner-main-v1\service-qwen-plus\task-206661\rep-3\summary.json,a451a115fa9757879daac1bb9f0c12267a33c8557b96d050f3b3fc1cb6650400,runs\main\saner-main-v1\service-qwen-plus\task-206661\rep-3\scores.json,d869d336bc576b57d625029c2c943a1a75f4caff79991747bae1b347ac9a59b0
1297,11139,2.6.26,Qwen3-14B,1,"B1,C1,A,D2,D1,B2,C2",complete,True,,runs\main\saner-main-v1\local-qwen3-14b\task-11139\rep-1\summary.json,e0c94f6d6779b857e0fd3428ddb46b0822f4193c2c9e69ef0f95750a60b5d9ac,runs\main\saner-main-v1\local-qwen3-14b\task-11139\rep-1\scores.json,bfe728c1c422c2fda17a0f8deeaeefce828b454c259f3b45862be9dbbcb67969
1298,11139,2.6.26,Qwen3-14B,2,"C2,B2,C1,D2,D1,B1,A",complete,True,,runs\main\saner-main-v1\local-qwen3-14b\task-11139\rep-2\summary.json,665c52e36b67e42724460f02a5dafca0aeb2742eef4c46bd79b785e6b12c4c63,runs\main\saner-main-v1\local-qwen3-14b\task-11139\rep-2\scores.json,bf00f38db10d51ee497b3025b7682282eb3ea4a9aacca8b480e922a02bb01754
1299,11139,2.6.26,Qwen3-14B,3,"B1,C2,D1,A,B2,D2,C1",complete,True,,runs\main\saner-main-v1\local-qwen3-14b\task-11139\rep-3\summary.json,e7f89366e8072c821f0a30faa3d28e9b37abe9d6e62a94ccc7a7f93de4f45882,runs\main\saner-main-v1\local-qwen3-14b\task-11139\rep-3\scores.json,594f7dc941e5c572af819ff26056afb12bc1c368f88a18b831fb7cac6b47a764
1300,11139,2.6.26,qwen-plus-2025-12-01,1,"C2,D1,B2,D2,B1,C1,A",complete,True,,runs\main\saner-main-v1\service-qwen-plus\task-11139\rep-1\summary.json,ba8074fae058090218eb1436b9cf77d7d5bdb2c278e9d041d4641e962741bac5,runs\main\saner-main-v1\service-qwen-plus\task-11139\rep-1\scores.json,fb3e4f23b1f3b055d07320e16b0d2c3c4fc8d64a3f1a0b75483b5e5f036d5a29
1301,11139,2.6.26,qwen-plus-2025-12-01,2,"C1,C2,B2,B1,D2,A,D1",complete,True,,runs\main\saner-main-v1\service-qwen-plus\task-11139\rep-2\summary.json,ecf70e562d4d56a8267fc145cf7424c9efba62ada5e9334641b9229769ef611c,runs\main\saner-main-v1\service-qwen-plus\task-11139\rep-2\scores.json,b8e80fad668be924ef40a461392dd059b9aa4db8acddf3de8bf3abf424b2b1b3
1302,11139,2.6.26,qwen-plus-2025-12-01,3,"C1,B2,D2,C2,A,D1,B1",complete,True,,runs\main\saner-main-v1\service-qwen-plus\task-11139\rep-3\summary.json,00bca6b2ccd4e8a3a4b162ce0c002e0e3f3a5d477b83b10d0b5c5dc2143ef727,runs\main\saner-main-v1\service-qwen-plus\task-11139\rep-3\scores.json,90c2f4a8f9df09cbbd23783b36bdf41b33502469c3e434c271719f1a2df4774e
1303,7306,2.6.26,Qwen3-14B,1,"A,B1,D2,D1,C2,C1,B2",complete,True,,runs\main\saner-main-v1\local-qwen3-14b\task-7306\rep-1\summary.json,c8c99a55d6ac930bafbc4608ef09e6138a17afa9cd00ec8c4bf3719f13140fd9,runs\main\saner-main-v1\local-qwen3-14b\task-7306\rep-1\scores.json,cc615d6f944934935e86f9f97512ab1d13aa0ed8bd0da67443aa601c4335377f
1304,7306,2.6.26,Qwen3-14B,2,"B2,C2,B1,A,C1,D2,D1",complete,True,,runs\main\saner-main-v1\local-qwen3-14b\task-7306\rep-2\summary.json,561042fd69a949f1bf30a9b9ee7a34cc14ce04bb45a14b589597cd8557fe44c4,runs\main\saner-main-v1\local-qwen3-14b\task-7306\rep-2\scores.json,f0f0d402601a0cd2255c19e24c898737e8abb143373a855be66089209f4848d8
1305,7306,2.6.26,Qwen3-14B,3,"B2,C1,B1,C2,D1,D2,A",complete,True,,runs\main\saner-main-v1\local-qwen3-14b\task-7306\rep-3\summary.json,f902508180bd825df7aa84bf40885739423f392db3867e51d33f402d101fac89,runs\main\saner-main-v1\local-qwen3-14b\task-7306\rep-3\scores.json,4d54a0b87dc2a030a84283c829c926e59c4219a175ba749dd4db0c6337efe1aa
1306,7306,2.6.26,qwen-plus-2025-12-01,1,"B2,A,D2,D1,C1,C2,B1",complete,True,,runs\main\saner-main-v1\service-qwen-plus\task-7306\rep-1\summary.json,06108a75079ab5937a6a2cf52d697fde0c09bacb9fb9a07100268a5e197fc898,runs\main\saner-main-v1\service-qwen-plus\task-7306\rep-1\scores.json,3cad09c04217c3962d374dc0005d9e5133ca7d728df7935f8ef496671b3e248c
1307,7306,2.6.26,qwen-plus-2025-12-01,2,"D1,D2,B2,C1,A,B1,C2",complete,True,,runs\main\saner-main-v1\service-qwen-plus\task-7306\rep-2\summary.json,edb177ba288c6007c7d3596b03c5ff8cd163cdb9de09b84a57c8af4b3e7ca495,runs\main\saner-main-v1\service-qwen-plus\task-7306\rep-2\scores.json,ec404ff1e14cf84f817f7313387778b8f5f62be4a2fa8dd917a48b0ae9f8881a
1308,7306,2.6.26,qwen-plus-2025-12-01,3,"C2,C1,B1,D2,A,B2,D1",complete,True,,runs\main\saner-main-v1\service-qwen-plus\task-7306\rep-3\summary.json,e720186f1e55e5e94bc53018247ac0894872e03fb8d103f551e7a92f5eaca1d3,runs\main\saner-main-v1\service-qwen-plus\task-7306\rep-3\scores.json,239d55e32b2f74b05bedde0dadeff83231ff4860da701e9a326cdbee7de23fc3
1309,35472,2.6.38,Qwen3-14B,1,"D1,B2,A,C1,C2,B1,D2",complete,True,,runs\main\saner-main-v1\local-qwen3-14b\task-35472\rep-1\summary.json,459be29477fdb8819a437dde4c5f7023c338f2b546119b638b8ecd5e262be863,runs\main\saner-main-v1\local-qwen3-14b\task-35472\rep-1\scores.json,6f2e0d4e67830af38b4a51d8c82d7649ff059eb94afe84ed19d6a2bffd8f06a8
1310,35472,2.6.38,Qwen3-14B,2,"D1,B1,C2,A,D2,C1,B2",complete,True,,runs\main\saner-main-v1\local-qwen3-14b\task-35472\rep-2\summary.json,b054bfe90f807cac629b6f99a749ba7e56909b7715163f385e91794c4b2e3501,runs\main\saner-main-v1\local-qwen3-14b\task-35472\rep-2\scores.json,ff5c424937645bd151c4c22118ac480e6dc8c026f6568c60e49a1a9730c82f0f
1311,35472,2.6.38,Qwen3-14B,3,"C1,B2,B1,D2,D1,A,C2",complete,True,,runs\main\saner-main-v1\local-qwen3-14b\task-35472\rep-3\summary.json,15351aaa3b85c965f9a7c629facc93aa877cd55ca552801692771dc4bd2f5226,runs\main\saner-main-v1\local-qwen3-14b\task-35472\rep-3\scores.json,34862edb1a9b58b9aa4fcbda1952915a211ab011fcbac53cc5727d030933a704
1312,35472,2.6.38,qwen-plus-2025-12-01,1,"D2,A,C2,B1,C1,B2,D1",complete,True,,runs\main\saner-main-v1\service-qwen-plus\task-35472\rep-1\summary.json,8b17090035c64ab4fb8d37b0d1525733a589d19ea072f79fbcbd2f5bc4cab43a,runs\main\saner-main-v1\service-qwen-plus\task-35472\rep-1\scores.json,dcfcef700daf153dc40f64e6b939b52c5f934fed07876002c9526f70496c388c
1313,35472,2.6.38,qwen-plus-2025-12-01,2,"B1,D1,D2,C1,B2,A,C2",complete,True,,runs\main\saner-main-v1\service-qwen-plus\task-35472\rep-2\summary.json,dd3cae404bedfc86389877054181019cedc186351db96b6a98ccb7e68b1f4a35,runs\main\saner-main-v1\service-qwen-plus\task-35472\rep-2\scores.json,b9a4167db9ae1e15e5b90b092687b04b4771c9e7b40d268384be01ee70051e0e
1314,35472,2.6.38,qwen-plus-2025-12-01,3,"D1,B1,A,B2,C1,C2,D2",complete,True,,runs\main\saner-main-v1\service-qwen-plus\task-35472\rep-3\summary.json,f344a2b8961310609a3c49cdb549399c91aa680a7e52599aa01b1f5485ca601b,runs\main\saner-main-v1\service-qwen-plus\task-35472\rep-3\scores.json,83c1211c5d5a1103d874406b9be1b6a6bc64bba052039557594888af78e17b86
1315,106571,4.3-rc6,Qwen3-14B,1,"B2,C1,D2,A,D1,C2,B1",complete,True,,runs\main\saner-main-v1\local-qwen3-14b\task-106571\rep-1\summary.json,791fe1d6cc30f02dd109c36fb4ce2deb0c9c4935edf6a9acaffe91387b761b40,runs\main\saner-main-v1\local-qwen3-14b\task-106571\rep-1\scores.json,21fef7f05df113631b24c9bdc64a5b3bf37878c2757eceefa60df5d7b6d476a9
1316,106571,4.3-rc6,Qwen3-14B,2,"C1,B1,B2,D1,A,C2,D2",complete,True,,runs\main\saner-main-v1\local-qwen3-14b\task-106571\rep-2\summary.json,bbf84222bd8cd368a51acc936d3879b8fcec4040fbcda45a0af77510445e065c,runs\main\saner-main-v1\local-qwen3-14b\task-106571\rep-2\scores.json,81427fd154ae9081f86ac37d4887e555dd18ef0fcf8b07bc8e7a85765c2cfa30
1317,106571,4.3-rc6,Qwen3-14B,3,"A,D1,D2,B1,C1,B2,C2",complete,True,,runs\main\saner-main-v1\local-qwen3-14b\task-106571\rep-3\summary.json,7733928ded9c66983092b5230d22694ca92132a91658a9cb568d2302c1eb4c40,runs\main\saner-main-v1\local-qwen3-14b\task-106571\rep-3\scores.json,d91d87ec78bad6789c0ba1f7ffbf9858d2478b7297007bf1563056fab7936228
1318,106571,4.3-rc6,qwen-plus-2025-12-01,1,"A,C2,D1,B2,B1,C1,D2",complete,True,,runs\main\saner-main-v1\service-qwen-plus\task-106571\rep-1\summary.json,5c14ef2d5a6dfed3a0dcf3402065d60199a29b0e37bdc707bf228408e5240c70,runs\main\saner-main-v1\service-qwen-plus\task-106571\rep-1\scores.json,806d3aa65ef024beb61afc50f1d599e4b380adde993f5ed276856c2af8cc7406
1319,106571,4.3-rc6,qwen-plus-2025-12-01,2,"D2,C1,B1,A,D1,B2,C2",complete,True,,runs\main\saner-main-v1\service-qwen-plus\task-106571\rep-2\summary.json,46427155c1a0cf39aa2d975e5972d30d79db9ae917b11ecc275ebed0cf5354a2,runs\main\saner-main-v1\service-qwen-plus\task-106571\rep-2\scores.json,d6f1029650fc2034a44d90c62915c323434203a370b7a6b24faa37763faec639
1320,106571,4.3-rc6,qwen-plus-2025-12-01,3,"C1,B2,D2,D1,A,C2,B1",complete,True,,runs\main\saner-main-v1\service-qwen-plus\task-106571\rep-3\summary.json,f7ff733dac0111763754532a6a7a2a102e6f808594522b55b397f74f71b89bc6,runs\main\saner-main-v1\service-qwen-plus\task-106571\rep-3\scores.json,d698c695f6da8524506ac9637df6893c63e5dd23758f3f1c3d10424d0fc119cf
1321,14686,2.6.32,Qwen3-14B,1,"A,B1,D2,D1,C2,B2,C1",complete,True,,runs\main\saner-main-v1\local-qwen3-14b\task-14686\rep-1\summary.json,d94847e9daa59b4503b24b433a66103a4dc5a929a96eb29309fa4dd4c2824705,runs\main\saner-main-v1\local-qwen3-14b\task-14686\rep-1\scores.json,89cb2100f4ed01702ebe9ba66a2a9ff173333a1254c2bd9395c3be0a6d625624
1322,14686,2.6.32,Qwen3-14B,2,"C2,D2,B2,A,D1,C1,B1",complete,True,,runs\main\saner-main-v1\local-qwen3-14b\task-14686\rep-2\summary.json,e4ec1b91b709ae5e0c136a6fe3aa2f317a7dc119926f850b09edf0aead4df1cc,runs\main\saner-main-v1\local-qwen3-14b\task-14686\rep-2\scores.json,82abc2acf6ed5a12de7a42ac28cac6707f184f08590743ac984cdda7a472df31
1323,14686,2.6.32,Qwen3-14B,3,"A,C2,B1,D1,D2,C1,B2",complete,True,,runs\main\saner-main-v1\local-qwen3-14b\task-14686\rep-3\summary.json,841fffe4fc35f24955c3f8571f078c8db23ea179f1d1a66cdee800b2a46f050c,runs\main\saner-main-v1\local-qwen3-14b\task-14686\rep-3\scores.json,910771e33bb7d8767f742e3ee777318beffccc498b8588688438a85bb5265885
1324,14686,2.6.32,qwen-plus-2025-12-01,1,"A,C1,D1,C2,D2,B1,B2",complete,True,,runs\main\saner-main-v1\service-qwen-plus\task-14686\rep-1\summary.json,e61f8e8692ad139c59b50e0028d6cab087945035292a088d783e186e7cd14cc5,runs\main\saner-main-v1\service-qwen-plus\task-14686\rep-1\scores.json,9aa65653d26869102f04fa57f7685095a327bb3252710c4585b4d18f352be27e
1325,14686,2.6.32,qwen-plus-2025-12-01,2,"B2,C1,D2,C2,A,D1,B1",complete,True,,runs\main\saner-main-v1\service-qwen-plus\task-14686\rep-2\summary.json,86a169a414785d03b02b369361b7ddf4215db346c4eebdbfaa0a617b944fbee6,runs\main\saner-main-v1\service-qwen-plus\task-14686\rep-2\scores.json,9b3c31f2d46a99c7df0960973742571594f33ef119b6d0aacf7d12992fd99960
1326,14686,2.6.32,qwen-plus-2025-12-01,3,"D2,C1,B1,C2,A,B2,D1",complete,True,,runs\main\saner-main-v1\service-qwen-plus\task-14686\rep-3\summary.json,95e361413414a4987279bad0449c2ed3ff1ca85fd93218961dbf22283609c47e,runs\main\saner-main-v1\service-qwen-plus\task-14686\rep-3\scores.json,f002636db4f26184bc5b303cca8d97c2b0258795f51a29a5f227ce26f40604d5
1327,11141,2.6.26,Qwen3-14B,1,"B1,D2,D1,B2,C1,A,C2",complete,True,,runs\main\saner-main-v1\local-qwen3-14b\task-11141\rep-1\summary.json,e539a79cdd63cd25014bf9ea5b0bbe66bc45e7bdd668f8d638d8361b9936eb88,runs\main\saner-main-v1\local-qwen3-14b\task-11141\rep-1\scores.json,5e1607a1947964229bc0423d5a262818b8d7c1c7c9ef806e1c9678b57b7f212f
1328,11141,2.6.26,Qwen3-14B,2,"B1,C2,D1,C1,A,D2,B2",complete,True,,runs\main\saner-main-v1\local-qwen3-14b\task-11141\rep-2\summary.json,0f9787decf7f53acf83b4f854c7c4d9a51647806e1cfbb23346bc947ec138263,runs\main\saner-main-v1\local-qwen3-14b\task-11141\rep-2\scores.json,569b43fe8a70ea575a6b9b4c38c54aaf41b5c6408333dfef6be5cf9fa3ad7d93
1329,11141,2.6.26,Qwen3-14B,3,"B2,D1,D2,C1,C2,B1,A",complete,True,,runs\main\saner-main-v1\local-qwen3-14b\task-11141\rep-3\summary.json,eeb2de4daa850e0ac08b3ce3d1bcda50aafb82b872e038895563a7c6dbdae67f,runs\main\saner-main-v1\local-qwen3-14b\task-11141\rep-3\scores.json,59ced20c03a7425afd57d877257e1e03bb7ad886faf4653e979943eda9bad10d
1330,11141,2.6.26,qwen-plus-2025-12-01,1,"A,C2,D2,B2,C1,B1,D1",complete,True,,runs\main\saner-main-v1\service-qwen-plus\task-11141\rep-1\summary.json,41de39af16c447126ffbd62a9653485d7a17d4b70c95d0bae3c0676217aca010,runs\main\saner-main-v1\service-qwen-plus\task-11141\rep-1\scores.json,aec514c068f6b3a17441e7a8d92013d22ef08d1dd3ac1241126c09c381dd796f
1331,11141,2.6.26,qwen-plus-2025-12-01,2,"B1,B2,D1,C2,A,D2,C1",complete,True,,runs\main\saner-main-v1\service-qwen-plus\task-11141\rep-2\summary.json,b874c0ecc21c71b2bf7c6741e3502d0fce5583fc8e8e1d64470bae658a91869f,runs\main\saner-main-v1\service-qwen-plus\task-11141\rep-2\scores.json,df5da5fe926dac7d47d08d5632a547448eb5c897d9acf6d1a022de196e5a151f
1332,11141,2.6.26,qwen-plus-2025-12-01,3,"C1,B1,B2,D2,D1,C2,A",complete,True,,runs\main\saner-main-v1\service-qwen-plus\task-11141\rep-3\summary.json,5d80aedc951d358e5b0fbf34dd0e14810ebafe375fa89da3dd13b368b40eab1f,runs\main\saner-main-v1\service-qwen-plus\task-11141\rep-3\scores.json,450c0b6404d3b188895c1bc2bb069953d7516377445b4157ca388eee2f9cf896
1333,32592,3.2,Qwen3-14B,1,"B2,A,B1,D1,C1,C2,D2",complete,True,,runs\main\saner-main-v1\local-qwen3-14b\task-32592\rep-1\summary.json,96a85105dc23fe09e80f7532f85b43d8120650e5c2238444d926a1181512c58c,runs\main\saner-main-v1\local-qwen3-14b\task-32592\rep-1\scores.json,0d82529863548ebbe618701ccd7ce13bf4b3a9a2ed3d89c917d281eb38a907a8
1334,32592,3.2,Qwen3-14B,2,"C1,D2,A,C2,D1,B1,B2",complete,True,,runs\main\saner-main-v1\local-qwen3-14b\task-32592\rep-2\summary.json,1e913866bd0b4efe88a9c2baed8ec1a1f68463b8c69430bb3bd92ee5c19bc8db,runs\main\saner-main-v1\local-qwen3-14b\task-32592\rep-2\scores.json,a1d8ac96f678a443975914429f88dd8ec5a5c302b515f304f93a08d53b82f5d6
1335,32592,3.2,Qwen3-14B,3,"A,C2,D1,B1,B2,C1,D2",complete,True,,runs\main\saner-main-v1\local-qwen3-14b\task-32592\rep-3\summary.json,e4a86c48b526371d3d402abc6cb50c221511c929da580c14dcc7324fe8da9116,runs\main\saner-main-v1\local-qwen3-14b\task-32592\rep-3\scores.json,35cd237d0a1198d41a0de5e403e71e0e85d95c72d4da07b6c9c4a4d9fc5cb80e
1336,32592,3.2,qwen-plus-2025-12-01,1,"D1,A,B1,D2,C2,B2,C1",complete,True,,runs\main\saner-main-v1\service-qwen-plus\task-32592\rep-1\summary.json,dddedc1b5e0048c0062b8130007a950ea40445f02de5c090c0b12e4d722593b4,runs\main\saner-main-v1\service-qwen-plus\task-32592\rep-1\scores.json,cfb669f0839c03068c349409b545450bd238dd1850ecd46b521d13a318ec0f9d
1337,32592,3.2,qwen-plus-2025-12-01,2,"D2,C1,C2,D1,B2,B1,A",complete,True,,runs\main\saner-main-v1\service-qwen-plus\task-32592\rep-2\summary.json,53e0b252507b1fd0bbe66a85d2849abdf408b601a033cc265ca23c15cf799c62,runs\main\saner-main-v1\service-qwen-plus\task-32592\rep-2\scores.json,c8a2e68daff7a3562076e8bbc7adba447ccf192d0b2cc75e96b5ea6fa9d83cbd
1338,32592,3.2,qwen-plus-2025-12-01,3,"A,D2,B1,D1,C2,C1,B2",complete,True,,runs\main\saner-main-v1\service-qwen-plus\task-32592\rep-3\summary.json,4109a15c979d4a2e7e9837210a1a326ab9a133fb6527bc0b7ec8dc94ad523aef,runs\main\saner-main-v1\service-qwen-plus\task-32592\rep-3\scores.json,b357e794520b1fc0ca1770b7aec9682f73bd6479bd35c653b62a24d513b0e8f3
1339,9704,2.6.24,Qwen3-14B,1,"C2,A,C1,D1,B1,B2,D2",complete,True,,runs\main\saner-main-v1\local-qwen3-14b\task-9704\rep-1\summary.json,45cc0a4a84726eed63281e157f6a153759fabec09782c783bf34b49cf6733393,runs\main\saner-main-v1\local-qwen3-14b\task-9704\rep-1\scores.json,76772834efa53c5123dd2c24d56d5a7caa1cd23a9e5ab0afcb9e742b76a6b0b5
1340,9704,2.6.24,Qwen3-14B,2,"A,D2,B2,D1,C2,C1,B1",complete,True,,runs\main\saner-main-v1\local-qwen3-14b\task-9704\rep-2\summary.json,7b20900d7ae2886e4f2874dedb1a91a4899b59034c1bd3129540c3809063703b,runs\main\saner-main-v1\local-qwen3-14b\task-9704\rep-2\scores.json,df0c21654e1598cfd75d1e26e60e5b0c99f240754dbaf606ab1a94b5e524feb3
1341,9704,2.6.24,Qwen3-14B,3,"B1,C1,A,D1,D2,C2,B2",complete,True,,runs\main\saner-main-v1\local-qwen3-14b\task-9704\rep-3\summary.json,ca112e3e2a0110a1300d4c8e4bdb6c1a1489722a583e140c15ecac5afdf0c60d,runs\main\saner-main-v1\local-qwen3-14b\task-9704\rep-3\scores.json,dc92e16641e786c29d65e85764881eb9adab7a28f5404003d808784a0ab28163
1342,9704,2.6.24,qwen-plus-2025-12-01,1,"A,C2,B2,C1,D2,B1,D1",complete,True,,runs\main\saner-main-v1\service-qwen-plus\task-9704\rep-1\summary.json,48c9a5e5a92cf0f4e41208f099428ab257d65356b5cebf32e11b11399ea370b5,runs\main\saner-main-v1\service-qwen-plus\task-9704\rep-1\scores.json,215cfc6a7e7b2fff9abb9201f554ac88df3eff0fa737c7a6739ee2c017d8a0b5
1343,9704,2.6.24,qwen-plus-2025-12-01,2,"D1,B1,D2,C2,C1,B2,A",complete,True,,runs\main\saner-main-v1\service-qwen-plus\task-9704\rep-2\summary.json,c7eaeca2567c8ab27b8715a1ec8283af06d36c754e16daa475b84b6ab099f00e,runs\main\saner-main-v1\service-qwen-plus\task-9704\rep-2\scores.json,482684635c629721b48d89106383713aaf3105c405a5dc1ee813823ee962eb2d
1344,9704,2.6.24,qwen-plus-2025-12-01,3,"B1,D1,C1,D2,A,B2,C2",complete,True,,runs\main\saner-main-v1\service-qwen-plus\task-9704\rep-3\summary.json,3d25469fe1a38232893360c703807dfbf7c0225aef9e639e0059d4a329adf18a,runs\main\saner-main-v1\service-qwen-plus\task-9704\rep-3\scores.json,667ede30d2e98c8201de4250d519dfb949cc43fff79bb8ae414e4178c2501e35
1345,15407,2.6.32,Qwen3-14B,1,"B1,A,B2,D1,C1,D2,C2",complete,True,,runs\main\saner-main-v1\local-qwen3-14b\task-15407\rep-1\summary.json,00b8f7e15491bb011c84d56b2c09b738827697fe7d839296844b024bf6c92280,runs\main\saner-main-v1\local-qwen3-14b\task-15407\rep-1\scores.json,5fff73ed7586ccf86ec26150f4224fd0dc85271ed726d852f03ca0d96d534a94
1346,15407,2.6.32,Qwen3-14B,2,"A,D2,C2,C1,D1,B2,B1",complete,True,,runs\main\saner-main-v1\local-qwen3-14b\task-15407\rep-2\summary.json,29c9c975309b2ee7ff1ad938a9e90347f1d39ef047609b84cfb973a280233902,runs\main\saner-main-v1\local-qwen3-14b\task-15407\rep-2\scores.json,a60aa102dc9fca4733b9827657b6d057a12e84e6aaef6ac2e1fb73a90c7e0ff3
1347,15407,2.6.32,Qwen3-14B,3,"B2,C1,B1,D2,A,D1,C2",complete,True,,runs\main\saner-main-v1\local-qwen3-14b\task-15407\rep-3\summary.json,0b73df4c42659ac36579d292050fbebf1dc45ab8f2eb84241d7bbd793aa60213,runs\main\saner-main-v1\local-qwen3-14b\task-15407\rep-3\scores.json,e7d42e524f1e9b1a8f396f7e207c622eb4b5886de989fe3f9eb25cad26ff6c40
1348,15407,2.6.32,qwen-plus-2025-12-01,1,"C2,C1,B1,D1,D2,B2,A",complete,True,,runs\main\saner-main-v1\service-qwen-plus\task-15407\rep-1\summary.json,2d72e4ff199cf4e8ed94429d7bc46b53a01845323398392f8e6e33beec9e108d,runs\main\saner-main-v1\service-qwen-plus\task-15407\rep-1\scores.json,4ae2fb4d4674f712b52fe37b08e88393fc8ffcc417196d008782ffcb6a418841
1349,15407,2.6.32,qwen-plus-2025-12-01,2,"B2,A,B1,C1,C2,D1,D2",complete,True,,runs\main\saner-main-v1\service-qwen-plus\task-15407\rep-2\summary.json,67da4afb1ea9281f751feb69dde019e47c7e5a34ed23db522546f035cdaea2c5,runs\main\saner-main-v1\service-qwen-plus\task-15407\rep-2\scores.json,92969f1e36b60a7125c15b798e5b419a969890dd29da51a9e5f91e550330c387
1350,15407,2.6.32,qwen-plus-2025-12-01,3,"D1,C1,A,B1,B2,C2,D2",complete,True,,runs\main\saner-main-v1\service-qwen-plus\task-15407\rep-3\summary.json,aead845f1703edf104deb709c00bcc1e75ef501e7edb650dea7e3f4318452ec6,runs\main\saner-main-v1\service-qwen-plus\task-15407\rep-3\scores.json,929d719ccd045c556d59f7a4536a6580bbe9a1aca4149f9736f8df6f765af851
1351,1321,2.6.0,Qwen3-14B,1,"B1,C1,B2,D1,A,C2,D2",complete,True,,runs\main\saner-main-v1\local-qwen3-14b\task-1321\rep-1\summary.json,1336b427f182f783415e19f6bb268556693a84a54e1e6fac9da9f31222376329,runs\main\saner-main-v1\local-qwen3-14b\task-1321\rep-1\scores.json,99ee363050272f5d4fb3a71a380e2420dc7ebc8aeea7eec7c6b04c4a901828a0
1352,1321,2.6.0,Qwen3-14B,2,"B2,D1,A,B1,D2,C1,C2",complete,True,,runs\main\saner-main-v1\local-qwen3-14b\task-1321\rep-2\summary.json,1a17ea342e54d56a7e29988d4d2c078afbe0fe3893f8bd945c293408cf304c23,runs\main\saner-main-v1\local-qwen3-14b\task-1321\rep-2\scores.json,ac6e22201a2285e06de29d74c276721fe9a6f77f9b09a26193c32d49d055c554
1353,1321,2.6.0,Qwen3-14B,3,"A,B2,C1,D1,D2,C2,B1",complete,True,,runs\main\saner-main-v1\local-qwen3-14b\task-1321\rep-3\summary.json,d43fbd55af28ea17660e95fc267aeb111bc1038762618ba4e3733bccd3404501,runs\main\saner-main-v1\local-qwen3-14b\task-1321\rep-3\scores.json,25d1b20ffb3f3f6f1be2797e4d3f62ae0590cbd156e56955c4f1adfa6775e84f
1354,1321,2.6.0,qwen-plus-2025-12-01,1,"D2,B1,D1,C1,B2,A,C2",complete,True,,runs\main\saner-main-v1\service-qwen-plus\task-1321\rep-1\summary.json,aed366afccc60127987f8217bfeb7c6feb9e3281e0a27784d6720574eec34bb5,runs\main\saner-main-v1\service-qwen-plus\task-1321\rep-1\scores.json,0691bb8af1b01e32a6f74d3319184cf7d8e69ae049d923d4afaf7d4e29222d24
1355,1321,2.6.0,qwen-plus-2025-12-01,2,"A,B2,D2,D1,C1,C2,B1",complete,True,,runs\main\saner-main-v1\service-qwen-plus\task-1321\rep-2\summary.json,2dc2e55810a175f802c20c495862d0fa67b71306873296c1a17aded68ef44765,runs\main\saner-main-v1\service-qwen-plus\task-1321\rep-2\scores.json,a9349911f7cb777a5089d7c086894e3a430b0f8c98a439511a1e83e7d9020334
1356,1321,2.6.0,qwen-plus-2025-12-01,3,"C1,A,B1,B2,D1,D2,C2",complete,True,,runs\main\saner-main-v1\service-qwen-plus\task-1321\rep-3\summary.json,484f854b26e513041c397e5240893205c2db7829d74fa7f9e41822ea7a0184f7,runs\main\saner-main-v1\service-qwen-plus\task-1321\rep-3\scores.json,dbc1e996110e3df8680bedd7ddd4c3fc8e0e49b03d5bc5b2db7dd473a9101919
1357,4351,2.6.9,Qwen3-14B,1,"D1,A,B1,C2,C1,B2,D2",complete,True,,runs\main\saner-main-v1\local-qwen3-14b\task-4351\rep-1\summary.json,5c14698e03d5700d3da3aefca4e894e26d136b7e76dfa3b3b126db61edcf0b4f,runs\main\saner-main-v1\local-qwen3-14b\task-4351\rep-1\scores.json,2cfff52bd6695a08c8edc768f277c44e39d6a7cae2fdef71bcefc9f1c7922981
1358,4351,2.6.9,Qwen3-14B,2,"C1,D1,B1,C2,B2,D2,A",complete,True,,runs\main\saner-main-v1\local-qwen3-14b\task-4351\rep-2\summary.json,bf52be1483406f18b016c8cae4d9eb2f3862fcb58558c3412c4ab302e772ee75,runs\main\saner-main-v1\local-qwen3-14b\task-4351\rep-2\scores.json,217efb02d5566e28c756afe99e076641027d3bf2caf4ed131ff129048a9d09a8
1359,4351,2.6.9,Qwen3-14B,3,"A,C2,B1,B2,D2,D1,C1",complete,True,,runs\main\saner-main-v1\local-qwen3-14b\task-4351\rep-3\summary.json,c4f472066c01294e97f258298442c047b40df5bd2efc64579678b172b836b965,runs\main\saner-main-v1\local-qwen3-14b\task-4351\rep-3\scores.json,40546182746ba5cee85e1f6e3da66f8f376b3fd6972552cc8e054b1f78f04896
1360,4351,2.6.9,qwen-plus-2025-12-01,1,"B2,D2,C1,A,C2,D1,B1",complete,True,,runs\main\saner-main-v1\service-qwen-plus\task-4351\rep-1\summary.json,a47363a66550a7755531ae0d6447bc3215da12ec352289876755e9e7a1f62d8d,runs\main\saner-main-v1\service-qwen-plus\task-4351\rep-1\scores.json,cac5cb6001afd45bca23989de107c792cd0a7c6d2ec0ea7283aae3b24af67880
1361,4351,2.6.9,qwen-plus-2025-12-01,2,"D2,B1,C2,B2,C1,D1,A",complete,True,,runs\main\saner-main-v1\service-qwen-plus\task-4351\rep-2\summary.json,ece07726eeece23251fa745941222e5188ccf33a6f9849068ea92a710588060e,runs\main\saner-main-v1\service-qwen-plus\task-4351\rep-2\scores.json,bd28b93701a5c2c2c2241011345d53a1c19cee4a829aedc07213f6a6d3a008be
1362,4351,2.6.9,qwen-plus-2025-12-01,3,"C1,D1,C2,A,D2,B1,B2",complete,True,,runs\main\saner-main-v1\service-qwen-plus\task-4351\rep-3\summary.json,1d511ab3cc443735e10d939e7457aac105327d79f1e22dd2d22fbf106165be4a,runs\main\saner-main-v1\service-qwen-plus\task-4351\rep-3\scores.json,471423fefd64185dc11f7754967091aabc9d251e453567710d40de30265b2860
1363,11879,2.6.27,Qwen3-14B,1,"D2,C2,C1,A,D1,B1,B2",complete,True,,runs\main\saner-main-v1\local-qwen3-14b\task-11879\rep-1\summary.json,8a093195c6de5d08dcb672cddb1cfb003ed6b0509f4945ba9b1c11d267f77830,runs\main\saner-main-v1\local-qwen3-14b\task-11879\rep-1\scores.json,8de80a18452b9de63621707a8de449950d3620a1dbb0f32595fc3f0cf5443108
1364,11879,2.6.27,Qwen3-14B,2,"C1,B1,D2,D1,B2,A,C2",complete,True,,runs\main\saner-main-v1\local-qwen3-14b\task-11879\rep-2\summary.json,1d9b665f8c77a72c54db80aa0e6bbfbadf09056c9edfde9df077a45b72469019,runs\main\saner-main-v1\local-qwen3-14b\task-11879\rep-2\scores.json,7f6a5068d06873d2050c0aa433bd13c64daa1fa71a5567dc2768d3a565b69125
1365,11879,2.6.27,Qwen3-14B,3,"D1,B2,B1,C2,C1,D2,A",complete,True,,runs\main\saner-main-v1\local-qwen3-14b\task-11879\rep-3\summary.json,d244cde89c59786308babe959a48d8c50aad2449fc4bbeccc198318c289a70ca,runs\main\saner-main-v1\local-qwen3-14b\task-11879\rep-3\scores.json,fe87834beafb8e6e9a192c202e6df770bb00be8a9e0bb60cc922996446dc5e71
1366,11879,2.6.27,qwen-plus-2025-12-01,1,"C1,D1,D2,C2,B2,B1,A",complete,True,,runs\main\saner-main-v1\service-qwen-plus\task-11879\rep-1\summary.json,0dbbb25f2973f832db02322605eac6f80d1d9f8619104893a3e17c30e8eed965,runs\main\saner-main-v1\service-qwen-plus\task-11879\rep-1\scores.json,e439b68281f6b2d4fe74ce85f8ffcc06889ecd593eacbb0ae7e0e24af1442f2a
1367,11879,2.6.27,qwen-plus-2025-12-01,2,"C2,B1,A,D2,C1,D1,B2",complete,True,,runs\main\saner-main-v1\service-qwen-plus\task-11879\rep-2\summary.json,40daeebeeed0df9543824e0ec598e7f1e9e8c61e84a8490100407a15bd036b63,runs\main\saner-main-v1\service-qwen-plus\task-11879\rep-2\scores.json,3115452540faba3df096d8ddbd46f601e495a3d005c6da14b7b97ac575ab4d61
1368,11879,2.6.27,qwen-plus-2025-12-01,3,"D1,A,D2,B1,C2,B2,C1",complete,True,,runs\main\saner-main-v1\service-qwen-plus\task-11879\rep-3\summary.json,24b7ab868c3a11bc35256a17567fc44b7b4fe013f92eb371f9529897e6d6b9f4,runs\main\saner-main-v1\service-qwen-plus\task-11879\rep-3\scores.json,8fac05a0b1a724307186b8912a72c0dae3f12a704b5ce35ee20d79ed105e9705
1369,195651,4.11,Qwen3-14B,1,"B2,D1,D2,B1,A,C1,C2",complete,True,,runs\main\saner-main-v1\local-qwen3-14b\task-195651\rep-1\summary.json,fcce02423a31b979bb8060f00a90ba2dace4964ffff94e474e247b3341d0b12d,runs\main\saner-main-v1\local-qwen3-14b\task-195651\rep-1\scores.json,fe461e24237a427d808e329b2a89592e916e6bf730d9eff35cf577a30d0a791e
1370,195651,4.11,Qwen3-14B,2,"B2,A,B1,D1,C2,C1,D2",complete,True,,runs\main\saner-main-v1\local-qwen3-14b\task-195651\rep-2\summary.json,90cf5c8193ee97e64135371df34e522567347ca1a0f4764d20c908ff7434f1fe,runs\main\saner-main-v1\local-qwen3-14b\task-195651\rep-2\scores.json,1a58979fa7e2d261dde381b3eeeec19df2a2406f52e107bf7b0e4045d873f922
1371,195651,4.11,Qwen3-14B,3,"D2,C1,D1,C2,A,B2,B1",complete,True,,runs\main\saner-main-v1\local-qwen3-14b\task-195651\rep-3\summary.json,78b22bcb546f3f2fe9a8e7947a41619b4732f39c4c286065e61402b1781a3c9b,runs\main\saner-main-v1\local-qwen3-14b\task-195651\rep-3\scores.json,9b2a0309484ce4d92d48f926ceff25ac5bc11293955d8f5514bbf738e74154d4
1372,195651,4.11,qwen-plus-2025-12-01,1,"D1,B1,D2,B2,C1,C2,A",complete,True,,runs\main\saner-main-v1\service-qwen-plus\task-195651\rep-1\summary.json,d5b8dc4650e05831e0e86a07de8f155841448a6993104bad18ede9dceada7328,runs\main\saner-main-v1\service-qwen-plus\task-195651\rep-1\scores.json,1a291910943a578723fcf097027dfcbfa7927a014edee8a5fb2f664d424bd97c
1373,195651,4.11,qwen-plus-2025-12-01,2,"C1,D1,B2,C2,B1,D2,A",complete,True,,runs\main\saner-main-v1\service-qwen-plus\task-195651\rep-2\summary.json,fbb2ee0337fd37ea25800a7fb443514d5072ef9939ef3dc343646cbee8280e24,runs\main\saner-main-v1\service-qwen-plus\task-195651\rep-2\scores.json,3f3f7123dd8b298236b2dad5e2d04babfbffb7c9243b34e702a7180059ca7cf7
1374,195651,4.11,qwen-plus-2025-12-01,3,"B2,C2,C1,A,D2,D1,B1",complete,True,,runs\main\saner-main-v1\service-qwen-plus\task-195651\rep-3\summary.json,35a1527de0db0b92714fa1b147af77fe5d1141ed7bb6de94cab005155e3950ae,runs\main\saner-main-v1\service-qwen-plus\task-195651\rep-3\scores.json,753603a6381aa9c1086df0b6229f447a4f2f4643edab1714e77b23435c379b2e
1375,5105,2.6.12,Qwen3-14B,1,"D1,B1,A,C1,C2,D2,B2",complete,True,,runs\main\saner-main-v1\local-qwen3-14b\task-5105\rep-1\summary.json,2808ae85ddb2218114435f16c00ad7a70fbd86d7bd1fae87400a9a8b3291c707,runs\main\saner-main-v1\local-qwen3-14b\task-5105\rep-1\scores.json,a68574210c8f9b10412c67e5bdf74c99ebdc5cf1236dfd62bbb133e97ed0bb7a
1376,5105,2.6.12,Qwen3-14B,2,"B1,C2,A,D1,B2,C1,D2",complete,True,,runs\main\saner-main-v1\local-qwen3-14b\task-5105\rep-2\summary.json,eaac5d9683c17a6d610b95643e40f556f6559e93ba02acf11315ebac57541358,runs\main\saner-main-v1\local-qwen3-14b\task-5105\rep-2\scores.json,a58810e3734d81a547c69e38b25733eb614ab96bb8b8e70b3fb191f9f5664483
1377,5105,2.6.12,Qwen3-14B,3,"A,B1,D2,B2,C2,C1,D1",complete,True,,runs\main\saner-main-v1\local-qwen3-14b\task-5105\rep-3\summary.json,965ce4c6042a39cc0e0d684785650bc202f0d2ed7cb16308397de8e64464ba31,runs\main\saner-main-v1\local-qwen3-14b\task-5105\rep-3\scores.json,b6de54b1417766ff007eae58e784918cb2f7e29a35920f1fe4d3e4463d5da4ed
1378,5105,2.6.12,qwen-plus-2025-12-01,1,"B2,D2,B1,C1,C2,D1,A",complete,True,,runs\main\saner-main-v1\service-qwen-plus\task-5105\rep-1\summary.json,d2522d15e1a95af72a8891db5367bb781767680dac5f6b6587a2b2519fbe8ffb,runs\main\saner-main-v1\service-qwen-plus\task-5105\rep-1\scores.json,79739ca9ecca72fd35f77f9951ae9b01182d012480fc04b15800981be8ed6521
1379,5105,2.6.12,qwen-plus-2025-12-01,2,"D1,B1,A,C2,D2,B2,C1",complete,True,,runs\main\saner-main-v1\service-qwen-plus\task-5105\rep-2\summary.json,78664f7836917fef9f3436680c5c170357135d152a134f88618e98fab42bb636,runs\main\saner-main-v1\service-qwen-plus\task-5105\rep-2\scores.json,9a187b35e044fc86be46a5591f331a89ec553f532ece94ded5af6627d38caa84
1380,5105,2.6.12,qwen-plus-2025-12-01,3,"D1,D2,B2,C2,B1,A,C1",complete,True,,runs\main\saner-main-v1\service-qwen-plus\task-5105\rep-3\summary.json,4a35e56691944ca13e5224f2d0e4492e1e2146212e8323e139cfad0e16c47aab,runs\main\saner-main-v1\service-qwen-plus\task-5105\rep-3\scores.json,a922b20150d2c8d173f941a370f94ac2baac9190ddd6ed86962ebb1648b1fea9
